timestamp,event,char_type,score,hp,mana,player_x,player_y,enemy_x,enemy_y,enemy_dist,item_type,survival_time
1.03,position,Rabbit,0,200,75,390,270,73.6,57.0,381.4,,1.03
2.03,position,Rabbit,0,200,75,390,306,114.2,86.1,352.8,,2.03
3.02,position,Rabbit,0,200,75,345,312,119.3,145.7,280.3,,3.02
4.02,position,Rabbit,0,200,75,363,384,143.8,194.7,289.6,,4.02
5.0,position,Rabbit,0,200,75,315,420,197.7,214.1,237.0,,5.0
5.99,position,Rabbit,0,200,75,330,486,208.5,272.6,245.6,,5.99
6.37,item_collect,Rabbit,0,200,75,333,486,209.3,295.6,227.1,clock.png,6.37
6.99,position,Rabbit,0,200,75,423,462,209.8,332.6,249.4,,6.99
7.98,position,Rabbit,0,200,75,393,234,255.2,356.4,184.4,,7.98
8.34,item_collect,Rabbit,0,200,75,381,204,263.7,336.4,176.9,heal.png,8.34
8.97,position,Rabbit,0,200,75,381,204,268.4,298.8,147.2,,8.97
9.67,item_collect,Rabbit,0,200,75,402,261,271.5,285.7,132.8,clock.png,9.67
9.97,position,Rabbit,0,200,75,426,261,288.0,292.7,141.6,,9.97
10.96,position,Rabbit,0,200,75,432,333,347.5,299.1,91.0,,10.96
10.96,enemy_proximity,Rabbit,0,200,75,432,333,347.5,299.1,91.0,,10.96
11.95,position,Rabbit,0,200,75,546,300,405.9,302.6,140.2,,11.95
12.31,item_collect,Rabbit,0,200,75,588,294,420.1,317.6,169.5,wall.png,12.31
12.74,item_collect,Rabbit,0,200,75,591,258,444.8,325.1,160.9,heal.png,12.74
12.93,position,Rabbit,0,200,75,591,222,455.7,326.6,171.0,,12.93
13.2,item_collect,Rabbit,0,200,75,591,174,455.7,326.6,204.0,wall.png,13.2
13.4,item_collect,Rabbit,0,200,75,591,138,464.6,327.9,228.1,shield.png,13.4
13.93,position,Rabbit,0,200,75,591,120,465.1,327.0,242.3,,13.93
14.92,position,Rabbit,0,200,75,565,91,477.5,284.3,212.2,,14.92
15.36,item_collect,Rabbit,1,200,75,565,109,497.5,269.1,173.8,star.png,15.36
15.91,position,Rabbit,1,200,75,565,118,519.2,247.8,137.7,,15.91
15.98,item_collect,Rabbit,1,200,75,565,124,522.9,246.4,129.5,shield.png,15.98
16.9,position,Rabbit,1,200,75,559,121,563.9,220.0,99.1,,16.9
16.9,enemy_proximity,Rabbit,1,200,75,559,121,563.9,220.0,99.1,,16.9
17.9,position,Rabbit,1,200,75,505,85,566.6,162.1,98.7,,17.9
17.9,enemy_proximity,Rabbit,1,200,75,505,85,566.6,162.1,98.7,,17.9
18.9,position,Rabbit,1,200,75,418,127,517.5,138.0,100.1,,18.9
19.89,position,Rabbit,1,200,75,355,124,488.4,95.1,136.5,,19.89
19.94,item_collect,Rabbit,1,200,75,355,115,485.4,94.7,132.0,trap.png,19.94
20.88,position,Rabbit,1,200,75,295,55,462.8,91.8,171.8,,20.88
20.88,item_collect,Rabbit,1,200,75,295,55,462.8,91.8,171.8,trap.png,20.88
21.87,position,Rabbit,1,200,75,172,25,438.9,90.8,274.8,,21.87
22.87,position,Rabbit,1,200,75,133,67,423.9,105.7,293.5,,22.87
23.85,position,Rabbit,1,200,75,121,157,370.4,111.0,253.6,,23.85
24.85,position,Rabbit,1,200,75,157,217,316.6,91.9,202.8,,24.85
25.32,item_collect,Rabbit,2,200,75,214,217,297.4,108.5,136.9,star.png,25.32
25.62,item_collect,Rabbit,3,200,75,235,205,280.6,114.7,101.2,star.png,25.62
25.85,position,Rabbit,3,200,75,235,181,266.7,116.5,71.9,,25.85
25.85,enemy_proximity,Rabbit,3,200,75,235,181,266.7,116.5,71.9,,25.85
26.84,position,Rabbit,3,200,75,205,229,216.9,134.9,94.8,,26.84
26.84,enemy_proximity,Rabbit,3,200,75,205,229,216.9,134.9,94.8,,26.84
27.17,item_collect,Rabbit,3,200,75,205,289,213.8,154.7,134.6,shield.png,27.17
27.26,item_collect,Rabbit,4,200,75,205,304,213.1,159.6,144.6,star.png,27.26
27.84,position,Rabbit,4,200,75,205,388,210.8,194.5,193.6,,27.84
28.83,position,Rabbit,4,200,75,175,397,210.1,254.5,146.7,,28.83
29.74,item_collect,Rabbit,4,200,75,184,532,210.0,309.5,224.0,wall.png,29.74
29.82,position,Rabbit,4,200,75,199,547,210.0,314.5,232.7,,29.82
30.81,position,Rabbit,4,200,75,250,445,217.9,357.9,92.8,,30.81
30.81,enemy_proximity,Rabbit,4,200,75,250,445,217.9,357.9,92.8,,30.81
31.8,position,Rabbit,4,200,75,340,415,267.4,376.3,82.2,,31.8
31.8,enemy_proximity,Rabbit,4,200,75,340,415,267.4,376.3,82.2,,31.8
32.66,item_collect,Rabbit,4,200,75,355,310,303.3,408.7,111.4,clock.png,32.66
32.79,position,Rabbit,4,200,75,307,298,302.0,402.8,105.0,,32.79
32.97,item_collect,Rabbit,4,200,75,265,292,291.8,398.7,110.1,clock.png,32.97
32.97,item_collect,Rabbit,5,200,75,265,292,291.8,398.7,110.1,star.png,32.97
33.78,position,Rabbit,5,200,75,307,232,273.3,357.0,129.5,,33.78
34.11,item_collect,Rabbit,5,200,75,307,112,271.4,337.1,227.9,trap.png,34.11
34.78,position,Rabbit,5,200,75,307,52,270.8,321.1,271.6,,34.78
35.77,position,Rabbit,5,200,75,307,103,270.3,297.1,197.6,,35.77
36.76,position,Rabbit,5,200,75,307,202,273.7,251.5,59.7,,36.76
36.76,enemy_proximity,Rabbit,5,200,75,307,202,273.7,251.5,59.7,,36.76
37.04,damage,Rabbit,5,175,75,307,223,286.6,242.1,27.9,,37.04
37.75,position,Rabbit,5,175,75,307,163,286.6,242.1,81.7,,37.75
37.75,enemy_proximity,Rabbit,5,175,75,307,163,286.6,242.1,81.7,,37.75
38.63,item_collect,Rabbit,6,175,75,265,145,286.6,242.1,99.5,star.png,38.63
38.74,position,Rabbit,6,175,75,265,124,286.6,242.1,120.1,,38.74
39.74,position,Rabbit,6,175,75,205,115,255.0,238.7,133.4,,39.74
40.73,position,Rabbit,6,176,75,205,67,214.5,213.3,146.6,,40.73
41.72,position,Rabbit,6,177,75,256,25,210.4,153.5,136.3,,41.72
42.71,position,Rabbit,6,178,75,307,73,230.8,117.6,88.2,,42.71
42.71,enemy_proximity,Rabbit,6,178,75,307,73,230.8,117.6,88.2,,42.71
43.69,position,Rabbit,6,179,75,226,25,270.8,119.7,104.8,,43.69
44.68,position,Rabbit,6,180,75,109,67,210.8,120.0,114.7,,44.68
45.67,position,Rabbit,6,181,75,142,67,150.8,120.0,53.7,,45.67
45.67,enemy_proximity,Rabbit,6,181,75,142,67,150.8,120.0,53.7,,45.67
46.67,position,Rabbit,6,182,75,208,25,122.7,78.9,100.9,,46.67
47.66,position,Rabbit,6,183,75,307,85,158.4,38.3,155.8,,47.66
48.65,position,Rabbit,6,184,75,307,199,203.1,53.2,179.1,,48.65
49.64,position,Rabbit,6,185,75,343,205,216.2,108.3,159.5,,49.64
50.64,position,Rabbit,6,186,75,373,265,263.8,135.0,169.8,,50.64
50.65,item_collect,Rabbit,6,186,75,370,265,264.7,135.4,167.0,clock.png,50.65
51.63,position,Rabbit,6,187,75,358,427,295.5,179.4,255.4,,51.63
52.62,position,Rabbit,6,188,75,334,451,286.0,231.3,224.9,,52.62
53.16,item_collect,Rabbit,6,189,75,346,487,274.7,261.3,236.6,shield.png,53.16
53.61,position,Rabbit,6,189,75,427,487,271.8,288.2,252.2,,53.61
54.6,position,Rabbit,6,190,75,487,421,313.8,301.0,210.7,,54.6
55.58,position,Rabbit,6,191,75,598,364,373.8,300.1,233.1,,55.58
55.62,item_collect,Rabbit,6,191,75,604,364,375.8,300.1,237.0,trap.png,55.62
55.88,item_collect,Rabbit,7,192,75,652,364,382.2,300.1,277.3,star.png,55.88
56.58,position,Rabbit,7,192,75,688,325,399.0,300.0,290.1,,56.58
57.57,position,Rabbit,7,193,75,691,265,411.3,296.8,281.5,,57.57
58.56,position,Rabbit,7,194,75,655,202,458.9,272.9,208.5,,58.56
59.55,position,Rabbit,7,195,75,619,145,507.9,251.9,154.2,,59.55
60.54,position,Rabbit,7,196,75,637,169,559.8,231.1,99.1,,60.54
60.54,enemy_proximity,Rabbit,7,196,75,637,169,559.8,231.1,99.1,,60.54
61.54,position,Rabbit,7,197,75,637,61,568.9,172.3,130.5,,61.54
62.53,position,Rabbit,7,198,75,505,25,569.9,112.3,108.8,,62.53
63.52,position,Rabbit,7,199,75,538,25,519.3,110.3,87.4,,63.52
63.52,enemy_proximity,Rabbit,7,199,75,538,25,519.3,110.3,87.4,,63.52
64.52,position,Rabbit,7,200,75,571,25,562.1,102.7,78.2,,64.52
64.52,enemy_proximity,Rabbit,7,200,75,571,25,562.1,102.7,78.2,,64.52
65.51,position,Rabbit,7,200,75,475,76,569.3,43.2,99.8,,65.51
65.51,enemy_proximity,Rabbit,7,200,75,475,76,569.3,43.2,99.8,,65.51
66.5,position,Rabbit,7,200,75,517,106,511.1,31.3,74.9,,66.5
66.5,enemy_proximity,Rabbit,7,200,75,517,106,511.1,31.3,74.9,,66.5
66.5,item_collect,Rabbit,7,200,75,517,106,511.1,31.3,74.9,shield.png,66.5
67.49,position,Rabbit,7,200,75,565,142,482.9,71.0,108.6,,67.49
67.56,item_collect,Rabbit,7,200,75,565,154,482.3,74.9,114.4,wall.png,67.56
68.49,position,Rabbit,7,200,75,565,322,504.4,108.8,221.7,,68.49
69.48,position,Rabbit,7,200,75,541,367,488.7,156.4,217.0,,69.48
70.47,position,Rabbit,7,200,75,571,397,496.8,207.8,203.2,,70.47
71.13,item_collect,Rabbit,7,200,75,553,457,506.7,246.2,215.8,heal.png,71.13
71.13,item_collect,Rabbit,8,200,75,553,457,506.7,246.2,215.8,star.png,71.13
71.47,position,Rabbit,8,200,75,535,463,497.4,260.1,206.4,,71.47
72.46,position,Rabbit,8,200,75,535,526,481.9,316.4,216.2,,72.46
73.44,position,Rabbit,8,200,75,463,541,480.2,376.4,165.5,,73.44
74.44,position,Rabbit,8,200,75,400,475,478.3,435.3,87.8,,74.44
74.44,enemy_proximity,Rabbit,8,200,75,400,475,478.3,435.3,87.8,,74.44
75.43,position,Rabbit,8,200,75,328,415,427.9,436.2,102.1,,75.43
76.26,item_collect,Rabbit,8,200,75,355,325,406.5,397.1,88.6,clock.png,76.26
76.42,position,Rabbit,8,200,75,325,325,396.8,395.0,100.2,,76.42
76.56,item_collect,Rabbit,8,200,75,325,307,388.8,393.9,107.8,clock.png,76.56
77.41,position,Rabbit,8,200,75,265,235,363.6,356.7,156.7,,77.41
78.12,item_collect,Rabbit,9,200,75,232.6,194.2,340.0,326.5,170.4,star.png,78.12
78.4,position,Rabbit,9,200,75,232.6,175.0,332.3,312.4,169.7,,78.4
79.4,position,Rabbit,9,200,75,205.6,31.0,279.8,292.5,271.8,,79.4
80.14,item_collect,Rabbit,10,200,75,307.6,40.0,276.3,251.4,213.7,star.png,80.14
80.39,position,Rabbit,10,200,75,307.6,85.0,288.0,239.5,155.8,,80.39
81.38,position,Rabbit,10,200,75,307.6,76.0,299.3,169.1,93.4,,81.38
81.38,enemy_proximity,Rabbit,10,200,75,307.6,76.0,299.3,169.1,93.4,,81.38
82.37,position,Rabbit,10,200,75,367.6,58.0,305.5,100.7,75.4,,82.37
82.37,enemy_proximity,Rabbit,10,200,75,367.6,58.0,305.5,100.7,75.4,,82.37
83.37,position,Rabbit,10,200,75,427.6,61.0,355.2,63.0,72.4,,83.37
83.37,enemy_proximity,Rabbit,10,200,75,427.6,61.0,355.2,63.0,72.4,,83.37
84.36,position,Rabbit,10,200,75,511.6,85.0,406.3,35.2,116.5,,84.36
85.36,position,Rabbit,10,200,75,565.6,103.0,446.2,84.4,120.8,,85.36
85.45,item_collect,Rabbit,11,200,75,565.6,85.0,453.3,85.6,112.3,star.png,85.45
85.8,item_collect,Rabbit,11,200,75,574.6,25.0,471.4,75.9,115.1,wall.png,85.8
86.34,position,Rabbit,11,200,75,637.6,64.0,483.3,40.8,156.0,,86.34
87.33,position,Rabbit,11,200,75,649.6,187.0,554.1,30.8,183.1,,87.33
88.32,position,Rabbit,11,200,75,661.6,196.0,568.8,100.3,133.3,,88.32
89.31,position,Rabbit,11,200,75,628.6,304.0,569.9,172.3,144.2,,89.31
90.3,position,Rabbit,11,200,75,535.6,358.0,585.9,234.8,133.1,,90.3
91.29,position,Rabbit,11,200,75,661.6,400.0,579.7,293.3,134.5,,91.29
91.59,item_collect,Rabbit,11,200,75,661.6,454.0,558.4,296.9,188.0,wall.png,91.59
92.28,position,Rabbit,11,200,75,577.6,505.0,545.9,319.0,188.6,,92.28
93.26,item_collect,Rabbit,11,200,75,475.6,547.0,493.8,330.1,217.6,clock.png,93.26
93.28,position,Rabbit,11,200,75,469.6,547.0,493.3,331.2,217.1,,93.28
94.27,position,Rabbit,11,200,75,415.6,451.0,430.1,338.3,113.6,,94.27
95.27,position,Rabbit,11,200,75,487.6,547.0,420.7,409.2,153.1,,95.27
96.26,position,Rabbit,11,200,75,487.6,517.0,440.9,454.2,78.2,,96.26
96.26,enemy_proximity,Rabbit,11,200,75,487.6,517.0,440.9,454.2,78.2,,96.26
96.81,item_collect,Rabbit,11,200,75,526.6,517.0,471.8,465.5,75.2,wall.png,96.81
97.26,position,Rabbit,11,200,75,562.6,556.0,475.9,487.9,110.2,,97.26
98.24,position,Rabbit,11,200,75,652.6,475.0,510.1,505.4,145.7,,98.24
99.23,position,Rabbit,11,200,75,661.6,379.0,538.3,452.6,143.6,,99.23
100.22,position,Rabbit,11,200,75,667.6,325.0,565.8,392.7,122.3,,100.22
101.21,position,Rabbit,11,200,75,694.6,265.0,619.2,362.0,122.8,,101.21
101.42,item_collect,Rabbit,11,200,75,655.6,265.0,634.8,361.2,98.5,wall.png,101.42
102.21,position,Rabbit,11,200,75,523.6,244.0,609.6,360.3,144.7,,102.21
103.19,position,Rabbit,11,200,75,523.6,205.0,546.9,345.8,142.7,,103.19
104.19,position,Rabbit,11,200,75,523.6,205.0,487.5,317.3,118.0,,104.19
105.18,position,Rabbit,11,200,75,523.6,205.0,503.5,255.9,54.7,,105.18
105.18,enemy_proximity,Rabbit,11,200,75,523.6,205.0,503.5,255.9,54.7,,105.18
105.58,damage,Rabbit,11,150,75,523.6,205.0,507.8,227.5,27.5,,105.58
106.17,position,Rabbit,11,150,75,523.6,205.0,508.2,223.9,24.4,,106.17
106.17,enemy_proximity,Rabbit,11,150,75,523.6,205.0,508.2,223.9,24.4,,106.17
107.16,position,Rabbit,11,150,75,523.6,205.0,508.2,223.9,24.4,,107.16
107.16,enemy_proximity,Rabbit,11,150,75,523.6,205.0,508.2,223.9,24.4,,107.16
107.55,damage,Rabbit,11,100,75,523.6,205.0,508.2,223.9,24.4,,107.55
108.15,position,Rabbit,11,100,75,523.6,205.0,508.2,223.9,24.4,,108.15
108.15,enemy_proximity,Rabbit,11,100,75,523.6,205.0,508.2,223.9,24.4,,108.15
109.15,position,Rabbit,11,100,75,523.6,205.0,508.2,223.9,24.4,,109.15
109.15,enemy_proximity,Rabbit,11,100,75,523.6,205.0,508.2,223.9,24.4,,109.15
109.55,damage,Rabbit,11,50,75,523.6,205.0,508.2,223.9,24.4,,109.55
110.15,position,Rabbit,11,50,75,523.6,205.0,508.2,223.9,24.4,,110.15
110.15,enemy_proximity,Rabbit,11,50,75,523.6,205.0,508.2,223.9,24.4,,110.15
111.14,position,Rabbit,11,50,75,523.6,205.0,508.2,223.9,24.4,,111.14
111.14,enemy_proximity,Rabbit,11,50,75,523.6,205.0,508.2,223.9,24.4,,111.14
111.53,damage,Rabbit,11,0,75,523.6,205.0,508.2,223.9,24.4,,111.53
111.53,game_over,Rabbit,11,0,75,523.6,205.0,508.2,223.9,24.4,,111.53
1.03,position,Sheep,0,100,25,390,270,73.6,57.0,381.4,,1.03
2.03,position,Sheep,0,100,25,390,270,114.2,86.1,331.5,,2.03
3.02,position,Sheep,0,100,25,390,300,156.3,116.3,297.3,,3.02
4.02,position,Sheep,0,100,25,357,300,202.8,139.2,222.8,,4.02
4.6,item_collect,Sheep,0,100,25,357,405,207.9,173.8,275.1,clock.png,4.6
5.02,position,Sheep,0,100,25,249,447,209.2,198.7,251.4,,5.02
6.01,position,Sheep,0,100,25,177,537,209.9,258.7,280.2,,6.01
6.83,item_collect,Sheep,2,100,25,360,528,210.0,307.7,266.5,star.png,6.83
7.01,position,Sheep,2,100,25,360,495,210.0,318.7,231.5,,7.01
7.32,item_collect,Sheep,2,100,25,405,480,210.0,337.7,241.4,trap.png,7.32
8.01,position,Sheep,2,100,25,420,393,218.8,348.8,206.0,,8.01
8.26,item_collect,Sheep,2,100,25,420,348,224.1,351.6,195.9,clock.png,8.26
9.01,position,Sheep,2,100,25,414,234,241.8,354.9,210.3,,9.01
10.0,position,Sheep,2,100,25,294,186,265.8,323.6,140.5,,10.0
11.0,position,Sheep,2,100,25,294,102,269.6,263.8,163.6,,11.0
12.0,position,Sheep,2,100,25,321,90,295.4,215.3,127.9,,12.0
12.99,position,Sheep,2,100,25,393,24,299.6,155.5,161.3,,12.99
13.99,position,Sheep,2,100,25,420,108,307.2,100.2,113.0,,13.99
14.57,item_collect,Sheep,2,100,25,465,87,341.2,92.9,123.9,trap.png,14.57
14.99,position,Sheep,2,100,25,510,87,347.6,98.7,162.8,,14.99
15.99,position,Sheep,2,100,25,609,150,354.3,121.5,256.3,,15.99
16.99,position,Sheep,2,100,25,633,180,376.8,148.8,258.1,,16.99
17.98,position,Sheep,2,100,25,654,186,424.4,176.3,229.8,,17.98
18.97,position,Sheep,2,100,25,654,270,474.8,195.5,194.1,,18.97
19.97,position,Sheep,2,100,25,654,174,518.1,230.8,147.3,,19.97
20.97,position,Sheep,2,100,25,624,171,563.4,216.9,76.1,,20.97
20.97,enemy_proximity,Sheep,2,100,25,624,171,563.4,216.9,76.1,,20.97
21.96,position,Sheep,2,100,25,624,54,574.8,161.0,117.8,,21.96
22.34,item_collect,Sheep,2,100,25,624,48,596.7,154.9,110.3,clock.png,22.34
22.95,position,Sheep,2,100,25,522,24,607.2,146.9,149.5,,22.95
23.95,position,Sheep,2,100,25,414,90,547.3,149.7,146.1,,23.95
24.95,position,Sheep,2,100,25,342,87,505.2,136.5,170.5,,24.95
25.94,position,Sheep,2,100,25,294,27,483.5,95.0,201.3,,25.94
26.71,item_collect,Sheep,2,100,25,168,24,437.8,90.8,277.9,clock.png,26.71
26.94,position,Sheep,2,100,25,144,36,429.5,99.7,292.5,,26.94
27.93,position,Sheep,2,100,25,30,24,374.7,118.1,357.3,,27.93
27.98,item_collect,Sheep,2,100,25,48,24,372.8,116.4,337.7,trap.png,27.98
28.83,item_collect,Sheep,4,100,25,24,108,360.7,101.6,336.8,star.png,28.83
28.93,position,Sheep,4,100,25,24,126,358.5,100.7,335.4,,28.93
29.92,position,Sheep,4,100,25,120,150,335.5,94.2,222.6,,29.92
30.92,position,Sheep,4,100,25,84,180,287.2,112.8,214.0,,30.92
31.91,position,Sheep,4,100,25,108,330,227.8,119.3,242.4,,31.91
32.91,position,Sheep,4,100,25,111,390,211.9,173.6,238.8,,32.91
33.9,position,Sheep,4,100,25,24,405,210.2,233.6,253.1,,33.9
34.25,item_collect,Sheep,4,100,25,24,468,210.1,254.6,283.1,shield.png,34.25
34.42,item_collect,Sheep,4,100,25,24,498,210.1,264.6,298.5,heal.png,34.42
34.9,position,Sheep,4,100,25,78,540,210.0,293.6,279.5,,34.9
35.25,item_collect,Sheep,4,100,25,120,528,210.0,314.6,231.6,wall.png,35.25
35.9,position,Sheep,4,100,25,237,519,210.0,328.6,192.3,,35.9
36.89,position,Sheep,4,100,25,271.0,463.0,206.4,376.4,108.0,,36.89
37.23,item_collect,Sheep,4,100,25,286.0,445.0,191.9,388.4,109.8,heal.png,37.23
37.89,position,Sheep,4,100,25,361.0,415.0,198.8,387.5,164.5,,37.89
38.89,position,Sheep,4,100,25,361.0,265.0,247.9,362.9,149.6,,38.89
39.88,position,Sheep,4,100,25,391.0,148.0,268.1,311.3,204.4,,39.88
40.87,position,Sheep,4,100,25,421.0,64.0,271.6,252.5,240.5,,40.87
41.87,position,Sheep,4,100,25,421.0,82.0,313.8,216.3,171.8,,41.87
42.87,position,Sheep,4,100,25,511.0,127.0,373.4,210.7,161.1,,42.87
43.87,position,Sheep,4,100,25,595.0,151.0,421.4,183.6,176.6,,43.87
44.86,position,Sheep,4,100,25,631.0,157.0,472.0,165.5,159.2,,44.86
45.64,item_collect,Sheep,4,100,25,661.0,226.0,516.3,153.0,162.0,heal.png,45.64
45.86,position,Sheep,4,100,25,661.0,265.0,529.3,151.8,173.7,,45.86
46.21,item_collect,Sheep,4,100,25,706.0,271.0,550.3,150.9,196.7,clock.png,46.21
46.85,position,Sheep,4,100,25,718.0,421.0,565.2,183.5,282.4,,46.85
47.03,item_collect,Sheep,4,100,25,676.0,421.0,567.2,194.3,251.5,shield.png,47.03
47.84,position,Sheep,4,100,25,598.0,481.0,584.9,233.8,247.5,,47.84
48.84,position,Sheep,4,100,25,598.0,454.0,591.7,288.2,166.0,,48.84
49.83,position,Sheep,4,100,25,634.0,481.0,546.1,316.4,186.6,,49.83
50.83,position,Sheep,4,100,25,625.0,538.0,561.1,367.8,181.8,,50.83
51.82,position,Sheep,4,100,25,520.0,505.0,551.8,418.2,92.4,,51.82
51.82,enemy_proximity,Sheep,4,100,25,520.0,505.0,551.8,418.2,92.4,,51.82
52.81,position,Sheep,4,100,25,415.0,541.0,497.3,420.8,145.7,,52.81
53.81,position,Sheep,4,100,25,412.0,472.0,448.3,446.3,44.5,,53.81
53.81,enemy_proximity,Sheep,4,100,25,412.0,472.0,448.3,446.3,44.5,,53.81
54.81,position,Sheep,4,100,25,325.0,475.0,401.3,474.7,76.3,,54.81
54.81,enemy_proximity,Sheep,4,100,25,325.0,475.0,401.3,474.7,76.3,,54.81
55.1,item_collect,Sheep,4,100,25,307.0,439.0,383.5,477.0,85.4,wall.png,55.1
55.8,position,Sheep,4,100,25,247.0,370.0,351.6,479.1,151.2,,55.8
56.79,position,Sheep,4,100,25,211.0,253.0,309.9,445.6,216.5,,56.79
57.79,position,Sheep,4,100,25,211.0,112.0,286.0,396.9,294.6,,57.79
58.01,item_collect,Sheep,4,100,25,229.0,112.0,279.8,386.4,279.0,heal.png,58.01
58.79,position,Sheep,4,100,25,241.0,112.0,271.4,340.4,230.5,,58.79
59.78,position,Sheep,4,100,25,301.0,124.0,270.1,280.5,159.5,,59.78
60.78,position,Sheep,4,100,25,301.0,82.0,291.2,231.2,149.5,,60.78
61.78,position,Sheep,4,100,25,265.0,124.0,299.1,172.1,59.0,,61.78
61.78,enemy_proximity,Sheep,4,100,25,265.0,124.0,299.1,172.1,59.0,,61.78
62.39,item_collect,Sheep,4,100,25,166.0,115.0,280.0,145.9,118.1,wall.png,62.39
62.78,position,Sheep,4,100,25,148.0,172.0,275.3,133.8,132.9,,62.78
63.77,position,Sheep,4,100,25,241.0,232.0,228.1,122.2,110.5,,63.77
64.76,position,Sheep,4,100,25,301.0,241.0,211.9,174.9,111.0,,64.76
65.75,position,Sheep,4,100,25,391.0,193.0,233.7,224.9,160.5,,65.75
66.74,position,Sheep,4,100,25,397.0,178.0,288.1,231.7,121.4,,66.74
67.14,item_collect,Sheep,6,100,25,466.0,178.0,306.5,218.6,164.6,star.png,67.14
67.74,position,Sheep,6,100,25,490.0,145.0,341.8,212.3,162.8,,67.74
68.74,position,Sheep,6,100,25,574.0,151.0,390.7,190.9,187.6,,68.74
69.73,position,Sheep,6,100,25,565.0,151.0,449.5,181.3,119.4,,69.73
70.15,item_collect,Sheep,8,100,25,565.0,196.0,469.0,171.7,99.0,star.png,70.15
70.73,position,Sheep,8,100,25,572.2,231.4,477.3,188.1,104.3,,70.73
71.72,position,Sheep,8,90,25,572.2,231.4,514.4,229.0,57.8,,71.72
71.72,enemy_proximity,Sheep,8,90,25,572.2,231.4,514.4,229.0,57.8,,71.72
72.72,position,Sheep,8,90,25,602.2,269.2,573.2,238.6,42.1,,72.72
72.72,enemy_proximity,Sheep,8,90,25,602.2,269.2,573.2,238.6,42.1,,72.72
73.02,item_collect,Sheep,8,100,25,587.2,302.2,587.4,245.4,56.8,heal.png,73.02
73.18,item_collect,Sheep,10,100,25,557.2,302.2,591.9,254.3,59.2,star.png,73.18
73.7,item_collect,Sheep,10,100,25,533.2,347.2,592.1,287.8,83.7,wall.png,73.7
73.72,position,Sheep,10,100,25,533.2,350.2,591.0,288.3,84.7,,73.72
73.72,enemy_proximity,Sheep,10,100,25,533.2,350.2,591.0,288.3,84.7,,73.72
74.71,position,Sheep,10,100,25,505.0,508.0,544.0,315.4,196.5,,74.71
75.71,position,Sheep,10,100,25,457.0,541.0,486.2,346.0,197.1,,75.71
76.7,position,Sheep,10,100,25,415.0,424.0,480.5,417.7,65.8,,76.7
76.7,enemy_proximity,Sheep,10,100,25,415.0,424.0,480.5,417.7,65.8,,76.7
77.69,position,Sheep,10,100,25,415.0,361.0,430.9,442.5,83.0,,77.69
77.69,enemy_proximity,Sheep,10,100,25,415.0,361.0,430.9,442.5,83.0,,77.69
78.21,damage,Sheep,10,50,25,415.0,382.0,422.5,406.6,25.7,,78.21
78.69,position,Sheep,10,50,25,415.0,394.0,422.0,403.0,11.4,,78.69
78.69,enemy_proximity,Sheep,10,50,25,415.0,394.0,422.0,403.0,11.4,,78.69
78.72,item_collect,Sheep,10,50,25,409.0,388.0,422.0,403.0,19.9,wall.png,78.72
79.68,position,Sheep,10,50,25,310.0,289.0,388.8,393.6,130.9,,79.68
80.67,position,Sheep,10,50,25,265.0,253.0,356.2,340.7,126.6,,80.67
80.97,item_collect,Sheep,12,50,25,256.0,235.0,340.9,327.9,125.9,star.png,80.97
81.67,position,Sheep,12,51,25,205.0,196.0,302.0,303.9,145.1,,81.67
82.67,position,Sheep,12,52,25,226.0,175.0,269.4,251.9,88.4,,82.67
82.67,enemy_proximity,Sheep,12,52,25,226.0,175.0,269.4,251.9,88.4,,82.67
83.6,item_collect,Sheep,12,53,25,229.0,112.0,215.7,223.9,112.7,wall.png,83.6
83.66,position,Sheep,12,53,25,241.0,112.0,215.1,219.1,110.2,,83.66
84.66,position,Sheep,12,54,25,400.0,118.0,210.5,159.4,194.0,,84.66
85.65,position,Sheep,12,55,25,421.0,67.0,254.1,122.4,175.8,,85.65
86.65,position,Sheep,12,56,25,487.0,88.0,314.3,95.8,172.9,,86.65
87.65,position,Sheep,12,57,25,568.0,151.0,356.4,131.6,212.4,,87.65
88.65,position,Sheep,12,58,25,649.0,181.0,407.9,173.7,241.2,,88.65
88.91,item_collect,Sheep,12,58,25,655.0,196.0,426.9,176.5,229.0,clock.png,88.91
89.64,position,Sheep,12,59,25,721.0,280.0,471.4,192.2,264.6,,89.64
90.64,position,Sheep,12,60,25,655.0,442.0,506.7,247.2,244.8,,90.64
91.63,position,Sheep,12,61,25,691.0,511.0,482.5,309.1,290.2,,91.63
91.85,item_collect,Sheep,12,61,25,718.0,529.0,481.4,324.7,312.6,trap.png,91.85
92.62,position,Sheep,12,62,25,685.0,505.0,480.6,347.2,258.2,,92.62
93.62,position,Sheep,12,63,25,649.0,475.0,480.2,376.0,195.7,,93.62
94.62,position,Sheep,12,64,25,655.0,445.0,511.8,415.1,146.3,,94.62
95.61,position,Sheep,12,55,25,661.0,367.0,566.3,394.0,98.5,,95.61
95.61,enemy_proximity,Sheep,12,55,25,661.0,367.0,566.3,394.0,98.5,,95.61
96.61,position,Sheep,12,55,25,699.4,323.8,618.3,362.1,89.7,,96.61
96.61,enemy_proximity,Sheep,12,55,25,699.4,323.8,618.3,362.1,89.7,,96.61
97.61,position,Sheep,12,56,25,600.4,263.8,678.2,335.2,105.6,,97.61
98.61,position,Sheep,12,57,25,534.4,323.8,678.8,327.1,144.4,,98.61
98.84,item_collect,Sheep,14,57,25,495.4,323.8,668.8,338.0,174.0,star.png,98.84
99.61,position,Sheep,14,58,25,414.4,332.8,620.3,357.4,207.4,,99.61
100.6,position,Sheep,14,59,25,309.4,296.8,551.3,355.5,248.9,,100.6
101.26,item_collect,Sheep,16,59,25,330.4,314.8,512.7,333.8,183.3,star.png,101.26
101.59,position,Sheep,16,60,25,345.4,332.8,488.8,331.4,143.4,,101.59
102.31,item_collect,Sheep,18,60,25,360.4,374.8,437.3,330.2,88.9,star.png,102.31
102.59,position,Sheep,18,61,25,360.4,422.8,427.0,345.5,102.0,,102.59
103.59,position,Sheep,18,62,25,234.4,452.8,382.4,386.8,162.1,,103.59
103.73,item_collect,Sheep,20,62,25,234.4,467.8,372.5,389.2,158.8,star.png,103.73
104.58,position,Sheep,20,63,25,261.4,482.8,313.9,418.2,83.2,,104.58
104.58,enemy_proximity,Sheep,20,63,25,261.4,482.8,313.9,418.2,83.2,,104.58
105.58,position,Sheep,20,64,25,255.4,542.8,273.4,483.6,61.9,,105.58
105.58,enemy_proximity,Sheep,20,64,25,255.4,542.8,273.4,483.6,61.9,,105.58
105.73,item_collect,Sheep,20,64,25,228.4,542.8,271.9,496.1,63.8,clock.png,105.73
106.57,position,Sheep,20,65,25,150.4,386.8,245.4,484.9,136.5,,106.57
107.57,position,Sheep,20,66,25,126.4,386.8,181.8,452.7,86.1,,107.57
107.57,enemy_proximity,Sheep,20,66,25,126.4,386.8,181.8,452.7,86.1,,107.57
108.56,position,Sheep,20,67,25,96.4,323.8,147.0,393.8,86.4,,108.56
108.56,enemy_proximity,Sheep,20,67,25,96.4,323.8,147.0,393.8,86.4,,108.56
109.56,position,Sheep,20,68,25,24.4,284.8,103.6,335.7,94.2,,109.56
109.56,enemy_proximity,Sheep,20,68,25,24.4,284.8,103.6,335.7,94.2,,109.56
110.56,position,Sheep,20,69,25,84.4,158.8,81.5,316.7,157.9,,110.56
111.55,position,Sheep,20,70,25,120.4,74.8,89.7,233.6,161.7,,111.55
112.55,position,Sheep,20,71,25,150.4,23.8,102.7,157.8,142.2,,112.55
113.55,position,Sheep,20,72,25,300.4,23.8,119.3,77.0,188.7,,113.55
114.55,position,Sheep,20,73,25,300.4,203.8,123.8,90.3,209.9,,114.55
114.78,item_collect,Sheep,22,73,25,288.4,242.8,121.8,109.8,213.2,star.png,114.78
115.55,position,Sheep,22,74,25,270.4,293.8,128.9,168.9,188.7,,115.55
116.55,position,Sheep,22,75,25,321.4,419.8,194.8,207.8,246.9,,116.55
117.55,position,Sheep,22,76,25,362.7,407.8,209.3,289.6,193.6,,117.55
118.54,position,Sheep,22,77,25,362.7,227.8,237.2,354.2,178.1,,118.54
118.54,item_collect,Sheep,22,77,25,362.7,227.8,237.2,354.2,178.1,clock.png,118.54
119.54,position,Sheep,22,78,25,530.7,113.8,268.7,293.9,317.9,,119.54
120.53,position,Sheep,22,79,25,572.7,113.8,296.0,222.7,297.4,,120.53
121.52,position,Sheep,22,80,25,596.7,152.8,376.2,206.9,227.0,,121.52
122.52,position,Sheep,22,81,25,659.7,182.8,450.2,181.2,209.4,,122.52
123.51,position,Sheep,22,82,25,599.7,278.8,485.6,197.4,140.1,,123.51
123.99,item_collect,Sheep,24,82,25,557.7,302.8,509.1,227.3,89.7,star.png,123.99
124.51,position,Sheep,24,83,25,527.7,326.8,495.9,262.2,72.0,,124.51
124.51,enemy_proximity,Sheep,24,83,25,527.7,326.8,495.9,262.2,72.0,,124.51
125.5,position,Sheep,24,84,25,572.7,362.8,508.0,324.1,75.3,,125.5
125.5,enemy_proximity,Sheep,24,84,25,572.7,362.8,508.0,324.1,75.3,,125.5
126.49,position,Sheep,24,74,25,657.3,396.4,578.5,357.1,88.0,,126.49
126.49,enemy_proximity,Sheep,24,74,25,657.3,396.4,578.5,357.1,88.0,,126.49
127.49,position,Sheep,24,74,25,654.3,448.6,652.2,376.0,72.6,,127.49
127.49,enemy_proximity,Sheep,24,74,25,654.3,448.6,652.2,376.0,72.6,,127.49
128.49,position,Sheep,24,75,25,570.3,451.6,659.6,459.5,89.7,,128.49
128.49,enemy_proximity,Sheep,24,75,25,570.3,451.6,659.6,459.5,89.7,,128.49
129.14,item_collect,Sheep,24,76,25,558.3,430.6,613.0,478.0,72.4,trap.png,129.14
129.49,position,Sheep,24,76,25,570.3,409.6,608.0,467.3,69.0,,129.49
129.49,enemy_proximity,Sheep,24,76,25,570.3,409.6,608.0,467.3,69.0,,129.49
130.48,position,Sheep,24,77,25,534.3,355.6,581.8,450.0,105.7,,130.48
131.48,position,Sheep,24,78,25,534.3,313.6,571.5,400.2,94.3,,131.48
131.48,enemy_proximity,Sheep,24,78,25,534.3,313.6,571.5,400.2,94.3,,131.48
132.47,position,Sheep,24,79,25,534.3,313.6,553.3,365.1,54.9,,132.47
132.47,enemy_proximity,Sheep,24,79,25,534.3,313.6,553.3,365.1,54.9,,132.47
133.46,position,Sheep,24,80,25,414.3,301.6,535.2,339.7,126.8,,133.46
134.46,position,Sheep,24,81,25,312.3,205.6,464.9,330.5,197.3,,134.46
135.39,item_collect,Sheep,26,82,25,294.3,46.6,399.2,304.5,278.5,star.png,135.39
135.45,position,Sheep,26,82,25,294.3,34.6,393.6,303.9,287.0,,135.45
136.45,position,Sheep,26,83,25,144.3,52.6,317.5,298.7,301.0,,136.45
137.45,position,Sheep,26,84,25,24.3,61.6,270.5,252.2,311.4,,137.45
138.44,position,Sheep,26,85,25,72.3,145.6,201.2,218.0,147.9,,138.44
138.83,item_collect,Sheep,26,86,25,54.3,136.6,169.7,212.3,138.0,shield.png,138.83
139.45,position,Sheep,26,86,25,24.3,88.6,131.7,184.8,144.2,,139.45
140.44,position,Sheep,26,87,25,138.3,55.6,111.0,141.7,90.3,,140.44
140.44,enemy_proximity,Sheep,26,87,25,138.3,55.6,111.0,141.7,90.3,,140.44
141.42,item_collect,Sheep,26,88,25,255.3,25.6,131.1,67.8,131.1,shield.png,141.42
141.43,position,Sheep,26,88,25,258.3,25.6,132.4,67.3,132.6,,141.43
142.44,position,Sheep,26,89,25,300.3,142.6,196.9,35.6,148.8,,142.44
143.44,position,Sheep,26,90,25,255.3,241.6,209.3,117.9,132.0,,143.44
144.43,position,Sheep,26,91,25,270.3,391.6,210.0,201.8,199.1,,144.43
145.43,position,Sheep,26,92,25,234.3,457.6,210.0,285.8,173.5,,145.43
146.42,position,Sheep,26,93,25,153.3,445.6,210.0,369.8,94.7,,146.42
146.42,enemy_proximity,Sheep,26,93,25,153.3,445.6,210.0,369.8,94.7,,146.42
146.51,item_collect,Sheep,26,93,25,138.3,445.6,207.5,375.4,98.7,shield.png,146.51
146.9,item_collect,Sheep,28,94,25,108.3,472.6,187.6,399.6,107.8,star.png,146.9
146.92,item_collect,Sheep,28,100,25,108.3,475.6,187.1,401.0,108.6,heal.png,146.92
146.92,item_collect,Sheep,30,100,25,108.3,475.6,187.1,401.0,108.6,star.png,146.92
146.92,item_collect,Sheep,32,100,25,108.3,475.6,187.1,401.0,108.6,star.png,146.92
147.42,position,Sheep,32,100,25,120.3,541.6,170.1,440.8,112.5,,147.42
147.77,item_collect,Sheep,34,100,25,78.3,541.6,137.5,447.6,111.1,star.png,147.77
148.41,position,Sheep,34,100,25,24.3,541.6,91.6,467.4,100.2,,148.41
149.4,position,Sheep,34,100,25,120.3,472.6,61.7,485.2,59.9,,149.4
149.4,enemy_proximity,Sheep,34,100,25,120.3,472.6,61.7,485.2,59.9,,149.4
149.42,item_collect,Sheep,34,100,25,120.3,469.6,63.3,484.9,59.0,shield.png,149.42
150.4,position,Sheep,34,100,25,210.3,358.6,143.3,451.4,114.5,,150.4
150.45,item_collect,Sheep,36,100,25,210.3,349.6,148.1,451.2,119.1,star.png,150.45
151.4,position,Sheep,36,100,25,210.3,178.6,197.2,389.4,211.2,,151.4
152.39,position,Sheep,36,100,25,231.3,25.6,209.7,295.2,270.4,,152.39
153.38,position,Sheep,36,100,25,300.3,91.6,210.0,199.2,140.4,,153.38
154.38,position,Sheep,36,100,25,360.3,61.6,238.8,124.8,136.9,,154.38
155.37,position,Sheep,36,100,25,420.3,43.6,322.4,94.8,110.5,,155.37
156.37,position,Sheep,36,100,25,510.3,139.6,406.9,115.2,106.2,,156.37
157.36,position,Sheep,36,100,25,630.3,163.6,494.2,90.6,154.4,,157.36
158.36,position,Sheep,36,100,25,687.3,181.6,554.6,147.6,136.9,,158.36
159.34,damage,Sheep,36,75,25,663.3,181.6,638.6,171.0,26.9,,159.34
159.35,position,Sheep,36,75,25,663.3,181.6,638.6,171.0,26.9,,159.35
159.35,enemy_proximity,Sheep,36,75,25,663.3,181.6,638.6,171.0,26.9,,159.35
160.35,position,Sheep,36,75,25,690.3,181.6,638.6,171.0,52.8,,160.35
160.35,enemy_proximity,Sheep,36,75,25,690.3,181.6,638.6,171.0,52.8,,160.35
161.35,position,Sheep,36,75,25,654.3,238.6,640.0,171.6,68.5,,161.35
161.35,enemy_proximity,Sheep,36,75,25,654.3,238.6,640.0,171.6,68.5,,161.35
162.34,position,Sheep,36,76,25,585.3,301.6,652.1,258.3,79.7,,162.34
162.34,enemy_proximity,Sheep,36,76,25,585.3,301.6,652.1,258.3,79.7,,162.34
163.34,position,Sheep,36,77,25,540.3,352.6,571.2,296.0,64.5,,163.34
163.34,enemy_proximity,Sheep,36,77,25,540.3,352.6,571.2,296.0,64.5,,163.34
164.34,position,Sheep,36,78,25,564.3,451.6,560.7,366.4,85.3,,164.34
164.34,enemy_proximity,Sheep,36,78,25,564.3,451.6,560.7,366.4,85.3,,164.34
165.05,item_collect,Sheep,36,78,25,534.3,526.6,549.4,424.8,102.9,wall.png,165.05
165.34,position,Sheep,36,79,25,555.3,541.6,543.5,451.2,91.2,,165.34
165.34,enemy_proximity,Sheep,36,79,25,555.3,541.6,543.5,451.2,91.2,,165.34
165.34,item_collect,Sheep,36,99,25,555.3,541.6,543.5,451.2,91.2,heal.png,165.34
166.33,position,Sheep,36,100,25,628.0,475.0,540.2,468.7,88.0,,166.33
166.33,enemy_proximity,Sheep,36,100,25,628.0,475.0,540.2,468.7,88.0,,166.33
167.32,position,Sheep,36,90,25,661.0,375.4,620.4,474.6,107.2,,167.32
168.32,position,Sheep,36,90,25,677.2,323.8,659.0,408.5,86.6,,168.32
168.32,enemy_proximity,Sheep,36,90,25,677.2,323.8,659.0,408.5,86.6,,168.32
169.32,position,Sheep,36,91,25,653.2,263.8,688.9,334.5,79.2,,169.32
169.32,enemy_proximity,Sheep,36,91,25,653.2,263.8,688.9,334.5,79.2,,169.32
170.31,position,Sheep,36,92,25,656.2,173.8,690.9,274.6,106.6,,170.31
171.32,position,Sheep,36,93,25,623.2,44.8,660.6,195.5,155.3,,171.32
171.57,item_collect,Sheep,38,93,25,587.2,29.8,642.0,182.9,162.6,star.png,171.57
172.28,item_collect,Sheep,38,94,25,572.2,44.8,588.5,152.3,108.7,shield.png,172.28
172.32,position,Sheep,38,94,25,572.2,50.8,585.4,151.9,101.9,,172.32
172.6,damage,Sheep,38,69,25,572.2,101.8,574.9,127.8,26.2,,172.6
173.31,position,Sheep,38,69,25,566.2,101.8,574.9,127.8,27.4,,173.31
173.31,enemy_proximity,Sheep,38,69,25,566.2,101.8,574.9,127.8,27.4,,173.31
173.59,item_collect,Sheep,40,69,25,572.2,101.8,574.9,127.8,26.2,star.png,173.59
174.32,position,Sheep,40,69,25,572.2,101.8,574.9,127.8,26.2,,174.32
174.32,enemy_proximity,Sheep,40,69,25,572.2,101.8,574.9,127.8,26.2,,174.32
174.62,damage,Sheep,40,19,25,572.2,101.8,574.6,126.1,24.4,,174.62
175.32,position,Sheep,40,19,25,572.2,101.8,571.7,102.8,1.2,,175.32
175.32,enemy_proximity,Sheep,40,19,25,572.2,101.8,571.7,102.8,1.2,,175.32
176.31,position,Sheep,40,19,25,572.2,101.8,571.7,102.8,1.2,,176.31
176.31,enemy_proximity,Sheep,40,19,25,572.2,101.8,571.7,102.8,1.2,,176.31
176.61,damage,Sheep,40,-31,25,572.2,101.8,571.7,102.8,1.2,,176.61
176.61,game_over,Sheep,40,0,25,572.2,101.8,571.7,102.8,1.2,,176.61
1.03,position,Rabbit,0,200,75,390,270,73.6,57.0,381.4,,1.03
2.03,position,Rabbit,0,200,75,390,270,114.2,86.1,331.5,,2.03
3.03,position,Rabbit,0,200,75,354,342,156.3,116.3,300.0,,3.03
4.03,position,Rabbit,0,200,75,294,420,202.8,139.2,295.2,,4.03
4.21,item_collect,Rabbit,1,200,75,294,402,204.7,150.0,267.3,star.png,4.21
5.03,position,Rabbit,1,200,75,300,429,209.2,198.7,247.5,,5.03
6.03,position,Rabbit,1,200,75,270,513,209.9,258.7,261.3,,6.03
6.06,item_collect,Rabbit,1,200,75,270,519,209.9,260.7,265.2,wall.png,6.06
7.02,position,Rabbit,1,200,75,360,540,210.0,318.7,267.3,,7.02
8.02,position,Rabbit,1,190,75,358.0,478.6,242.0,355.1,169.4,,8.02
9.02,position,Rabbit,1,190,75,422.8,464.8,286.1,388.0,156.9,,9.02
10.02,position,Rabbit,1,191,75,422.8,332.8,333.2,416.1,122.3,,10.02
11.02,position,Rabbit,1,192,75,422.8,248.8,357.7,371.3,138.7,,11.02
12.02,position,Rabbit,1,193,75,392.8,158.8,359.8,311.4,156.1,,12.02
13.01,position,Rabbit,1,194,75,422.8,74.8,360.0,251.4,187.4,,13.01
14.01,position,Rabbit,1,195,75,479.8,83.8,380.8,202.1,154.3,,14.01
15.01,position,Rabbit,1,196,75,527.8,152.8,389.1,155.1,138.8,,15.01
15.89,item_collect,Rabbit,1,200,75,566.8,158.8,431.1,176.6,136.9,heal.png,15.89
16.01,position,Rabbit,1,200,75,572.8,167.8,438.0,177.4,135.1,,16.01
17.0,position,Rabbit,1,200,75,602.8,257.8,487.2,200.5,129.1,,17.0
17.42,item_collect,Rabbit,1,200,75,581.8,302.8,501.2,219.2,116.1,heal.png,17.42
18.0,position,Rabbit,1,200,75,521.8,332.8,508.2,252.4,81.6,,18.0
18.0,enemy_proximity,Rabbit,1,200,75,521.8,332.8,508.2,252.4,81.6,,18.0
19.0,position,Rabbit,1,200,75,563.8,392.8,483.5,302.1,121.2,,19.0
19.53,item_collect,Rabbit,2,200,75,596.8,458.8,481.1,334.0,170.2,star.png,19.53
20.0,position,Rabbit,2,200,75,626.8,485.8,480.4,361.9,191.8,,20.0
21.0,position,Rabbit,2,200,75,635.8,476.8,495.3,412.3,154.6,,21.0
21.96,item_collect,Rabbit,2,200,75,653.8,461.8,541.2,438.1,115.1,shield.png,21.96
21.99,position,Rabbit,2,200,75,653.8,455.8,543.1,438.8,112.0,,21.99
22.99,position,Rabbit,2,200,75,722.8,323.8,568.0,401.6,173.2,,22.99
23.99,position,Rabbit,2,200,75,638.8,263.8,550.2,356.8,128.4,,23.99
24.99,position,Rabbit,2,200,75,645.4,173.8,556.2,307.4,160.7,,24.99
25.32,item_collect,Rabbit,3,200,75,631.0,163.0,575.9,304.1,151.4,star.png,25.32
25.99,position,Rabbit,3,200,75,631.0,106.0,595.1,273.6,171.4,,25.99
26.64,item_collect,Rabbit,3,200,75,613.0,25.0,582.6,243.9,221.0,clock.png,26.64
26.72,item_collect,Rabbit,4,200,75,583.0,25.0,580.9,239.3,214.3,star.png,26.72
26.99,position,Rabbit,4,200,75,487.0,25.0,575.3,224.3,217.9,,26.99
27.98,position,Rabbit,4,200,75,415.0,121.0,570.5,164.5,161.5,,27.98
28.98,position,Rabbit,4,200,75,355.0,91.0,519.5,142.6,172.4,,28.98
29.97,position,Rabbit,4,200,75,295.0,148.0,493.4,95.7,205.2,,29.97
30.59,item_collect,Rabbit,4,200,75,295.0,190.0,456.7,91.5,189.3,clock.png,30.59
30.96,position,Rabbit,4,200,75,265.0,238.0,433.7,90.6,224.0,,30.96
31.34,item_collect,Rabbit,4,200,75,205.0,220.0,420.0,107.3,242.7,shield.png,31.34
31.95,position,Rabbit,4,200,75,205.0,292.0,396.2,130.8,250.1,,31.95
32.0,item_collect,Rabbit,4,200,75,205.0,310.0,395.3,133.6,259.5,wall.png,32.0
32.95,position,Rabbit,4,200,75,247.0,541.0,391.4,173.4,395.0,,32.95
33.95,position,Rabbit,4,200,75,211.0,541.0,366.7,221.8,355.2,,33.95
34.94,position,Rabbit,4,200,75,172.0,451.0,360.8,281.3,253.8,,34.94
35.54,item_collect,Rabbit,4,200,75,88.0,460.0,329.9,295.2,292.7,heal.png,35.54
35.54,item_collect,Rabbit,5,200,75,88.0,460.0,329.9,295.2,292.7,star.png,35.54
35.94,position,Rabbit,5,200,75,49.0,481.0,306.2,298.2,315.5,,35.94
36.94,position,Rabbit,5,200,75,121.0,469.0,273.8,334.8,203.3,,36.94
37.94,position,Rabbit,5,200,75,88.0,385.0,224.6,357.9,139.3,,37.94
38.93,position,Rabbit,5,200,75,121.0,379.0,177.7,386.4,57.1,,38.93
38.93,enemy_proximity,Rabbit,5,200,75,121.0,379.0,177.7,386.4,57.1,,38.93
39.56,item_collect,Rabbit,5,200,75,73.0,325.0,139.8,389.2,92.6,trap.png,39.56
39.73,item_collect,Rabbit,5,200,75,43.0,325.0,132.1,385.8,107.9,trap.png,39.73
39.92,position,Rabbit,5,200,75,25.0,319.0,127.0,374.9,116.3,,39.92
39.96,item_collect,Rabbit,6,200,75,25.0,313.0,126.2,373.1,117.7,star.png,39.96
40.92,position,Rabbit,6,200,75,82.0,205.0,100.7,328.2,124.6,,40.92
41.92,position,Rabbit,6,200,75,118.0,145.0,91.1,269.4,127.3,,41.92
42.92,position,Rabbit,6,200,75,151.0,31.0,90.1,216.0,194.8,,42.92
43.92,position,Rabbit,6,200,75,214.0,25.0,90.0,192.0,208.0,,43.92
44.92,position,Rabbit,6,200,75,199.0,31.0,90.0,168.0,175.1,,44.92
45.92,position,Rabbit,6,200,75,214.0,31.0,108.6,147.7,157.3,,45.92
46.91,position,Rabbit,6,200,75,214.0,25.0,118.8,89.1,114.7,,46.91
47.9,position,Rabbit,6,200,75,301.0,82.0,146.9,42.7,159.1,,47.9
48.9,position,Rabbit,6,200,75,295.0,145.0,199.7,41.6,140.6,,48.9
49.08,item_collect,Rabbit,7,200,75,283.0,142.0,202.7,52.1,120.5,star.png,49.08
49.89,position,Rabbit,7,200,75,301.0,196.0,208.7,100.6,132.7,,49.89
50.88,position,Rabbit,7,200,75,302.5,233.5,258.2,124.7,117.5,,50.88
51.73,item_collect,Rabbit,8,200,75,392.5,161.5,290.6,155.2,102.1,star.png,51.73
51.88,position,Rabbit,8,200,75,392.5,134.5,292.9,146.5,100.3,,51.88
52.87,position,Rabbit,8,200,75,422.5,89.5,313.6,96.9,109.1,,52.87
53.87,position,Rabbit,8,200,75,374.5,152.5,354.0,119.2,39.1,,53.87
53.87,enemy_proximity,Rabbit,8,200,75,374.5,152.5,354.0,119.2,39.1,,53.87
54.87,position,Rabbit,8,200,75,422.5,296.5,383.8,165.9,136.2,,54.87
55.28,item_collect,Rabbit,8,200,75,422.5,251.5,387.3,190.7,70.3,clock.png,55.28
55.86,position,Rabbit,8,200,75,422.5,425.5,389.3,225.6,202.7,,55.86
56.86,position,Rabbit,8,200,75,482.5,485.5,390.8,285.0,220.4,,56.86
57.86,position,Rabbit,8,200,75,500.5,512.5,416.4,334.8,196.6,,57.86
58.85,position,Rabbit,8,200,75,596.5,542.5,419.6,394.7,230.5,,58.85
59.21,item_collect,Rabbit,8,200,75,632.5,521.5,419.8,416.7,237.1,wall.png,59.21
59.84,position,Rabbit,8,200,75,668.5,407.5,437.1,442.5,234.0,,59.84
60.05,item_collect,Rabbit,9,200,75,668.5,368.5,449.9,444.7,231.5,star.png,60.05
60.83,position,Rabbit,9,200,75,670.0,265.0,475.2,417.6,247.4,,60.83
61.83,position,Rabbit,9,200,75,646.0,175.0,479.5,357.8,247.3,,61.83
62.83,position,Rabbit,9,200,75,625.0,145.0,480.0,297.8,210.7,,62.83
63.82,position,Rabbit,9,200,75,625.0,58.0,508.3,251.8,226.2,,63.82
64.81,position,Rabbit,9,200,75,481.0,25.0,560.1,231.1,220.7,,64.81
65.81,position,Rabbit,9,200,75,415.0,91.0,569.0,172.2,174.1,,65.81
66.8,position,Rabbit,9,200,75,355.0,85.0,522.1,149.1,178.9,,66.8
67.81,position,Rabbit,9,200,75,295.0,112.0,499.8,98.5,205.2,,67.81
68.48,item_collect,Rabbit,10,200,75,253.0,115.0,459.6,91.6,207.9,star.png,68.48
68.8,position,Rabbit,10,200,75,238.0,115.0,437.1,90.7,200.5,,68.8
68.88,item_collect,Rabbit,10,200,75,223.0,115.0,432.5,92.7,210.6,clock.png,68.88
69.05,item_collect,Rabbit,11,200,75,223.0,91.0,427.5,103.7,204.9,star.png,69.05
69.79,position,Rabbit,11,200,75,205.0,121.0,376.3,117.9,171.3,,69.79
70.79,position,Rabbit,11,200,75,211.0,229.0,315.3,91.7,172.4,,70.79
71.79,position,Rabbit,11,200,75,193.0,298.0,254.0,118.2,189.9,,71.79
71.79,item_collect,Rabbit,11,200,75,193.0,298.0,254.0,118.2,189.9,wall.png,71.79
72.78,position,Rabbit,11,200,75,118.0,388.0,216.5,138.3,268.4,,72.78
73.78,position,Rabbit,11,200,75,166.0,391.0,210.5,209.9,186.5,,73.78
74.76,item_collect,Rabbit,11,200,75,25.0,430.0,210.0,280.7,237.8,heal.png,74.76
74.77,position,Rabbit,11,200,75,25.0,433.0,210.0,281.9,238.9,,74.77
75.54,item_collect,Rabbit,11,200,75,70.0,541.0,162.0,301.2,256.8,trap.png,75.54
75.77,position,Rabbit,11,200,75,112.0,541.0,154.3,315.4,229.5,,75.77
76.77,position,Rabbit,11,200,75,181.0,445.0,122.3,372.0,93.7,,76.77
76.77,enemy_proximity,Rabbit,11,200,75,181.0,445.0,122.3,372.0,93.7,,76.77
77.77,position,Rabbit,11,200,75,232.0,541.0,173.4,410.2,143.4,,77.77
78.76,position,Rabbit,11,200,75,310.0,535.0,179.5,481.8,141.0,,78.76
79.76,position,Rabbit,11,200,75,421.0,466.0,188.7,489.8,233.5,,79.76
80.76,position,Rabbit,11,200,75,421.0,286.0,247.0,458.8,245.2,,80.76
81.75,position,Rabbit,11,200,75,376.0,235.0,305.8,429.0,206.3,,81.75
82.75,position,Rabbit,11,200,75,391.0,127.0,355.2,391.7,267.1,,82.75
83.74,position,Rabbit,11,200,75,391.0,175.0,359.7,319.9,148.3,,83.74
83.91,item_collect,Rabbit,11,200,75,400.0,175.0,359.8,307.9,138.9,heal.png,83.91
84.24,item_collect,Rabbit,11,200,75,460.0,175.0,359.9,283.9,147.9,heal.png,84.24
84.74,position,Rabbit,11,200,75,481.0,199.0,360.0,247.9,130.5,,84.74
85.48,item_collect,Rabbit,12,200,75,511.0,250.0,379.8,204.1,139.0,star.png,85.48
85.73,position,Rabbit,12,200,75,511.0,271.0,384.5,219.2,136.7,,85.73
86.72,position,Rabbit,12,200,75,478.0,385.0,394.0,285.4,130.3,,86.72
87.71,position,Rabbit,12,200,75,535.0,415.0,446.7,325.3,125.9,,87.71
88.71,position,Rabbit,12,200,75,616.0,355.0,515.8,330.4,103.2,,88.71
89.22,item_collect,Rabbit,12,200,75,661.0,343.0,543.7,349.1,117.4,heal.png,89.22
89.7,position,Rabbit,12,200,75,691.0,325.0,577.4,356.8,118.0,,89.7
90.7,position,Rabbit,12,200,75,691.0,265.0,646.7,355.5,100.8,,90.7
91.14,item_collect,Rabbit,13,200,75,613.0,265.0,669.7,337.5,92.1,star.png,91.14
91.7,position,Rabbit,13,200,75,592.0,235.0,707.2,327.6,147.7,,91.7
92.65,item_collect,Rabbit,14,200,75,553.0,148.0,697.0,275.5,192.3,star.png,92.65
92.7,position,Rabbit,14,200,75,544.0,148.0,693.4,274.9,196.1,,92.7
93.7,position,Rabbit,14,200,75,475.0,148.0,621.7,270.3,191.0,,93.7
94.7,position,Rabbit,14,200,75,508.0,115.0,575.8,225.0,129.2,,94.7
95.7,position,Rabbit,14,200,75,472.0,91.0,561.6,159.2,112.6,,95.7
95.8,item_collect,Rabbit,15,200,75,463.0,91.0,555.0,156.4,112.9,star.png,95.8
96.26,item_collect,Rabbit,15,200,75,415.0,100.0,522.5,150.6,118.9,heal.png,96.26
96.69,position,Rabbit,15,200,75,367.0,121.0,502.0,141.7,136.6,,96.69
97.69,position,Rabbit,15,200,75,355.0,88.0,446.1,176.4,126.9,,97.69
98.63,item_collect,Rabbit,16,200,75,295.0,130.0,389.0,160.5,98.8,star.png,98.63
98.68,position,Rabbit,16,200,75,295.0,139.0,385.6,159.3,92.9,,98.68
98.68,enemy_proximity,Rabbit,16,200,75,295.0,139.0,385.6,159.3,92.9,,98.68
99.68,position,Rabbit,16,200,75,214.0,220.0,367.6,203.6,154.4,,99.68
100.67,position,Rabbit,16,200,75,205.0,175.0,305.9,225.0,112.6,,100.67
101.67,position,Rabbit,16,200,75,211.0,82.0,236.0,239.0,159.0,,101.67
102.48,item_collect,Rabbit,17,200,75,226.0,100.0,212.1,195.6,96.6,star.png,102.48
102.66,position,Rabbit,17,200,75,241.0,100.0,211.3,182.5,87.6,,102.66
102.66,enemy_proximity,Rabbit,17,200,75,241.0,100.0,211.3,182.5,87.6,,102.66
103.65,position,Rabbit,17,200,75,253.0,25.0,210.1,110.5,95.6,,103.65
103.65,enemy_proximity,Rabbit,17,200,75,253.0,25.0,210.1,110.5,95.6,,103.65
104.65,position,Rabbit,17,200,75,301.0,94.0,214.4,41.3,101.4,,104.65
105.65,position,Rabbit,17,200,75,321.4,203.8,213.9,105.8,145.5,,105.65
106.48,item_collect,Rabbit,18,200,75,360.4,219.4,262.1,132.5,131.2,star.png,106.48
106.64,position,Rabbit,18,200,75,378.4,249.4,271.9,138.4,153.8,,106.64
107.64,position,Rabbit,18,200,75,360.4,348.4,303.0,196.7,162.2,,107.64
107.75,item_collect,Rabbit,18,200,75,360.4,369.4,310.5,200.4,176.2,shield.png,107.75
107.92,item_collect,Rabbit,18,200,75,360.4,399.4,321.9,203.7,199.5,heal.png,107.92
108.63,position,Rabbit,18,200,75,294.4,435.4,354.2,234.2,209.9,,108.63
109.63,position,Rabbit,18,200,75,198.4,480.4,359.5,305.9,237.5,,109.63
110.62,position,Rabbit,18,200,75,96.4,444.4,289.3,300.4,240.7,,110.62
111.42,item_collect,Rabbit,18,200,75,84.4,432.4,267.0,346.8,201.7,wall.png,111.42
111.58,item_collect,Rabbit,18,200,75,84.4,402.4,256.2,352.1,179.0,trap.png,111.58
111.62,position,Rabbit,18,200,75,84.4,396.4,254.1,353.1,175.1,,111.62
112.62,position,Rabbit,18,200,75,85.0,268.0,213.9,336.1,145.8,,112.62
113.61,position,Rabbit,18,200,75,121.0,154.0,164.1,301.9,154.0,,113.61
114.61,position,Rabbit,18,200,75,121.0,109.0,105.9,271.9,163.6,,114.61
115.61,position,Rabbit,18,200,75,121.0,109.0,94.7,244.7,138.2,,115.61
116.61,position,Rabbit,18,200,75,205.0,121.0,91.5,216.1,148.1,,116.61
117.6,position,Rabbit,18,200,75,301.0,121.0,90.5,187.3,220.7,,117.6
118.6,position,Rabbit,18,200,75,268.0,241.0,116.6,165.8,169.0,,118.6
119.6,position,Rabbit,18,200,75,265.0,391.0,171.4,204.3,208.9,,119.6
120.6,position,Rabbit,18,200,75,301.0,451.0,207.4,253.8,218.3,,120.6
121.59,position,Rabbit,18,200,75,337.0,481.0,209.8,325.7,200.8,,121.59
122.58,position,Rabbit,18,200,75,412.0,475.0,257.1,362.8,191.3,,122.58
123.57,position,Rabbit,18,200,75,412.0,481.0,295.4,416.8,133.1,,123.57
124.44,item_collect,Rabbit,19,200,75,460.0,541.0,325.6,465.4,154.2,star.png,124.44
124.57,position,Rabbit,19,200,75,481.0,541.0,334.5,469.2,163.2,,124.57
125.57,position,Rabbit,19,200,75,481.0,373.0,404.7,478.1,129.9,,125.57
126.56,position,Rabbit,19,200,75,511.0,235.0,419.0,408.6,196.5,,126.56
127.56,position,Rabbit,19,200,75,481.0,145.0,419.9,336.7,201.2,,127.56
128.55,position,Rabbit,19,200,75,577.0,151.0,437.7,276.8,187.7,,128.55
128.88,item_collect,Rabbit,19,200,75,565.0,160.0,461.4,273.0,153.3,shield.png,128.88
129.55,position,Rabbit,19,200,75,571.0,229.0,501.3,257.9,75.5,,129.55
129.55,enemy_proximity,Rabbit,19,200,75,571.0,229.0,501.3,257.9,75.5,,129.55
130.55,position,Rabbit,19,200,75,559.0,115.0,560.8,229.0,114.0,,130.55
130.63,item_collect,Rabbit,19,200,75,571.0,103.0,563.4,223.6,120.8,wall.png,130.63
131.25,item_collect,Rabbit,19,200,75,553.0,25.0,568.6,179.5,155.3,trap.png,131.25
131.42,item_collect,Rabbit,19,200,75,523.0,25.0,569.2,167.5,149.8,heal.png,131.42
131.55,position,Rabbit,19,200,75,499.0,25.0,569.4,157.9,150.4,,131.55
132.54,position,Rabbit,19,200,75,418.6,91.0,515.0,128.5,103.4,,132.54
133.53,position,Rabbit,19,200,75,360.4,122.2,466.8,92.2,110.6,,133.53
134.54,position,Rabbit,19,200,75,354.4,83.2,435.9,90.6,81.8,,134.54
134.54,enemy_proximity,Rabbit,19,200,75,354.4,83.2,435.9,90.6,81.8,,134.54
134.72,item_collect,Rabbit,20,200,75,342.4,89.2,432.5,93.6,90.2,star.png,134.72
135.54,position,Rabbit,20,200,75,294.4,167.2,413.1,110.2,131.6,,135.54
136.54,position,Rabbit,20,200,75,216.4,203.2,395.9,136.2,191.5,,136.54
136.73,item_collect,Rabbit,21,200,75,219.4,182.2,394.1,149.0,177.9,star.png,136.73
137.19,item_collect,Rabbit,21,200,75,240.4,191.2,391.0,188.1,150.6,shield.png,137.19
137.54,position,Rabbit,21,200,75,225.4,233.2,370.3,204.0,147.8,,137.54
138.54,position,Rabbit,21,200,75,204.4,380.2,297.5,228.6,177.9,,138.54
139.54,position,Rabbit,21,200,75,30.4,392.2,220.0,247.2,238.7,,139.54
140.53,position,Rabbit,21,200,75,174.4,392.2,188.9,297.2,96.1,,140.53
140.53,enemy_proximity,Rabbit,21,200,75,174.4,392.2,188.9,297.2,96.1,,140.53
141.53,position,Rabbit,21,200,75,219.4,542.2,209.1,374.1,168.4,,141.53
142.52,position,Rabbit,21,200,75,360.4,518.2,181.3,447.0,192.7,,142.52
143.53,position,Rabbit,21,200,75,420.4,413.2,236.2,462.5,190.7,,143.53
144.53,position,Rabbit,21,200,75,462.4,272.2,305.9,428.6,221.3,,144.53
145.53,position,Rabbit,21,200,75,510.4,224.2,357.1,379.5,218.2,,145.53
146.26,item_collect,Rabbit,22,200,75,549.4,233.2,359.7,318.0,207.7,star.png,146.26
146.53,position,Rabbit,22,200,75,597.4,233.2,359.9,295.6,245.6,,146.53
147.53,position,Rabbit,22,200,75,630.4,290.2,429.7,271.0,201.6,,147.53
147.58,item_collect,Rabbit,22,200,75,630.4,281.2,433.9,270.8,196.8,shield.png,147.58
148.52,position,Rabbit,22,200,75,720.4,278.2,503.9,253.5,217.9,,148.52
148.87,item_collect,Rabbit,23,200,75,720.4,341.2,531.8,244.8,211.8,star.png,148.87
148.87,item_collect,Rabbit,24,200,75,720.4,341.2,531.8,244.8,211.8,star.png,148.87
149.52,position,Rabbit,24,200,75,711.4,422.2,585.5,241.9,219.9,,149.52
150.52,position,Rabbit,24,200,75,621.4,482.2,562.7,296.2,195.1,,150.52
150.92,item_collect,Rabbit,24,200,75,627.4,488.2,545.4,320.2,186.9,clock.png,150.92
151.47,item_collect,Rabbit,24,200,75,609.4,542.2,557.0,358.2,191.3,wall.png,151.47
151.52,position,Rabbit,24,200,75,591.4,542.2,558.6,362.1,183.0,,151.52
152.51,position,Rabbit,24,200,75,231.4,542.2,543.6,414.2,337.4,,152.51
153.51,position,Rabbit,24,200,75,177.4,392.2,471.3,441.1,297.9,,153.51
154.5,position,Rabbit,24,200,75,204.4,332.2,422.1,405.3,229.7,,154.5
155.13,item_collect,Rabbit,24,200,75,228.4,218.2,372.9,390.6,224.9,wall.png,155.13
155.5,position,Rabbit,24,200,75,237.4,152.2,365.1,368.3,251.0,,155.5
156.49,position,Rabbit,24,200,75,346.0,91.0,360.5,305.5,215.0,,156.49
157.44,item_collect,Rabbit,25,200,75,370.0,124.0,360.0,225.7,102.2,star.png,157.44
157.49,position,Rabbit,25,200,75,379.0,124.0,361.3,222.4,99.9,,157.49
157.49,enemy_proximity,Rabbit,25,200,75,379.0,124.0,361.3,222.4,99.9,,157.49
158.47,position,Rabbit,25,200,75,421.0,61.0,388.8,149.2,93.9,,158.47
158.47,enemy_proximity,Rabbit,25,200,75,421.0,61.0,388.8,149.2,93.9,,158.47
158.9,damage,Rabbit,25,175,75,421.0,100.0,406.4,123.0,27.3,,158.9
159.47,position,Rabbit,25,175,75,355.0,121.0,406.4,123.0,51.4,,159.47
159.47,enemy_proximity,Rabbit,25,175,75,355.0,121.0,406.4,123.0,51.4,,159.47
160.47,position,Rabbit,25,175,75,391.0,211.0,406.4,123.0,89.3,,160.47
160.47,enemy_proximity,Rabbit,25,175,75,391.0,211.0,406.4,123.0,89.3,,160.47
161.47,position,Rabbit,25,175,75,421.0,376.0,392.5,165.4,212.5,,161.47
162.46,position,Rabbit,25,176,75,439.0,541.0,390.1,249.4,295.7,,162.46
163.46,position,Rabbit,25,177,75,481.0,478.0,414.9,322.6,168.9,,163.46
164.45,position,Rabbit,25,178,75,481.0,502.0,419.8,406.3,113.6,,164.45
165.45,position,Rabbit,25,179,75,499.0,511.0,468.6,455.0,63.7,,165.45
165.45,enemy_proximity,Rabbit,25,179,75,499.0,511.0,468.6,455.0,63.7,,165.45
165.8,damage,Rabbit,25,129,75,475.0,511.0,476.0,483.2,27.8,,165.8
166.44,position,Rabbit,25,129,75,415.0,541.0,470.5,529.5,56.7,,166.44
166.44,enemy_proximity,Rabbit,25,129,75,415.0,541.0,470.5,529.5,56.7,,166.44
167.44,position,Rabbit,25,129,75,415.0,370.0,422.1,493.8,124.0,,167.44
168.09,item_collect,Rabbit,25,149,75,415.0,253.0,420.3,439.2,186.3,heal.png,168.09
168.44,position,Rabbit,25,149,75,388.0,235.0,420.1,409.8,177.7,,168.44
169.4,item_collect,Rabbit,26,150,75,295.0,220.0,364.7,367.9,163.6,star.png,169.4
169.44,position,Rabbit,26,150,75,295.0,226.0,364.4,365.2,155.5,,169.44
170.44,position,Rabbit,26,151,75,205.0,190.0,318.0,306.8,162.5,,170.44
171.44,position,Rabbit,26,152,75,205.0,109.0,271.9,254.4,160.0,,171.44
171.67,item_collect,Rabbit,26,152,75,193.0,121.0,254.9,246.1,139.6,shield.png,171.67
172.44,position,Rabbit,26,153,75,115.0,67.0,203.8,219.1,176.1,,172.44
173.42,position,Rabbit,26,154,75,25.0,76.0,134.4,185.4,154.8,,173.42
173.56,item_collect,Rabbit,26,154,75,25.0,100.0,123.4,183.8,129.3,wall.png,173.56
174.43,position,Rabbit,26,155,75,49.0,244.0,87.8,197.2,60.8,,174.43
174.43,enemy_proximity,Rabbit,26,155,75,49.0,244.0,87.8,197.2,60.8,,174.43
174.8,item_collect,Rabbit,27,156,75,25.0,280.0,70.4,212.8,81.1,star.png,174.8
175.43,position,Rabbit,27,156,75,25.0,331.0,37.5,249.0,82.9,,175.43
175.43,enemy_proximity,Rabbit,27,156,75,25.0,331.0,37.5,249.0,82.9,,175.43
176.42,position,Rabbit,27,157,75,145.0,391.0,47.0,322.0,119.9,,176.42
177.42,position,Rabbit,27,158,75,175.0,460.0,113.8,352.5,123.7,,177.42
178.01,item_collect,Rabbit,28,159,75,163.0,445.0,142.1,384.1,64.4,star.png,178.01
178.41,position,Rabbit,28,159,75,100.6,445.0,132.3,388.5,64.8,,178.41
178.41,enemy_proximity,Rabbit,28,159,75,100.6,445.0,132.3,388.5,64.8,,178.41
179.41,position,Rabbit,28,159,75,83.8,472.6,91.8,442.5,31.2,,179.41
179.41,enemy_proximity,Rabbit,28,159,75,83.8,472.6,91.8,442.5,31.2,,179.41
179.46,damage,Rabbit,28,109,75,83.8,472.6,91.6,446.7,27.1,,179.46
180.41,position,Rabbit,28,109,75,23.8,517.6,41.1,482.0,39.6,,180.41
180.41,enemy_proximity,Rabbit,28,109,75,23.8,517.6,41.1,482.0,39.6,,180.41
180.42,item_collect,Rabbit,28,129,75,23.8,520.6,40.6,483.3,40.9,heal.png,180.42
181.4,position,Rabbit,28,129,75,122.8,508.6,70.4,536.2,59.2,,181.4
181.4,enemy_proximity,Rabbit,28,129,75,122.8,508.6,70.4,536.2,59.2,,181.4
182.4,position,Rabbit,28,129,75,182.8,385.6,118.0,492.3,124.9,,182.4
183.09,item_collect,Rabbit,28,130,75,191.8,295.6,145.9,454.8,165.7,trap.png,183.09
183.4,position,Rabbit,28,130,75,143.8,295.6,168.3,445.7,152.1,,183.4
184.0,item_collect,Rabbit,29,131,75,83.8,253.6,171.8,400.8,171.5,star.png,184.0
184.33,item_collect,Rabbit,29,131,75,83.8,193.6,145.0,393.7,209.3,wall.png,184.33
184.4,position,Rabbit,29,131,75,83.8,181.6,139.5,392.9,218.5,,184.4
185.4,position,Rabbit,29,132,75,100.0,58.0,102.3,332.0,274.0,,185.4
186.39,position,Rabbit,29,123,75,166.6,25.0,90.5,254.6,241.9,,186.39
187.39,position,Rabbit,29,123,75,244.0,25.0,90.1,221.0,249.2,,187.39
188.06,item_collect,Rabbit,29,123,75,301.0,70.0,90.1,198.6,247.0,wall.png,188.06
188.39,position,Rabbit,29,124,75,337.0,112.0,90.0,191.9,259.5,,188.39
189.39,position,Rabbit,29,125,75,424.0,82.0,95.1,161.5,338.4,,189.39
190.38,position,Rabbit,29,126,75,472.0,88.0,160.6,122.5,313.3,,190.38
191.32,item_collect,Rabbit,29,127,75,550.0,151.0,239.0,120.2,312.6,trap.png,191.32
191.38,position,Rabbit,29,127,75,562.0,151.0,244.6,120.1,318.9,,191.38
192.37,position,Rabbit,29,128,75,562.0,151.0,317.0,95.5,251.2,,192.37
193.37,position,Rabbit,29,129,75,571.0,241.0,367.2,139.3,227.7,,193.37
194.36,position,Rabbit,29,130,75,601.0,253.0,433.6,177.7,183.5,,194.36
195.36,position,Rabbit,29,131,75,601.0,289.0,499.5,214.3,126.1,,195.36
196.35,position,Rabbit,29,132,75,667.0,265.0,574.4,238.8,96.2,,196.35
196.35,enemy_proximity,Rabbit,29,132,75,667.0,265.0,574.4,238.8,96.2,,196.35
197.35,position,Rabbit,29,133,75,625.0,175.0,645.7,265.4,92.7,,197.35
197.35,enemy_proximity,Rabbit,29,133,75,625.0,175.0,645.7,265.4,92.7,,197.35
198.34,position,Rabbit,29,134,75,601.0,151.0,650.4,189.4,62.6,,198.34
198.34,enemy_proximity,Rabbit,29,134,75,601.0,151.0,650.4,189.4,62.6,,198.34
199.33,position,Rabbit,29,135,75,475.0,211.0,584.7,151.8,124.7,,199.33
200.32,position,Rabbit,29,136,75,463.0,271.0,500.8,150.1,126.7,,200.32
201.32,position,Rabbit,29,137,75,340.0,316.0,428.1,178.5,163.3,,201.32
201.49,item_collect,Rabbit,30,137,75,325.0,313.0,414.1,179.0,160.9,star.png,201.49
201.82,item_collect,Rabbit,30,137,75,313.0,295.0,392.4,196.1,126.9,shield.png,201.82
202.32,position,Rabbit,30,138,75,283.0,301.0,346.3,207.8,112.6,,202.32
203.32,position,Rabbit,30,139,75,298.0,391.0,275.9,253.9,138.9,,203.32
204.2,item_collect,Rabbit,31,140,75,331.0,433.0,270.3,338.4,112.4,star.png,204.2
204.32,position,Rabbit,31,140,75,331.0,415.0,270.2,349.6,89.3,,204.32
204.32,enemy_proximity,Rabbit,31,140,75,331.0,415.0,270.2,349.6,89.3,,204.32
205.32,position,Rabbit,31,141,75,361.0,301.0,322.1,414.4,119.9,,205.32
206.32,position,Rabbit,31,142,75,412.0,265.0,359.1,346.7,97.3,,206.32
206.32,enemy_proximity,Rabbit,31,142,75,412.0,265.0,359.1,346.7,97.3,,206.32
207.31,position,Rabbit,31,143,75,511.0,235.0,390.5,274.2,126.7,,207.31
208.31,position,Rabbit,31,144,75,475.0,145.0,486.3,270.1,125.6,,208.31
209.3,position,Rabbit,31,145,75,562.0,115.0,550.7,237.9,123.5,,209.3
210.3,position,Rabbit,31,146,75,523.0,25.0,569.6,149.6,133.0,,210.3
210.3,item_collect,Rabbit,31,146,75,523.0,25.0,569.6,149.6,133.0,wall.png,210.3
211.3,position,Rabbit,31,147,75,358.0,58.0,516.0,133.5,175.1,,211.3
212.29,position,Rabbit,31,148,75,391.0,178.0,448.1,91.0,104.1,,212.29
213.29,position,Rabbit,31,149,75,421.0,334.0,393.5,153.1,182.9,,213.29
214.28,position,Rabbit,31,150,75,418.0,487.0,390.1,249.0,239.6,,214.28
215.28,position,Rabbit,31,151,75,331.0,481.0,416.5,334.4,169.8,,215.28
215.94,item_collect,Rabbit,32,151,75,355.0,520.0,419.7,398.2,137.9,star.png,215.94
216.27,position,Rabbit,32,152,75,307.0,541.0,419.9,430.2,158.2,,216.27
217.26,position,Rabbit,32,153,75,229.0,541.0,368.5,488.6,149.0,,217.26
218.26,position,Rabbit,32,154,75,295.0,442.0,305.2,538.4,97.0,,218.26
218.26,enemy_proximity,Rabbit,32,154,75,295.0,442.0,305.2,538.4,97.0,,218.26
219.26,position,Rabbit,32,155,75,361.0,337.0,270.7,467.6,158.8,,219.26
220.25,position,Rabbit,32,156,75,421.0,262.0,343.0,422.1,178.1,,220.25
221.24,position,Rabbit,32,157,75,421.0,304.0,359.6,329.9,66.7,,221.24
221.24,enemy_proximity,Rabbit,32,157,75,421.0,304.0,359.6,329.9,66.7,,221.24
222.23,position,Rabbit,32,158,75,421.0,367.0,415.1,333.9,33.7,,222.23
222.23,enemy_proximity,Rabbit,32,158,75,421.0,367.0,415.1,333.9,33.7,,222.23
222.3,damage,Rabbit,32,133,75,421.0,367.0,416.2,340.2,27.3,,222.3
223.23,position,Rabbit,32,133,75,421.0,514.0,416.2,340.2,173.9,,223.23
224.23,position,Rabbit,32,133,75,481.0,541.0,416.2,340.2,211.0,,224.23
225.23,position,Rabbit,32,133,75,481.0,541.0,419.9,429.6,127.1,,225.23
226.21,position,Rabbit,32,134,75,481.0,442.0,445.7,455.1,37.6,,226.21
226.21,enemy_proximity,Rabbit,32,134,75,481.0,442.0,445.7,455.1,37.6,,226.21
227.21,position,Rabbit,32,135,75,481.0,313.0,479.2,377.8,64.9,,227.21
227.21,enemy_proximity,Rabbit,32,135,75,481.0,313.0,479.2,377.8,64.9,,227.21
228.21,position,Rabbit,32,136,75,358.0,244.0,433.5,329.7,114.3,,228.21
229.21,position,Rabbit,32,137,75,265.0,139.0,365.4,279.2,172.4,,229.21
230.2,position,Rabbit,32,138,75,133.0,115.0,322.4,213.0,213.2,,230.2
231.0,item_collect,Rabbit,32,139,75,73.0,145.0,301.0,193.7,233.2,wall.png,231.0
231.0,item_collect,Rabbit,32,139,75,73.0,145.0,301.0,193.7,233.2,trap.png,231.0
231.0,item_collect,Rabbit,33,139,75,73.0,145.0,301.0,193.7,233.2,star.png,231.0
231.2,position,Rabbit,33,139,75,37.0,145.0,300.6,174.5,265.2,,231.2
232.2,position,Rabbit,33,140,75,28.0,277.0,265.6,129.6,279.6,,232.2
232.99,item_collect,Rabbit,34,141,75,130.0,331.0,207.1,135.0,210.6,star.png,232.99
233.19,position,Rabbit,34,141,75,151.0,331.0,208.3,154.2,185.9,,233.19
234.18,position,Rabbit,34,142,75,121.0,382.0,209.9,250.1,159.1,,234.18
235.19,position,Rabbit,34,143,75,181.0,478.0,210.0,346.1,135.0,,235.19
236.19,position,Rabbit,34,134,75,238.6,541.0,182.4,430.1,124.3,,236.19
237.18,position,Rabbit,34,134,75,334.0,541.0,181.5,525.2,153.3,,237.18
238.18,position,Rabbit,34,135,75,421.0,475.0,275.3,539.5,159.3,,238.18
238.91,item_collect,Rabbit,34,136,75,421.0,463.0,344.9,538.5,107.3,trap.png,238.91
239.17,position,Rabbit,34,136,75,421.0,460.0,354.4,515.1,86.5,,239.17
239.17,enemy_proximity,Rabbit,34,136,75,421.0,460.0,354.4,515.1,86.5,,239.17
240.17,position,Rabbit,34,137,75,421.0,331.0,414.2,458.7,127.9,,240.17
241.17,position,Rabbit,34,138,75,382.0,235.0,419.6,385.1,154.8,,241.17
242.17,position,Rabbit,34,139,75,415.0,118.0,416.3,360.1,242.1,,242.17
242.32,item_collect,Rabbit,35,139,75,421.0,103.0,417.0,354.4,251.4,star.png,242.32
243.17,position,Rabbit,35,140,75,421.0,94.0,419.2,321.9,227.9,,243.17
244.17,position,Rabbit,35,141,75,472.0,85.0,419.9,261.4,183.9,,244.17
245.17,position,Rabbit,35,142,75,553.0,25.0,391.0,177.6,222.5,,245.17
245.77,item_collect,Rabbit,36,142,75,568.0,40.0,401.9,127.8,187.9,star.png,245.77
246.17,position,Rabbit,36,143,75,568.0,112.0,423.7,99.6,144.9,,246.17
247.16,position,Rabbit,36,144,75,601.0,241.0,503.5,112.7,161.1,,247.16
247.58,item_collect,Rabbit,37,144,75,583.0,301.0,523.3,142.2,169.6,star.png,247.58
248.17,position,Rabbit,37,145,75,535.0,346.0,563.7,169.7,178.6,,248.17
248.95,item_collect,Rabbit,38,146,75,523.0,331.0,585.7,234.4,115.2,star.png,248.95
249.16,position,Rabbit,38,146,75,484.0,331.0,585.1,245.6,132.4,,249.16
250.15,position,Rabbit,38,147,75,538.0,331.0,500.3,261.7,78.9,,250.15
250.15,enemy_proximity,Rabbit,38,147,75,538.0,331.0,500.3,261.7,78.9,,250.15
250.85,item_collect,Rabbit,38,148,75,610.0,361.0,488.9,318.3,128.4,shield.png,250.85
251.15,position,Rabbit,38,148,75,661.0,361.0,516.6,325.6,148.7,,251.15
251.53,item_collect,Rabbit,38,168,75,670.0,325.0,541.5,348.1,130.6,heal.png,251.53
251.69,item_collect,Rabbit,39,168,75,700.0,325.0,556.4,353.9,146.5,star.png,251.69
252.14,position,Rabbit,39,169,75,721.0,283.0,599.3,358.6,143.3,,252.14
253.14,position,Rabbit,39,170,75,643.0,265.0,683.8,334.3,80.4,,253.14
253.14,enemy_proximity,Rabbit,39,170,75,643.0,265.0,683.8,334.3,80.4,,253.14
254.13,position,Rabbit,39,171,75,556.0,235.0,695.6,275.2,145.3,,254.13
255.12,position,Rabbit,39,172,75,505.0,253.0,607.7,258.4,102.9,,255.12
256.12,position,Rabbit,39,173,75,355.0,283.0,520.4,246.3,169.4,,256.12
257.11,position,Rabbit,39,174,75,310.0,421.0,432.3,269.5,194.7,,257.11
257.64,item_collect,Rabbit,39,174,75,253.0,451.0,381.1,269.9,221.8,shield.png,257.64
258.11,position,Rabbit,39,175,75,235.0,475.0,363.6,305.2,213.0,,258.11
259.11,position,Rabbit,39,176,75,160.0,445.0,360.1,401.1,204.9,,259.11
260.11,position,Rabbit,39,177,75,85.0,409.0,282.9,444.4,201.1,,260.11
261.11,position,Rabbit,39,178,75,115.0,337.0,200.4,477.4,164.4,,261.11
261.72,item_collect,Rabbit,40,178,75,73.0,325.0,181.7,428.9,150.3,star.png,261.72
262.1,position,Rabbit,40,179,75,25.0,325.0,165.8,397.2,158.3,,262.1
263.1,position,Rabbit,40,180,75,91.0,196.0,101.9,332.0,136.4,,263.1
264.09,position,Rabbit,40,181,75,121.0,73.0,90.2,225.4,155.5,,264.09
264.54,item_collect,Rabbit,40,181,75,151.0,43.0,90.0,176.8,147.1,wall.png,264.54
265.09,position,Rabbit,40,182,75,211.0,25.0,115.1,129.4,141.8,,265.09
266.1,position,Rabbit,40,183,75,301.0,82.0,154.2,40.0,152.7,,266.1
266.48,item_collect,Rabbit,41,183,75,283.0,145.0,194.6,32.1,143.4,star.png,266.48
267.09,position,Rabbit,41,184,75,301.0,148.0,208.5,96.3,106.0,,267.09
268.09,position,Rabbit,41,185,75,256.0,241.0,288.0,151.6,94.9,,268.09
268.09,enemy_proximity,Rabbit,41,185,75,256.0,241.0,288.0,151.6,94.9,,268.09
269.08,position,Rabbit,41,186,75,277.0,391.0,278.2,247.2,143.8,,269.08
270.07,position,Rabbit,41,187,75,235.0,451.0,270.2,354.4,102.8,,270.07
271.07,position,Rabbit,41,188,75,219.4,482.2,283.7,442.9,75.3,,271.07
271.07,enemy_proximity,Rabbit,41,188,75,219.4,482.2,283.7,442.9,75.3,,271.07
272.07,position,Rabbit,41,188,75,181.0,523.6,191.6,481.6,43.3,,272.07
272.07,enemy_proximity,Rabbit,41,188,75,181.0,523.6,191.6,481.6,43.3,,272.07
272.27,damage,Rabbit,41,138,75,181.0,529.6,185.2,502.1,27.8,,272.27
273.06,position,Rabbit,41,138,75,208.0,541.6,190.0,529.5,21.7,,273.06
273.06,enemy_proximity,Rabbit,41,138,75,208.0,541.6,190.0,529.5,21.7,,273.06
273.13,item_collect,Rabbit,42,138,75,220.0,541.6,194.8,532.0,27.0,star.png,273.13
273.79,item_collect,Rabbit,42,138,75,340.0,541.6,264.4,539.3,75.6,trap.png,273.79
274.06,position,Rabbit,42,138,75,361.0,523.6,293.2,539.8,69.7,,274.06
274.06,enemy_proximity,Rabbit,42,138,75,361.0,523.6,293.2,539.8,69.7,,274.06
275.06,position,Rabbit,42,138,75,325.0,457.6,351.4,490.4,42.1,,275.06
275.06,enemy_proximity,Rabbit,42,138,75,325.0,457.6,351.4,490.4,42.1,,275.06
276.06,position,Rabbit,42,139,75,277.0,385.6,317.6,457.0,82.1,,276.06
276.06,enemy_proximity,Rabbit,42,139,75,277.0,385.6,317.6,457.0,82.1,,276.06
277.07,position,Rabbit,42,140,75,274.0,292.6,303.4,418.1,128.9,,277.07
277.91,item_collect,Rabbit,42,141,75,343.0,331.6,296.8,405.9,87.5,shield.png,277.91
278.07,position,Rabbit,42,141,75,325.0,331.6,302.8,408.4,80.0,,278.07
278.07,enemy_proximity,Rabbit,42,141,75,325.0,331.6,302.8,408.4,80.0,,278.07
279.05,position,Rabbit,42,142,75,385.0,244.6,358.2,364.4,122.8,,279.05
280.05,position,Rabbit,42,143,75,295.0,187.6,360.0,256.5,94.7,,280.05
280.05,enemy_proximity,Rabbit,42,143,75,295.0,187.6,360.0,256.5,94.7,,280.05
280.45,item_collect,Rabbit,42,144,75,283.0,115.6,351.7,218.8,124.0,wall.png,280.45
281.05,position,Rabbit,42,144,75,175.0,115.6,304.8,188.0,148.6,,281.05
282.04,position,Rabbit,42,145,75,43.0,151.0,237.2,123.2,196.1,,282.04
282.9,item_collect,Rabbit,42,146,75,25.0,133.0,143.7,120.1,119.4,wall.png,282.9
283.04,position,Rabbit,42,146,75,25.0,115.0,131.5,123.3,106.8,,283.04
284.03,position,Rabbit,42,147,75,25.0,292.0,94.1,177.3,133.9,,284.03
285.03,position,Rabbit,42,148,75,121.0,364.0,84.6,260.0,110.1,,285.03
286.03,position,Rabbit,42,149,75,181.0,451.0,115.0,356.5,115.3,,286.03
287.02,position,Rabbit,42,150,75,235.0,541.0,176.3,425.5,129.5,,287.02
288.02,position,Rabbit,42,151,75,361.0,532.0,187.9,528.5,173.1,,288.02
288.07,item_collect,Rabbit,42,151,75,361.0,523.0,192.7,531.0,168.5,trap.png,288.07
289.02,position,Rabbit,42,152,75,421.0,448.0,294.6,539.8,156.2,,289.02
290.02,position,Rabbit,42,153,75,421.0,268.0,366.1,490.1,228.8,,290.02
291.01,position,Rabbit,42,154,75,397.0,235.0,416.9,442.0,208.0,,291.01
292.01,position,Rabbit,42,155,75,421.0,115.0,419.5,399.0,284.0,,292.01
293.01,position,Rabbit,42,156,75,445.0,91.0,419.9,355.8,265.9,,293.01
294.0,position,Rabbit,42,157,75,478.0,55.0,420.0,286.6,238.8,,294.0
294.8,item_collect,Rabbit,42,178,75,580.0,25.0,393.9,212.9,264.5,heal.png,294.8
295.0,position,Rabbit,42,178,75,616.0,25.0,391.5,191.5,279.5,,295.0
296.0,position,Rabbit,42,179,75,649.0,121.0,467.1,175.9,190.0,,296.0
296.25,item_collect,Rabbit,42,180,75,670.0,121.0,485.4,158.8,188.4,shield.png,296.25
297.0,position,Rabbit,42,180,75,667.0,121.0,565.6,150.5,105.6,,297.0
297.46,damage,Rabbit,42,156,75,628.0,124.0,615.0,148.5,27.7,,297.46
297.99,position,Rabbit,42,156,75,625.0,43.0,615.0,148.5,106.0,,297.99
298.98,position,Rabbit,42,156,75,475.0,28.0,615.0,148.5,184.7,,298.98
299.98,position,Rabbit,42,156,75,415.0,121.0,557.4,149.8,145.3,,299.98
300.97,position,Rabbit,42,157,75,295.0,82.0,495.5,96.8,201.0,,300.97
301.02,item_collect,Rabbit,42,177,75,295.0,73.0,490.3,95.5,196.6,heal.png,301.02
301.97,position,Rabbit,42,178,75,259.0,25.0,399.5,115.2,166.9,,301.97
302.96,position,Rabbit,42,179,75,145.0,25.0,309.5,81.7,174.0,,302.96
303.96,position,Rabbit,42,169,75,121.0,87.4,235.1,31.0,127.3,,303.96
304.95,position,Rabbit,42,169,75,85.0,181.0,138.3,52.4,139.2,,304.95
305.95,position,Rabbit,42,170,75,112.0,271.0,120.3,155.4,115.9,,305.95
306.95,position,Rabbit,42,171,75,145.0,310.0,90.7,251.2,80.0,,306.95
306.95,enemy_proximity,Rabbit,42,171,75,145.0,310.0,90.7,251.2,80.0,,306.95
307.5,damage,Rabbit,42,122,75,103.0,331.0,91.0,307.5,26.4,,307.5
307.95,position,Rabbit,42,122,75,115.0,337.0,98.6,318.8,24.4,,307.95
307.95,enemy_proximity,Rabbit,42,122,75,115.0,337.0,98.6,318.8,24.4,,307.95
308.94,position,Rabbit,42,122,75,181.0,421.0,162.5,387.0,38.7,,308.94
308.94,enemy_proximity,Rabbit,42,122,75,181.0,421.0,162.5,387.0,38.7,,308.94
309.94,position,Rabbit,42,122,75,196.0,541.0,179.4,476.7,66.4,,309.94
309.94,enemy_proximity,Rabbit,42,122,75,196.0,541.0,179.4,476.7,66.4,,309.94
310.94,position,Rabbit,42,123,75,361.0,541.0,237.2,538.2,123.8,,310.94
311.93,position,Rabbit,42,124,75,325.0,427.0,345.2,540.0,114.8,,311.93
312.54,item_collect,Rabbit,42,125,75,283.0,385.0,342.7,484.8,116.3,trap.png,312.54
312.93,position,Rabbit,42,125,75,265.0,385.0,317.8,456.6,88.9,,312.93
312.93,enemy_proximity,Rabbit,42,125,75,265.0,385.0,317.8,456.6,88.9,,312.93
313.93,position,Rabbit,42,126,75,265.0,235.0,274.2,367.8,133.1,,313.93
314.92,position,Rabbit,42,127,75,301.0,193.0,270.1,283.7,95.8,,314.92
314.92,enemy_proximity,Rabbit,42,127,75,301.0,193.0,270.1,283.7,95.8,,314.92
315.92,position,Rabbit,42,128,75,301.0,79.0,281.9,248.1,170.2,,315.92
316.93,position,Rabbit,42,129,75,301.0,118.0,296.2,208.7,90.9,,316.93
316.93,enemy_proximity,Rabbit,42,129,75,301.0,118.0,296.2,208.7,90.9,,316.93
317.92,position,Rabbit,42,130,75,355.0,85.0,299.7,141.9,79.4,,317.92
317.92,enemy_proximity,Rabbit,42,130,75,355.0,85.0,299.7,141.9,79.4,,317.92
318.91,position,Rabbit,42,131,75,403.0,25.0,354.3,72.4,68.0,,318.91
318.91,enemy_proximity,Rabbit,42,131,75,403.0,25.0,354.3,72.4,68.0,,318.91
319.91,position,Rabbit,42,121,75,421.0,82.6,414.0,57.3,26.3,,319.91
319.91,enemy_proximity,Rabbit,42,121,75,421.0,82.6,414.0,57.3,26.3,,319.91
320.28,damage,Rabbit,42,71,75,421.0,109.0,417.7,82.2,27.0,,320.28
320.91,position,Rabbit,42,71,75,362.2,131.8,379.9,117.0,23.0,,320.91
320.91,enemy_proximity,Rabbit,42,71,75,362.2,131.8,379.9,117.0,23.0,,320.91
321.92,position,Rabbit,42,71,75,386.2,158.2,375.2,140.6,20.8,,321.92
321.92,enemy_proximity,Rabbit,42,71,75,386.2,158.2,375.2,140.6,20.8,,321.92
322.37,damage,Rabbit,42,21,75,428.2,182.2,402.2,172.2,27.9,,322.37
322.92,position,Rabbit,42,21,75,383.2,182.2,403.8,174.3,22.1,,322.92
322.92,enemy_proximity,Rabbit,42,21,75,383.2,182.2,403.8,174.3,22.1,,322.92
323.45,item_collect,Rabbit,42,21,75,365.2,251.2,384.5,199.4,55.2,shield.png,323.45
323.92,position,Rabbit,42,21,75,335.2,332.2,363.6,240.8,95.7,,323.92
323.92,enemy_proximity,Rabbit,42,21,75,335.2,332.2,363.6,240.8,95.7,,323.92
324.92,position,Rabbit,42,21,75,293.2,425.2,360.1,348.7,101.6,,324.92
325.48,item_collect,Rabbit,42,22,75,281.2,452.2,355.2,407.0,86.7,shield.png,325.48
325.91,position,Rabbit,42,22,75,233.2,452.2,312.5,421.2,85.2,,325.91
325.91,enemy_proximity,Rabbit,42,22,75,233.2,452.2,312.5,421.2,85.2,,325.91
326.91,position,Rabbit,42,23,75,134.2,443.2,228.0,472.5,98.3,,326.91
326.91,enemy_proximity,Rabbit,42,23,75,134.2,443.2,228.0,472.5,98.3,,326.91
327.92,position,Rabbit,42,24,75,23.2,482.2,132.1,451.5,113.1,,327.92
327.98,item_collect,Rabbit,42,44,75,23.2,491.2,124.9,451.2,109.3,heal.png,327.98
328.57,item_collect,Rabbit,42,45,75,71.2,542.2,73.3,474.7,67.6,wall.png,328.57
328.91,position,Rabbit,42,45,75,134.2,542.2,71.6,478.5,89.3,,328.91
328.91,enemy_proximity,Rabbit,42,45,75,134.2,542.2,71.6,478.5,89.3,,328.91
329.9,position,Rabbit,42,46,75,314.2,542.2,149.8,453.6,186.7,,329.9
330.9,position,Rabbit,42,47,75,422.2,464.2,235.7,478.3,187.0,,330.9
331.91,position,Rabbit,42,48,75,482.2,410.2,321.0,463.3,169.8,,331.91
332.91,position,Rabbit,42,49,75,572.2,422.2,416.2,462.2,161.0,,332.91
333.58,item_collect,Rabbit,42,70,75,611.2,353.2,475.2,433.2,157.8,heal.png,333.58
333.9,position,Rabbit,42,70,75,650.2,353.2,509.7,423.8,157.2,,333.9
334.53,item_collect,Rabbit,43,71,75,671.2,323.2,564.0,399.4,131.5,star.png,334.53
334.89,position,Rabbit,43,71,75,722.2,323.2,579.8,368.1,149.3,,334.89
335.17,item_collect,Rabbit,44,71,75,722.2,341.2,609.8,362.7,114.5,star.png,335.17
335.37,item_collect,Rabbit,45,72,75,722.2,371.2,631.3,361.3,91.4,star.png,335.37
335.89,position,Rabbit,45,72,75,722.2,407.2,656.5,390.5,67.8,,335.89
335.89,enemy_proximity,Rabbit,45,72,75,722.2,407.2,656.5,390.5,67.8,,335.89
336.58,item_collect,Rabbit,45,73,75,722.2,281.2,710.8,406.5,125.8,wall.png,336.58
336.88,position,Rabbit,45,73,75,722.2,227.2,714.4,392.7,165.7,,336.88
336.91,item_collect,Rabbit,45,73,75,722.2,221.2,715.0,389.2,168.1,clock.png,336.91
337.87,position,Rabbit,45,74,75,506.2,125.2,719.8,303.0,278.0,,337.87
338.61,item_collect,Rabbit,45,95,75,488.2,83.2,660.6,271.3,255.1,heal.png,338.61
338.86,position,Rabbit,45,95,75,416.2,83.2,633.6,270.4,286.9,,338.86
339.24,item_collect,Rabbit,46,95,75,413.2,41.2,602.9,252.5,284.0,star.png,339.24
339.85,position,Rabbit,46,96,75,353.2,26.2,553.9,233.9,288.8,,339.85
340.85,position,Rabbit,46,97,75,353.2,107.2,472.9,188.5,144.7,,340.85
341.85,position,Rabbit,46,98,75,293.2,83.2,378.5,156.4,112.5,,341.85
342.84,position,Rabbit,46,99,75,293.2,218.2,314.4,91.7,128.2,,342.84
343.39,item_collect,Rabbit,46,120,75,206.2,248.2,301.6,147.5,138.7,heal.png,343.39
343.84,position,Rabbit,46,120,75,203.8,280.6,300.2,196.1,128.2,,343.84
344.22,item_collect,Rabbit,47,120,75,203.8,308.2,288.8,230.5,115.1,star.png,344.22
344.83,position,Rabbit,47,120,75,203.8,391.0,223.2,239.3,152.9,,344.83
345.83,position,Rabbit,47,121,75,59.8,391.0,164.8,299.8,139.0,,345.83
346.12,item_collect,Rabbit,47,121,75,23.8,400.0,143.3,320.3,143.6,wall.png,346.12
346.6,item_collect,Rabbit,48,122,75,38.8,475.0,123.3,364.3,139.2,star.png,346.6
346.82,position,Rabbit,48,122,75,77.8,499.0,121.9,375.0,131.6,,346.82
347.82,position,Rabbit,48,123,75,121.0,469.0,91.1,453.6,33.6,,347.82
347.82,enemy_proximity,Rabbit,48,123,75,121.0,469.0,91.1,453.6,33.6,,347.82
347.87,damage,Rabbit,48,73,75,121.0,460.0,94.5,454.8,27.0,,347.87
348.82,position,Rabbit,48,73,75,177.4,439.0,155.5,450.5,24.7,,348.82
348.82,enemy_proximity,Rabbit,48,73,75,177.4,439.0,155.5,450.5,24.7,,348.82
349.25,item_collect,Rabbit,49,73,75,182.2,402.4,173.8,430.9,29.7,star.png,349.25
349.81,position,Rabbit,49,73,75,116.2,384.4,150.8,394.2,36.0,,349.81
349.81,enemy_proximity,Rabbit,49,73,75,116.2,384.4,150.8,394.2,36.0,,349.81
350.06,damage,Rabbit,49,23,75,98.2,384.4,124.0,391.4,26.7,,350.06
350.76,item_collect,Rabbit,50,23,75,101.2,324.4,115.6,341.6,22.4,star.png,350.76
350.81,position,Rabbit,50,23,75,92.2,324.4,110.3,339.2,23.4,,350.81
350.81,enemy_proximity,Rabbit,50,23,75,92.2,324.4,110.3,339.2,23.4,,350.81
351.82,position,Rabbit,50,23,75,32.2,234.4,31.6,282.5,48.1,,351.82
351.82,enemy_proximity,Rabbit,50,23,75,32.2,234.4,31.6,282.5,48.1,,351.82
352.82,position,Rabbit,50,23,75,140.2,114.4,85.1,190.7,94.1,,352.82
352.82,enemy_proximity,Rabbit,50,23,75,140.2,114.4,85.1,190.7,94.1,,352.82
353.82,position,Rabbit,50,24,75,242.9,83.7,162.5,122.3,89.2,,353.82
353.82,enemy_proximity,Rabbit,50,24,75,242.9,83.7,162.5,122.3,89.2,,353.82
354.82,position,Rabbit,50,25,75,335.9,212.7,272.9,138.9,97.0,,354.82
354.82,enemy_proximity,Rabbit,50,25,75,335.9,212.7,272.9,138.9,97.0,,354.82
355.35,item_collect,Rabbit,50,46,75,365.9,248.7,297.6,193.1,88.1,heal.png,355.35
355.81,position,Rabbit,50,46,75,353.9,272.7,347.4,211.4,61.6,,355.81
355.81,enemy_proximity,Rabbit,50,46,75,353.9,272.7,347.4,211.4,61.6,,355.81
356.71,item_collect,Rabbit,50,47,75,281.9,293.7,329.3,295.7,47.4,trap.png,356.71
356.81,position,Rabbit,50,47,75,263.9,293.7,317.4,297.4,53.6,,356.81
356.81,enemy_proximity,Rabbit,50,47,75,263.9,293.7,317.4,297.4,53.6,,356.81
357.81,position,Rabbit,50,48,75,206.9,164.7,235.5,243.3,83.7,,357.81
357.81,enemy_proximity,Rabbit,50,48,75,206.9,164.7,235.5,243.3,83.7,,357.81
358.81,position,Rabbit,50,49,75,233.9,23.7,211.0,175.3,153.3,,358.81
359.81,position,Rabbit,50,50,75,320.9,92.7,216.0,131.0,111.7,,359.81
360.8,position,Rabbit,50,51,75,392.9,125.7,262.8,121.9,130.3,,360.8
361.8,position,Rabbit,50,52,75,413.9,83.7,337.9,92.7,76.5,,361.8
361.8,enemy_proximity,Rabbit,50,52,75,413.9,83.7,337.9,92.7,76.5,,361.8
361.93,item_collect,Rabbit,50,72,75,413.9,71.7,349.0,91.5,67.9,heal.png,361.93
362.8,position,Rabbit,50,73,75,413.9,104.7,407.9,37.3,67.6,,362.8
362.8,enemy_proximity,Rabbit,50,73,75,413.9,104.7,407.9,37.3,67.6,,362.8
363.79,position,Rabbit,50,74,75,422.9,182.7,394.4,144.3,47.8,,363.79
363.79,enemy_proximity,Rabbit,50,74,75,422.9,182.7,394.4,144.3,47.8,,363.79
364.0,item_collect,Rabbit,50,74,75,431.9,182.7,397.2,167.1,38.1,trap.png,364.0
364.78,position,Rabbit,50,75,75,509.9,143.7,479.2,161.0,35.3,,364.78
364.78,enemy_proximity,Rabbit,50,75,75,509.9,143.7,479.2,161.0,35.3,,364.78
365.19,damage,Rabbit,50,26,75,527.9,113.7,509.7,132.0,25.8,,365.19
365.23,item_collect,Rabbit,50,26,75,521.9,113.7,509.7,132.0,22.0,wall.png,365.23
365.78,position,Rabbit,50,26,75,422.9,113.7,509.8,122.0,87.2,,365.78
365.78,enemy_proximity,Rabbit,50,26,75,422.9,113.7,509.8,122.0,87.2,,365.78
366.78,position,Rabbit,50,26,75,353.2,152.7,419.7,108.1,80.0,,366.78
366.78,enemy_proximity,Rabbit,50,26,75,353.2,152.7,419.7,108.1,80.0,,366.78
367.56,damage,Rabbit,50,-24,75,425.2,182.7,400.3,170.0,27.9,,367.56
367.56,game_over,Rabbit,50,0,75,425.2,182.7,400.3,170.0,27.9,,367.56
1.03,position,Rabbit,0,200,75,390,270,73.6,57.0,381.4,,1.03
2.02,position,Rabbit,0,200,75,390,270,114.2,86.1,331.5,,2.02
3.02,position,Rabbit,0,200,75,414,300,122.9,138.3,332.9,,3.02
4.0,position,Rabbit,0,200,75,420,381,141.5,189.0,338.3,,4.0
4.67,item_collect,Rabbit,0,200,75,459,450,176.8,205.3,373.6,clock.png,4.67
4.99,position,Rabbit,0,200,75,477,432,195.0,208.7,359.7,,4.99
5.07,item_collect,Rabbit,1,200,75,477,402,197.2,213.2,337.5,star.png,5.07
5.98,position,Rabbit,1,200,75,483,264,243.3,236.1,241.3,,5.98
6.34,item_collect,Rabbit,1,200,75,507,222,265.1,238.3,242.4,clock.png,6.34
6.97,position,Rabbit,1,200,75,477,144,293.7,223.1,199.7,,6.97
7.96,position,Rabbit,1,200,75,615,144,352.1,211.6,271.4,,7.96
8.94,position,Rabbit,1,200,75,630,123,400.7,187.2,238.2,,8.94
9.6,item_collect,Rabbit,2,200,75,669,114,440.2,181.7,238.7,star.png,9.6
9.93,position,Rabbit,2,200,75,714,114,460.1,180.9,262.5,,9.93
10.92,position,Rabbit,2,200,75,702,120,508.3,154.0,196.7,,10.92
11.91,position,Rabbit,2,200,75,624,24,562.2,142.1,133.3,,11.91
12.91,position,Rabbit,2,200,75,537,24,569.2,82.8,67.1,,12.91
12.91,enemy_proximity,Rabbit,2,200,75,537,24,569.2,82.8,67.1,,12.91
13.9,position,Rabbit,2,200,75,456,90,550.6,35.8,109.0,,13.9
14.89,position,Rabbit,2,200,75,357,135,492.6,33.3,169.5,,14.89
15.89,position,Rabbit,2,200,75,390,246,467.1,82.0,181.2,,15.89
16.15,item_collect,Rabbit,3,200,75,372,294,451.6,85.4,223.2,star.png,16.15
16.88,position,Rabbit,3,200,75,324,330,419.3,107.6,241.9,,16.88
17.87,position,Rabbit,3,200,75,360,414,393.1,155.6,260.5,,17.87
18.32,item_collect,Rabbit,3,200,75,324,429,391.2,182.6,255.4,wall.png,18.32
18.86,position,Rabbit,3,200,75,357,492,373.0,205.0,287.5,,18.86
19.86,position,Rabbit,3,200,75,412.0,475.0,361.6,263.4,217.5,,19.86
20.85,position,Rabbit,3,200,75,421.0,541.0,360.2,323.4,225.9,,20.85
21.84,position,Rabbit,3,200,75,481.0,469.0,368.0,378.5,144.7,,21.84
22.37,item_collect,Rabbit,4,200,75,481.0,373.0,398.8,386.2,83.2,star.png,22.37
22.84,position,Rabbit,4,200,75,481.0,289.0,413.6,367.4,103.4,,22.84
23.83,position,Rabbit,4,200,75,511.0,217.0,419.4,307.8,129.0,,23.83
24.82,position,Rabbit,4,200,75,553.0,241.0,454.1,274.1,104.3,,24.82
25.82,position,Rabbit,4,200,75,631.0,274.0,503.3,253.7,129.3,,25.82
26.81,position,Rabbit,4,200,75,694.0,271.0,561.6,241.6,135.6,,26.81
27.8,position,Rabbit,4,200,75,721.0,388.0,611.5,262.6,166.5,,27.8
27.87,item_collect,Rabbit,4,200,75,721.0,400.0,615.3,263.9,172.4,heal.png,27.87
28.8,position,Rabbit,4,200,75,655.0,463.0,671.0,269.1,194.6,,28.8
29.78,position,Rabbit,4,200,75,595.0,457.0,713.8,293.9,201.7,,29.78
30.78,position,Rabbit,4,200,75,535.0,496.0,680.7,326.4,223.6,,30.78
30.91,item_collect,Rabbit,4,200,75,535.0,520.0,673.5,328.5,236.3,clock.png,30.91
31.77,position,Rabbit,4,200,75,475.0,415.0,633.9,355.4,169.7,,31.77
32.53,item_collect,Rabbit,4,200,75,403.0,265.0,588.1,359.3,207.7,heal.png,32.53
32.76,position,Rabbit,4,200,75,373.0,265.0,574.1,359.6,222.2,,32.76
33.73,item_collect,Rabbit,4,200,75,343.0,205.0,528.1,336.7,227.2,shield.png,33.73
33.76,position,Rabbit,4,200,75,337.0,205.0,526.2,336.0,230.1,,33.76
34.75,position,Rabbit,4,200,75,268.0,118.0,466.6,330.6,290.9,,34.75
35.74,position,Rabbit,4,200,75,214.0,121.0,417.8,310.5,278.3,,35.74
36.74,position,Rabbit,4,200,75,226.0,121.0,367.9,287.9,219.1,,36.74
37.73,position,Rabbit,4,200,75,184.0,121.0,312.6,298.2,219.0,,37.73
38.54,item_collect,Rabbit,4,200,75,205.0,73.0,275.8,281.1,219.8,heal.png,38.54
38.72,position,Rabbit,4,200,75,205.0,52.0,274.3,270.2,229.0,,38.72
39.71,position,Rabbit,4,200,75,301.0,25.0,286.5,238.7,214.2,,39.71
40.7,position,Rabbit,4,200,75,301.0,70.0,298.6,180.7,110.7,,40.7
41.38,damage,Rabbit,4,175,75,301.0,112.0,299.7,139.7,27.7,,41.38
41.7,position,Rabbit,4,175,75,301.0,85.0,299.7,139.7,54.7,,41.7
41.7,enemy_proximity,Rabbit,4,175,75,301.0,85.0,299.7,139.7,54.7,,41.7
42.69,position,Rabbit,4,175,75,205.0,25.0,299.7,139.7,148.7,,42.69
43.67,position,Rabbit,4,175,75,145.0,61.0,282.7,143.5,160.5,,43.67
43.9,item_collect,Rabbit,4,175,75,103.0,61.0,274.7,132.8,186.1,trap.png,43.9
44.66,position,Rabbit,4,176,75,25.0,97.0,230.2,122.3,206.8,,44.66
45.65,position,Rabbit,4,177,75,109.0,169.0,170.3,120.2,78.3,,45.65
45.65,enemy_proximity,Rabbit,4,177,75,109.0,169.0,170.3,120.2,78.3,,45.65
46.64,position,Rabbit,4,178,75,85.0,247.0,120.3,137.4,115.2,,46.64
47.63,position,Rabbit,4,179,75,55.0,229.0,93.3,184.7,58.6,,47.63
47.63,enemy_proximity,Rabbit,4,179,75,55.0,229.0,93.3,184.7,58.6,,47.63
48.16,item_collect,Rabbit,4,179,75,25.0,280.0,73.3,205.1,89.1,wall.png,48.16
48.62,position,Rabbit,4,180,75,34.0,364.0,65.8,224.8,142.8,,48.62
49.6,position,Rabbit,4,181,75,172.0,391.0,83.9,255.3,161.8,,49.6
50.59,position,Rabbit,4,182,75,160.0,391.0,89.3,315.0,103.8,,50.59
51.58,position,Rabbit,4,183,75,211.0,301.0,135.2,332.7,82.2,,51.58
51.58,enemy_proximity,Rabbit,4,183,75,211.0,301.0,135.2,332.7,82.2,,51.58
52.18,item_collect,Rabbit,5,183,75,211.0,193.0,157.9,308.3,126.9,star.png,52.18
52.57,position,Rabbit,5,184,75,211.0,163.0,181.3,303.7,143.8,,52.57
53.0,item_collect,Rabbit,6,184,75,226.0,193.0,200.0,290.4,100.8,star.png,53.0
53.56,position,Rabbit,6,185,75,235.0,175.0,207.4,257.5,87.0,,53.56
53.56,enemy_proximity,Rabbit,6,185,75,235.0,175.0,207.4,257.5,87.0,,53.56
54.55,position,Rabbit,6,186,75,205.0,40.0,209.7,197.6,157.6,,54.55
55.54,position,Rabbit,6,187,75,292.0,31.0,210.0,137.6,134.5,,55.54
56.53,position,Rabbit,6,188,75,301.0,34.0,210.0,77.6,100.9,,56.53
57.31,item_collect,Rabbit,6,200,75,310.0,88.0,221.8,38.2,101.2,heal.png,57.31
57.52,position,Rabbit,6,200,75,349.0,88.0,234.5,35.5,126.0,,57.52
58.36,item_collect,Rabbit,6,200,75,373.0,127.0,284.7,31.7,129.9,trap.png,58.36
58.51,position,Rabbit,6,200,75,391.0,127.0,289.0,39.6,134.3,,58.51
58.93,item_collect,Rabbit,6,200,75,391.0,160.0,295.2,64.7,135.1,clock.png,58.93
59.5,position,Rabbit,6,200,75,391.0,298.0,298.6,98.4,219.9,,59.5
60.49,position,Rabbit,6,200,75,337.0,328.0,299.8,158.4,173.6,,60.49
61.48,position,Rabbit,6,200,75,361.0,388.0,322.0,203.2,188.9,,61.48
62.02,item_collect,Rabbit,6,200,75,313.0,421.0,348.9,216.3,207.8,clock.png,62.02
62.47,position,Rabbit,6,200,75,295.0,451.0,355.6,242.2,217.4,,62.47
63.42,item_collect,Rabbit,6,200,75,193.0,481.0,358.4,299.1,245.9,wall.png,63.42
63.46,position,Rabbit,6,200,75,181.0,481.0,356.4,299.1,252.7,,63.46
63.59,item_collect,Rabbit,6,200,75,133.0,481.0,353.4,299.2,285.7,clock.png,63.59
63.59,item_collect,Rabbit,7,200,75,133.0,481.0,353.4,299.2,285.7,star.png,63.59
64.45,position,Rabbit,7,200,75,115.0,499.0,326.4,299.7,290.5,,64.45
64.9,item_collect,Rabbit,7,200,75,115.0,523.0,299.4,299.9,289.4,trap.png,64.9
65.44,position,Rabbit,7,200,75,115.0,541.0,276.7,315.6,277.5,,65.44
65.77,item_collect,Rabbit,7,200,75,73.0,541.0,273.7,335.3,287.4,wall.png,65.77
66.44,position,Rabbit,7,200,75,40.0,478.0,243.6,354.9,237.9,,66.44
67.43,position,Rabbit,7,200,75,25.0,490.0,196.5,383.0,202.1,,67.43
68.41,position,Rabbit,7,200,75,25.0,481.0,137.0,389.3,144.8,,68.41
69.4,position,Rabbit,7,200,75,25.0,541.0,77.0,389.9,159.8,,69.4
70.39,position,Rabbit,7,200,75,121.0,496.0,75.9,391.8,113.6,,70.39
71.37,position,Rabbit,7,200,75,121.0,541.0,88.3,449.8,96.9,,71.37
71.37,enemy_proximity,Rabbit,7,200,75,121.0,541.0,88.3,449.8,96.9,,71.37
72.36,position,Rabbit,7,200,75,82.0,541.0,46.5,477.4,72.9,,72.36
72.36,enemy_proximity,Rabbit,7,200,75,82.0,541.0,46.5,477.4,72.9,,72.36
73.36,position,Rabbit,7,200,75,130.0,451.0,75.6,481.1,62.2,,73.36
73.36,enemy_proximity,Rabbit,7,200,75,130.0,451.0,75.6,481.1,62.2,,73.36
74.34,position,Rabbit,7,200,75,217.0,358.0,96.4,437.6,144.5,,74.34
74.36,item_collect,Rabbit,7,200,75,220.0,355.0,96.0,436.6,148.4,wall.png,74.36
75.34,position,Rabbit,7,200,75,367.0,352.0,96.0,400.9,275.3,,75.34
76.33,position,Rabbit,7,200,75,382.0,268.0,154.8,391.3,258.5,,76.33
76.58,item_collect,Rabbit,8,200,75,388.0,223.0,169.8,390.7,275.2,star.png,76.58
76.91,item_collect,Rabbit,8,200,75,391.0,163.0,189.8,390.4,303.6,trap.png,76.91
77.32,position,Rabbit,8,200,75,391.0,127.0,203.5,372.3,308.8,,77.32
78.3,position,Rabbit,8,200,75,391.0,127.0,209.4,312.7,259.7,,78.3
79.3,position,Rabbit,8,200,75,391.0,178.0,210.8,253.3,195.2,,79.3
80.29,position,Rabbit,8,200,75,391.0,202.0,269.1,241.7,128.2,,80.29
81.29,position,Rabbit,8,200,75,391.0,172.0,317.3,215.5,85.6,,81.29
81.29,enemy_proximity,Rabbit,8,200,75,391.0,172.0,317.3,215.5,85.6,,81.29
82.28,position,Rabbit,8,200,75,481.0,181.0,375.4,208.0,109.0,,82.28
82.68,item_collect,Rabbit,8,200,75,490.0,145.0,390.3,191.1,109.8,wall.png,82.68
83.28,position,Rabbit,8,200,75,598.0,145.0,425.2,183.2,177.0,,83.28
84.27,position,Rabbit,8,200,75,631.0,112.0,474.7,163.1,164.4,,84.27
85.25,position,Rabbit,8,200,75,625.0,25.0,514.9,130.1,152.2,,85.25
86.24,position,Rabbit,8,200,75,475.0,37.0,521.9,118.4,93.9,,86.24
86.24,enemy_proximity,Rabbit,8,200,75,475.0,37.0,521.9,118.4,93.9,,86.24
87.01,item_collect,Rabbit,8,200,75,415.0,73.0,486.3,94.2,74.4,trap.png,87.01
87.23,position,Rabbit,8,200,75,415.0,34.0,473.4,92.7,82.8,,87.23
87.23,enemy_proximity,Rabbit,8,200,75,415.0,34.0,473.4,92.7,82.8,,87.23
88.21,position,Rabbit,8,200,75,412.0,25.0,425.7,72.1,49.1,,88.21
88.21,enemy_proximity,Rabbit,8,200,75,412.0,25.0,425.7,72.1,49.1,,88.21
89.2,position,Rabbit,8,200,75,355.0,121.0,408.7,37.9,99.0,,89.2
89.2,enemy_proximity,Rabbit,8,200,75,355.0,121.0,408.7,37.9,99.0,,89.2
90.18,position,Rabbit,8,200,75,391.0,256.0,385.3,33.4,222.7,,90.18
91.18,position,Rabbit,8,200,75,421.0,328.0,368.3,43.0,289.8,,91.18
92.17,position,Rabbit,8,200,75,517.0,328.0,362.2,83.2,289.7,,92.17
93.04,item_collect,Rabbit,8,200,75,541.0,340.0,362.1,135.1,272.0,heal.png,93.04
93.16,position,Rabbit,8,200,75,541.0,361.0,368.3,138.4,281.8,,93.16
94.15,position,Rabbit,8,200,75,607.0,361.0,387.6,192.6,276.6,,94.15
94.93,item_collect,Rabbit,8,200,75,589.0,370.0,389.5,239.5,238.3,shield.png,94.93
95.14,position,Rabbit,8,200,75,601.0,385.0,389.7,252.5,249.4,,95.14
96.07,item_collect,Rabbit,8,200,75,580.0,451.0,407.2,299.2,230.0,clock.png,96.07
96.13,position,Rabbit,8,200,75,598.0,451.0,408.8,302.9,240.3,,96.13
97.12,position,Rabbit,8,200,75,689.5,482.5,459.2,326.9,278.0,,97.12
98.11,position,Rabbit,8,200,75,677.5,482.5,477.7,380.3,224.4,,98.11
99.1,position,Rabbit,8,200,75,653.5,413.5,513.0,415.2,140.6,,99.1
99.33,item_collect,Rabbit,9,200,75,653.5,371.5,526.8,417.4,134.8,star.png,99.33
100.08,position,Rabbit,9,200,75,662.5,323.5,563.1,403.2,127.4,,100.08
101.08,position,Rabbit,9,200,75,713.5,263.5,596.3,364.8,154.9,,101.08
102.07,position,Rabbit,9,200,75,653.5,215.5,560.3,360.5,172.4,,102.07
103.06,position,Rabbit,9,200,75,623.5,126.7,545.4,311.4,200.6,,103.06
104.05,position,Rabbit,9,190,75,623.5,136.3,592.9,284.5,151.4,,104.05
105.04,position,Rabbit,9,180,75,623.5,94.3,579.1,234.6,147.2,,105.04
106.03,position,Rabbit,9,180,75,608.5,24.7,570.9,175.6,155.5,,106.03
107.02,position,Rabbit,9,181,75,482.5,63.7,548.4,145.5,105.1,,107.02
108.02,position,Rabbit,9,182,75,413.5,36.7,513.8,115.2,127.4,,108.02
108.25,item_collect,Rabbit,9,182,75,401.5,24.7,510.2,102.6,133.7,trap.png,108.25
109.01,position,Rabbit,9,183,75,353.5,60.7,465.8,92.0,116.6,,109.01
110.0,position,Rabbit,9,184,75,353.5,96.7,415.5,109.2,63.2,,110.0
110.0,enemy_proximity,Rabbit,9,184,75,353.5,96.7,415.5,109.2,63.2,,110.0
110.99,position,Rabbit,9,185,75,293.5,72.7,365.8,103.5,78.6,,110.99
110.99,enemy_proximity,Rabbit,9,185,75,293.5,72.7,365.8,103.5,78.6,,110.99
111.98,position,Rabbit,9,186,75,260.5,24.7,333.2,94.0,100.4,,111.98
112.97,position,Rabbit,9,187,75,203.5,78.7,312.0,89.1,109.0,,112.97
113.95,position,Rabbit,9,188,75,203.5,258.7,299.1,107.4,179.0,,113.95
114.8,item_collect,Rabbit,9,189,75,218.5,354.7,259.9,117.3,241.0,shield.png,114.8
114.95,position,Rabbit,9,189,75,245.5,354.7,251.0,118.2,236.5,,114.95
115.94,position,Rabbit,9,190,75,272.5,360.7,214.5,150.7,217.9,,115.94
116.93,position,Rabbit,9,191,75,302.5,393.7,210.5,210.5,205.0,,116.93
117.93,position,Rabbit,9,192,75,359.5,480.7,210.1,270.5,257.9,,117.93
118.17,item_collect,Rabbit,10,192,75,359.5,519.7,210.0,285.5,277.9,star.png,118.17
118.92,position,Rabbit,10,193,75,359.5,474.7,210.0,339.3,201.7,,118.92
119.91,position,Rabbit,10,194,75,425.5,444.7,263.7,375.0,176.1,,119.91
120.57,item_collect,Rabbit,10,195,75,482.5,402.7,295.8,405.7,186.7,shield.png,120.57
120.91,position,Rabbit,10,195,75,482.5,342.7,318.2,414.1,179.1,,120.91
121.9,position,Rabbit,10,196,75,389.5,264.7,357.5,374.8,114.6,,121.9
122.89,position,Rabbit,10,197,75,302.5,204.7,359.8,302.8,113.6,,122.89
123.17,item_collect,Rabbit,10,197,75,293.5,219.7,359.9,282.4,91.4,wall.png,123.17
123.88,position,Rabbit,10,198,75,293.5,348.7,360.0,281.2,94.7,,123.88
123.88,enemy_proximity,Rabbit,10,198,75,293.5,348.7,360.0,281.2,94.7,,123.88
124.86,position,Rabbit,10,199,75,236.5,450.7,358.7,338.5,165.8,,124.86
125.85,position,Rabbit,10,200,75,173.5,456.7,354.6,407.3,187.7,,125.85
126.15,item_collect,Rabbit,11,200,75,173.5,402.7,334.4,414.4,161.4,star.png,126.15
126.84,position,Rabbit,11,200,75,125.5,384.7,294.1,399.1,169.2,,126.84
127.84,position,Rabbit,11,200,75,113.5,324.7,239.4,363.6,131.8,,127.84
128.28,item_collect,Rabbit,12,200,75,71.5,324.7,217.2,346.3,147.3,star.png,128.28
128.83,position,Rabbit,12,200,75,23.5,282.7,206.2,311.0,184.9,,128.83
129.19,item_collect,Rabbit,13,200,75,38.5,234.7,181.0,303.9,158.4,star.png,129.19
129.82,position,Rabbit,13,200,75,92.5,234.7,148.0,280.9,72.2,,129.82
129.82,enemy_proximity,Rabbit,13,200,75,92.5,234.7,148.0,280.9,72.2,,129.82
129.88,item_collect,Rabbit,13,200,75,92.5,222.7,143.5,279.1,76.1,wall.png,129.88
130.81,position,Rabbit,13,200,75,206.5,156.7,110.8,271.7,149.6,,130.81
130.87,item_collect,Rabbit,13,200,75,178.0,118.0,113.2,271.5,166.6,wall.png,130.87
131.8,position,Rabbit,13,200,75,223.0,67.0,93.9,239.0,215.1,,131.8
132.79,position,Rabbit,13,200,75,292.0,25.0,90.2,167.2,246.9,,132.79
133.78,position,Rabbit,13,200,75,301.0,142.0,140.2,125.3,161.6,,133.78
133.88,item_collect,Rabbit,13,200,75,301.0,160.0,147.4,124.4,157.7,heal.png,133.88
134.77,position,Rabbit,13,200,75,259.0,241.0,202.4,135.8,119.5,,134.77
135.76,position,Rabbit,13,200,75,268.0,241.0,209.3,207.3,67.6,,135.76
135.76,enemy_proximity,Rabbit,13,200,75,268.0,241.0,209.3,207.3,67.6,,135.76
135.96,item_collect,Rabbit,14,200,75,268.0,250.0,209.6,221.7,64.9,star.png,135.96
136.76,position,Rabbit,14,200,75,265.0,340.0,257.8,244.7,95.5,,136.76
136.76,enemy_proximity,Rabbit,14,200,75,265.0,340.0,257.8,244.7,95.5,,136.76
137.68,damage,Rabbit,14,175,75,265.0,334.0,268.9,310.4,23.9,,137.68
137.75,position,Rabbit,14,175,75,265.0,328.0,268.9,310.4,18.0,,137.75
137.75,enemy_proximity,Rabbit,14,175,75,265.0,328.0,268.9,310.4,18.0,,137.75
138.74,position,Rabbit,14,175,75,301.0,397.0,268.9,310.4,92.4,,138.74
138.74,enemy_proximity,Rabbit,14,175,75,301.0,397.0,268.9,310.4,92.4,,138.74
139.73,position,Rabbit,14,175,75,244.0,451.0,269.1,315.2,138.1,,139.73
140.72,position,Rabbit,14,176,75,175.0,481.0,245.9,361.2,139.3,,140.72
141.63,item_collect,Rabbit,14,177,75,103.0,385.0,191.2,384.7,88.2,wall.png,141.63
141.71,position,Rabbit,14,177,75,88.0,385.0,185.2,385.4,97.2,,141.71
141.71,enemy_proximity,Rabbit,14,177,75,88.0,385.0,185.2,385.4,97.2,,141.71
142.37,item_collect,Rabbit,14,177,75,70.0,274.0,166.2,387.9,149.1,trap.png,142.37
142.69,position,Rabbit,14,178,75,70.0,214.0,149.4,388.8,192.0,,142.69
143.69,position,Rabbit,14,179,75,91.0,154.0,114.2,340.2,187.6,,143.69
144.5,item_collect,Rabbit,15,179,75,25.0,103.0,92.3,290.4,199.1,star.png,144.5
144.68,position,Rabbit,15,180,75,25.0,70.0,91.3,277.2,217.5,,144.68
144.94,item_collect,Rabbit,16,180,75,40.0,61.0,90.6,258.0,203.4,star.png,144.94
145.11,item_collect,Rabbit,17,180,75,70.0,61.0,90.4,246.0,186.1,star.png,145.11
145.67,position,Rabbit,17,181,75,151.0,61.0,90.1,216.0,166.5,,145.67
146.66,position,Rabbit,17,182,75,187.0,25.0,90.0,187.2,189.0,,146.66
147.65,position,Rabbit,17,183,75,208.0,52.0,94.8,161.5,157.5,,147.65
148.64,position,Rabbit,17,184,75,208.0,232.0,114.0,159.7,118.6,,148.64
149.64,position,Rabbit,17,185,75,208.0,391.0,164.6,203.4,192.6,,149.64
150.63,position,Rabbit,17,186,75,181.0,406.0,206.3,247.5,160.5,,150.63
151.55,item_collect,Rabbit,18,187,75,220.0,541.0,209.7,314.5,226.7,star.png,151.55
151.62,position,Rabbit,18,187,75,232.0,541.0,209.7,319.3,222.8,,151.62
152.6,position,Rabbit,18,188,75,361.0,511.0,237.4,361.4,194.0,,152.6
153.59,position,Rabbit,18,189,75,421.0,439.0,290.5,397.2,137.0,,153.59
154.59,position,Rabbit,18,190,75,421.0,457.0,349.7,408.4,86.3,,154.59
154.59,enemy_proximity,Rabbit,18,190,75,421.0,457.0,349.7,408.4,86.3,,154.59
154.86,item_collect,Rabbit,19,190,75,460.0,445.0,365.1,398.8,105.5,star.png,154.86
155.59,position,Rabbit,19,191,75,481.0,403.0,410.2,380.9,74.1,,155.59
155.59,enemy_proximity,Rabbit,19,191,75,481.0,403.0,410.2,380.9,74.1,,155.59
156.58,position,Rabbit,19,192,75,511.0,415.0,450.0,334.3,101.1,,156.58
156.99,item_collect,Rabbit,20,192,75,571.0,403.0,472.0,343.8,115.4,star.png,156.99
157.56,position,Rabbit,20,193,75,583.0,364.0,519.2,332.6,71.1,,157.56
157.56,enemy_proximity,Rabbit,20,193,75,583.0,364.0,519.2,332.6,71.1,,157.56
158.36,item_collect,Rabbit,21,193,75,580.0,451.0,563.4,374.4,78.4,star.png,158.36
158.56,position,Rabbit,21,194,75,601.0,451.0,565.8,391.0,69.5,,158.56
158.56,enemy_proximity,Rabbit,21,194,75,601.0,451.0,565.8,391.0,69.5,,158.56
158.89,item_collect,Rabbit,21,200,75,610.0,481.0,568.5,418.9,74.7,heal.png,158.89
159.55,position,Rabbit,21,200,75,658.0,469.0,593.3,463.9,64.9,,159.55
159.55,enemy_proximity,Rabbit,21,200,75,658.0,469.0,593.3,463.9,64.9,,159.55
159.58,item_collect,Rabbit,21,200,75,661.0,463.0,595.1,465.7,65.9,shield.png,159.58
160.55,position,Rabbit,21,200,75,706.0,328.0,655.0,450.7,132.8,,160.55
161.05,item_collect,Rabbit,22,200,75,721.0,283.0,659.1,408.9,140.3,star.png,161.05
161.54,position,Rabbit,22,200,75,664.0,265.0,659.8,366.9,102.0,,161.54
161.61,item_collect,Rabbit,22,200,75,658.0,265.0,659.9,361.3,96.4,shield.png,161.61
162.53,position,Rabbit,22,200,75,625.0,142.0,710.5,319.7,197.2,,162.53
162.58,item_collect,Rabbit,22,200,75,625.0,133.0,712.4,315.9,202.7,wall.png,162.58
162.92,item_collect,Rabbit,22,200,75,625.0,73.0,717.3,288.5,234.4,shield.png,162.92
163.52,position,Rabbit,22,200,75,586.0,25.0,673.7,271.9,262.0,,163.52
164.4,item_collect,Rabbit,23,200,75,475.0,70.0,607.8,257.4,229.7,star.png,164.4
164.52,position,Rabbit,23,200,75,475.0,91.0,600.8,251.6,204.0,,164.52
165.51,position,Rabbit,23,200,75,409.0,121.0,571.2,181.3,173.0,,165.51
166.51,position,Rabbit,23,200,75,355.0,79.0,516.5,137.3,171.7,,166.51
167.51,position,Rabbit,23,200,75,355.0,94.0,464.1,91.8,109.2,,167.51
168.49,position,Rabbit,23,200,75,355.0,79.0,421.6,44.1,75.2,,168.49
168.49,enemy_proximity,Rabbit,23,200,75,355.0,79.0,421.6,44.1,75.2,,168.49
169.49,position,Rabbit,23,200,75,391.0,181.0,364.2,62.4,121.6,,169.49
170.09,item_collect,Rabbit,24,200,75,400.0,292.0,360.6,114.0,182.3,star.png,170.09
170.47,position,Rabbit,24,200,75,421.0,319.0,370.3,140.0,186.0,,170.47
171.46,position,Rabbit,24,200,75,421.0,499.0,389.0,219.4,281.4,,171.46
171.73,item_collect,Rabbit,24,200,75,430.0,541.0,389.6,241.8,301.9,trap.png,171.73
172.46,position,Rabbit,24,200,75,481.0,496.0,405.5,293.9,215.7,,172.46
173.45,position,Rabbit,24,200,75,481.0,523.0,419.3,376.0,159.4,,173.45
174.44,position,Rabbit,24,200,75,481.0,523.0,443.2,443.8,87.8,,174.44
174.44,enemy_proximity,Rabbit,24,200,75,481.0,523.0,443.2,443.8,87.8,,174.44
175.43,position,Rabbit,24,200,75,481.0,499.0,473.0,467.8,32.2,,175.43
175.43,enemy_proximity,Rabbit,24,200,75,481.0,499.0,473.0,467.8,32.2,,175.43
175.46,damage,Rabbit,24,175,75,481.0,493.0,473.1,468.3,25.9,,175.46
176.42,position,Rabbit,24,175,75,481.0,436.0,473.1,468.3,33.3,,176.42
176.42,enemy_proximity,Rabbit,24,175,75,481.0,436.0,473.1,468.3,33.3,,176.42
177.41,position,Rabbit,24,175,75,481.0,298.0,473.1,468.3,170.5,,177.41
178.39,position,Rabbit,24,175,75,472.0,265.0,478.1,436.4,171.5,,178.39
179.38,position,Rabbit,24,176,75,391.0,181.0,479.5,402.8,238.8,,179.38
180.37,position,Rabbit,24,177,75,355.0,97.0,467.1,337.4,265.2,,180.37
181.36,position,Rabbit,24,178,75,355.0,82.0,401.2,299.8,222.6,,181.36
182.36,position,Rabbit,24,179,75,355.0,85.0,390.4,217.1,136.8,,182.36
183.27,item_collect,Rabbit,25,180,75,421.0,40.0,390.0,140.1,104.8,star.png,183.27
183.35,position,Rabbit,25,180,75,421.0,55.0,390.0,133.1,84.1,,183.35
183.35,enemy_proximity,Rabbit,25,180,75,421.0,55.0,390.0,133.1,84.1,,183.35
184.0,damage,Rabbit,25,131,75,421.0,79.0,414.1,103.8,25.8,,184.0
184.34,position,Rabbit,25,131,75,421.0,97.0,414.1,103.8,9.7,,184.34
184.34,enemy_proximity,Rabbit,25,131,75,421.0,97.0,414.1,103.8,9.7,,184.34
185.33,position,Rabbit,25,131,75,427.0,85.0,414.1,103.8,22.8,,185.33
185.33,enemy_proximity,Rabbit,25,131,75,427.0,85.0,414.1,103.8,22.8,,185.33
185.97,damage,Rabbit,25,81,75,427.0,85.0,414.1,103.8,22.8,,185.97
186.32,position,Rabbit,25,81,75,415.0,73.0,415.9,89.9,17.0,,186.32
186.32,enemy_proximity,Rabbit,25,81,75,415.0,73.0,415.9,89.9,17.0,,186.32
187.31,position,Rabbit,25,81,75,388.0,25.0,411.8,40.3,28.3,,187.31
187.31,enemy_proximity,Rabbit,25,81,75,388.0,25.0,411.8,40.3,28.3,,187.31
188.3,position,Rabbit,25,81,75,355.0,148.0,362.5,74.9,73.5,,188.3
188.3,enemy_proximity,Rabbit,25,81,75,355.0,148.0,362.5,74.9,73.5,,188.3
189.3,position,Rabbit,25,71,75,392.2,206.2,377.3,149.7,58.4,,189.3
189.3,enemy_proximity,Rabbit,25,71,75,392.2,206.2,377.3,149.7,58.4,,189.3
190.29,position,Rabbit,25,71,75,392.2,301.0,389.4,232.1,69.0,,190.29
190.29,enemy_proximity,Rabbit,25,71,75,392.2,301.0,389.4,232.1,69.0,,190.29
191.28,position,Rabbit,25,72,75,458.2,331.0,410.2,305.7,54.3,,191.28
191.28,enemy_proximity,Rabbit,25,72,75,458.2,331.0,410.2,305.7,54.3,,191.28
192.27,position,Rabbit,25,73,75,542.2,313.0,486.0,328.9,58.4,,192.27
192.27,enemy_proximity,Rabbit,25,73,75,542.2,313.0,486.0,328.9,58.4,,192.27
193.27,position,Rabbit,25,74,75,635.2,265.0,558.5,305.2,86.6,,193.27
193.27,enemy_proximity,Rabbit,25,74,75,635.2,265.0,558.5,305.2,86.6,,193.27
194.05,damage,Rabbit,25,25,75,635.2,265.0,611.0,276.8,26.9,,194.05
194.26,position,Rabbit,25,25,75,671.2,265.0,627.5,273.9,44.6,,194.26
194.26,enemy_proximity,Rabbit,25,25,75,671.2,265.0,627.5,273.9,44.6,,194.26
195.24,position,Rabbit,25,25,75,644.2,271.0,662.3,271.0,18.1,,195.24
195.24,enemy_proximity,Rabbit,25,25,75,644.2,271.0,662.3,271.0,18.1,,195.24
196.03,damage,Rabbit,25,-25,75,593.2,301.0,607.1,284.2,21.8,,196.03
196.03,game_over,Rabbit,25,0,75,593.2,301.0,607.1,284.2,21.8,,196.03
1.04,position,Sheep,0,100,25,390,270,73.6,57.0,381.4,,1.04
2.03,position,Sheep,0,100,25,390,270,114.2,86.1,331.5,,2.03
3.02,position,Sheep,0,100,25,390,270,156.3,116.3,279.7,,3.02
4.02,position,Sheep,0,100,25,390,270,216.2,119.6,229.9,,4.02
5.01,position,Sheep,0,100,25,390,270,267.2,136.4,181.5,,5.01
5.31,item_collect,Sheep,2,100,25,390,279,283.8,143.3,172.3,star.png,5.31
6.01,position,Sheep,2,100,25,420,291,296.1,182.7,164.5,,6.01
6.06,item_collect,Sheep,2,100,25,420,282,296.6,185.6,156.6,heal.png,6.06
7.01,position,Sheep,2,100,25,498,264,343.6,207.3,164.5,,7.01
8.0,position,Sheep,2,100,25,510,219,364.9,238.3,146.3,,8.0
8.99,position,Sheep,2,100,25,564,177,407.1,243.0,170.2,,8.99
9.56,item_collect,Sheep,4,100,25,570,102,433.0,263.1,211.4,star.png,9.56
9.97,position,Sheep,4,100,25,570,33,457.7,266.9,259.5,,9.97
10.67,item_collect,Sheep,4,100,25,579,24,496.9,264.9,254.5,wall.png,10.67
10.96,position,Sheep,4,100,25,603,24,507.7,251.7,246.8,,10.96
11.96,position,Sheep,4,100,25,625.0,91.0,538.5,243.9,175.6,,11.96
12.19,item_collect,Sheep,6,100,25,625.0,100.0,552.4,242.2,159.6,star.png,12.19
12.95,position,Sheep,6,100,25,631.0,178.0,566.9,200.2,67.9,,12.95
12.95,enemy_proximity,Sheep,6,100,25,631.0,178.0,566.9,200.2,67.9,,12.95
13.46,item_collect,Sheep,8,100,25,640.0,181.0,569.1,169.3,71.9,star.png,13.46
13.94,position,Sheep,8,100,25,652.0,181.0,591.0,155.9,66.0,,13.94
13.94,enemy_proximity,Sheep,8,100,25,652.0,181.0,591.0,155.9,66.0,,13.94
14.94,position,Sheep,8,100,25,658.0,247.0,641.9,172.7,76.0,,14.94
14.94,enemy_proximity,Sheep,8,100,25,658.0,247.0,641.9,172.7,76.0,,14.94
15.92,position,Sheep,8,100,25,721.0,331.0,658.0,228.8,120.1,,15.92
16.22,item_collect,Sheep,8,100,25,673.0,331.0,658.9,246.8,85.4,wall.png,16.22
16.91,position,Sheep,8,100,25,547.0,331.0,657.4,256.5,133.2,,16.91
17.91,position,Sheep,8,100,25,475.0,394.0,608.0,280.8,174.6,,17.91
18.9,position,Sheep,8,100,25,475.0,493.0,553.3,299.1,209.1,,18.9
19.89,position,Sheep,8,100,25,415.0,538.0,505.6,326.7,229.9,,19.89
20.88,position,Sheep,8,100,25,415.0,472.0,445.8,329.7,145.6,,20.88
21.88,position,Sheep,8,100,25,325.0,481.0,420.7,374.9,142.9,,21.88
22.48,item_collect,Sheep,10,100,25,313.0,415.0,385.9,386.0,78.4,star.png,22.48
22.86,position,Sheep,10,100,25,295.0,385.0,367.6,401.3,74.4,,22.86
22.86,enemy_proximity,Sheep,10,100,25,295.0,385.0,367.6,401.3,74.4,,22.86
23.85,position,Sheep,10,100,25,265.0,268.0,307.7,406.3,144.8,,23.85
24.84,position,Sheep,10,100,25,301.0,214.0,272.7,352.2,141.1,,24.84
25.54,item_collect,Sheep,10,100,25,370.0,205.0,270.4,301.9,139.0,trap.png,25.54
25.54,item_collect,Sheep,12,100,25,370.0,205.0,270.4,301.9,139.0,star.png,25.54
25.84,position,Sheep,12,100,25,391.0,205.0,270.2,280.3,142.4,,25.84
26.83,position,Sheep,12,100,25,391.0,115.0,297.9,221.8,141.7,,26.83
27.48,item_collect,Sheep,14,100,25,421.0,43.0,343.4,212.1,186.0,star.png,27.48
27.82,position,Sheep,14,100,25,379.0,25.0,368.5,210.9,186.2,,27.82
28.82,position,Sheep,14,100,25,421.0,25.0,388.0,160.8,139.7,,28.82
29.81,position,Sheep,14,100,25,415.0,25.0,391.1,133.1,110.7,,29.81
30.8,position,Sheep,14,100,25,388.0,25.0,373.7,123.8,99.8,,30.8
30.8,enemy_proximity,Sheep,14,100,25,388.0,25.0,373.7,123.8,99.8,,30.8
31.81,position,Sheep,14,100,25,421.0,100.0,388.9,113.9,35.0,,31.81
31.81,enemy_proximity,Sheep,14,100,25,421.0,100.0,388.9,113.9,35.0,,31.81
31.94,damage,Sheep,14,50,25,421.0,100.0,398.3,115.7,27.6,,31.94
32.79,position,Sheep,14,50,25,421.0,40.0,417.6,71.5,31.7,,32.79
32.79,enemy_proximity,Sheep,14,50,25,421.0,40.0,417.6,71.5,31.7,,32.79
33.78,position,Sheep,14,50,25,355.0,82.0,376.8,32.4,54.2,,33.78
33.78,enemy_proximity,Sheep,14,50,25,355.0,82.0,376.8,32.4,54.2,,33.78
34.77,position,Sheep,14,50,25,391.0,214.0,361.2,98.5,119.3,,34.77
35.77,position,Sheep,14,51,25,421.0,331.0,381.9,160.6,174.8,,35.77
35.82,item_collect,Sheep,14,51,25,421.0,340.0,383.3,163.9,180.1,wall.png,35.82
36.75,position,Sheep,14,52,25,511.0,418.0,389.1,219.9,232.6,,36.75
37.74,position,Sheep,14,53,25,556.0,418.0,396.3,288.0,205.9,,37.74
37.83,item_collect,Sheep,14,53,25,556.0,418.0,402.8,291.2,198.9,wall.png,37.83
38.65,item_collect,Sheep,14,54,25,550.0,448.0,444.3,324.9,162.3,shield.png,38.65
38.73,position,Sheep,14,54,25,559.0,448.0,450.2,325.7,163.6,,38.73
39.63,item_collect,Sheep,16,55,25,610.0,481.0,477.6,375.9,169.0,star.png,39.63
39.73,position,Sheep,16,55,25,628.0,481.0,478.0,383.1,179.1,,39.73
40.72,position,Sheep,16,56,25,673.0,475.0,526.0,419.6,157.1,,40.72
41.71,position,Sheep,16,57,25,655.0,466.6,585.5,449.0,71.7,,41.71
41.71,enemy_proximity,Sheep,16,57,25,655.0,466.6,585.5,449.0,71.7,,41.71
42.69,position,Sheep,16,57,25,655.0,394.6,645.0,476.7,82.7,,42.69
42.69,enemy_proximity,Sheep,16,57,25,655.0,394.6,645.0,476.7,82.7,,42.69
43.02,item_collect,Sheep,18,57,25,655.0,373.0,654.1,454.8,81.8,star.png,43.02
43.6,item_collect,Sheep,20,57,25,643.0,355.0,658.8,413.2,60.3,star.png,43.6
43.68,position,Sheep,20,58,25,628.0,355.0,659.1,406.4,60.1,,43.68
43.68,enemy_proximity,Sheep,20,58,25,628.0,355.0,659.1,406.4,60.1,,43.68
44.67,position,Sheep,20,59,25,538.0,295.0,611.1,361.7,99.0,,44.67
44.67,enemy_proximity,Sheep,20,59,25,538.0,295.0,611.1,361.7,99.0,,44.67
45.66,position,Sheep,20,60,25,664.0,265.0,545.0,335.3,138.2,,45.66
46.65,position,Sheep,20,61,25,667.0,265.0,592.0,287.1,78.2,,46.65
46.65,enemy_proximity,Sheep,20,61,25,667.0,265.0,592.0,287.1,78.2,,46.65
47.09,damage,Sheep,20,11,25,652.0,265.0,625.9,274.2,27.6,,47.09
47.64,position,Sheep,20,11,25,661.0,259.0,644.0,272.0,21.4,,47.64
47.64,enemy_proximity,Sheep,20,11,25,661.0,259.0,644.0,272.0,21.4,,47.64
48.49,item_collect,Sheep,20,11,25,670.0,175.0,658.1,222.7,49.2,wall.png,48.49
48.63,position,Sheep,20,11,25,694.0,175.0,658.6,211.6,50.9,,48.63
48.63,enemy_proximity,Sheep,20,11,25,694.0,175.0,658.6,211.6,50.9,,48.63
49.62,position,Sheep,20,11,25,634.0,118.0,637.2,168.6,50.7,,49.62
49.62,enemy_proximity,Sheep,20,11,25,634.0,118.0,637.2,168.6,50.7,,49.62
49.91,damage,Sheep,20,-39,25,625.0,118.0,632.8,143.9,27.1,,49.91
49.91,game_over,Sheep,20,0,25,625.0,118.0,632.8,143.9,27.1,,49.91
1.02,position,Rabbit,0,200,75,390,270,73.6,57.0,381.4,,1.02
2.01,position,Rabbit,0,200,75,354,306,114.2,86.1,325.4,,2.01
3.01,position,Rabbit,0,190,75,354,335.4,119.3,145.7,301.7,,3.01
4.0,position,Rabbit,0,180,75,354,351.0,143.8,194.7,261.9,,4.0
4.55,item_collect,Rabbit,0,200,75,354,399.6,175.0,204.8,264.5,heal.png,4.55
5.0,position,Rabbit,0,200,75,339,420.6,197.7,214.1,250.2,,5.0
5.99,position,Rabbit,0,200,75,330,465.6,208.5,272.6,228.1,,5.99
6.52,item_collect,Rabbit,1,200,75,369,480.6,209.5,304.6,237.5,star.png,6.52
6.99,position,Rabbit,1,200,75,387,474.6,209.8,332.6,227.1,,6.99
7.98,position,Rabbit,1,200,75,411,474.6,255.1,358.2,194.6,,7.98
8.97,position,Rabbit,1,200,75,420,480.6,291.8,400.3,151.3,,8.97
9.96,position,Rabbit,1,200,75,420,540.6,316.8,448.9,138.1,,9.96
10.96,position,Rabbit,1,200,75,462,540.6,364.4,476.3,116.9,,10.96
11.95,position,Rabbit,1,200,75,480,471.6,412.9,464.8,67.4,,11.95
11.95,enemy_proximity,Rabbit,1,200,75,480,471.6,412.9,464.8,67.4,,11.95
12.93,position,Rabbit,1,200,75,474,321.6,467.2,446.5,125.1,,12.93
13.92,position,Rabbit,1,200,75,474,300.6,478.7,388.3,87.8,,13.92
13.92,enemy_proximity,Rabbit,1,200,75,474,300.6,478.7,388.3,87.8,,13.92
14.91,position,Rabbit,1,200,75,480,264.6,479.9,328.3,63.7,,14.91
14.91,enemy_proximity,Rabbit,1,200,75,480,264.6,479.9,328.3,63.7,,14.91
15.9,position,Rabbit,1,200,75,474,183.6,493.7,277.2,95.7,,15.9
15.9,enemy_proximity,Rabbit,1,200,75,474,183.6,493.7,277.2,95.7,,15.9
16.02,item_collect,Rabbit,2,200,75,474,162.6,496.9,271.3,111.1,star.png,16.02
16.89,position,Rabbit,2,200,75,486,144.6,505.6,221.8,79.6,,16.89
16.89,enemy_proximity,Rabbit,2,200,75,486,144.6,505.6,221.8,79.6,,16.89
17.89,position,Rabbit,2,200,75,609,144.6,482.5,171.1,129.2,,17.89
18.88,position,Rabbit,2,200,75,630,174.6,531.9,152.0,100.7,,18.88
19.87,position,Rabbit,2,200,75,660,180.6,591.9,150.2,74.6,,19.87
19.87,enemy_proximity,Rabbit,2,200,75,660,180.6,591.9,150.2,74.6,,19.87
20.86,position,Rabbit,2,200,75,660,270.6,641.5,172.4,100.0,,20.86
20.86,enemy_proximity,Rabbit,2,200,75,660,270.6,641.5,172.4,100.0,,20.86
21.85,position,Rabbit,2,200,75,594,300.6,657.9,228.3,96.5,,21.85
21.85,enemy_proximity,Rabbit,2,200,75,594,300.6,657.9,228.3,96.5,,21.85
22.84,position,Rabbit,2,200,75,534,321.6,627.6,265.4,109.1,,22.84
23.83,position,Rabbit,2,200,75,546,360.6,580.8,294.5,74.7,,23.83
23.83,enemy_proximity,Rabbit,2,200,75,546,360.6,580.8,294.5,74.7,,23.83
24.82,position,Rabbit,2,200,75,564,411.6,544.5,329.4,84.4,,24.82
24.82,enemy_proximity,Rabbit,2,200,75,564,411.6,544.5,329.4,84.4,,24.82
25.3,item_collect,Rabbit,2,200,75,552,450.6,554.5,351.2,99.4,clock.png,25.3
25.81,position,Rabbit,2,200,75,534,516.6,564.6,380.4,139.6,,25.81
26.8,position,Rabbit,2,200,75,630,540.6,570.8,436.2,120.1,,26.8
27.79,position,Rabbit,2,200,75,600,540.6,546.7,463.2,93.9,,27.79
27.79,enemy_proximity,Rabbit,2,200,75,600,540.6,546.7,463.2,93.9,,27.79
28.78,position,Rabbit,2,200,75,633,480.6,581.3,453.1,58.6,,28.78
28.78,enemy_proximity,Rabbit,2,200,75,633,480.6,581.3,453.1,58.6,,28.78
29.33,item_collect,Rabbit,2,200,75,660,432.6,606.1,470.6,66.0,wall.png,29.33
29.78,position,Rabbit,2,200,75,609,351.6,624.4,475.8,125.2,,29.78
30.76,position,Rabbit,2,200,75,478.0,265.0,590.5,457.5,223.0,,30.76
31.15,item_collect,Rabbit,2,200,75,511.0,253.0,576.7,443.1,201.1,clock.png,31.15
31.76,position,Rabbit,2,200,75,475.0,199.0,557.8,420.8,236.8,,31.76
32.76,position,Rabbit,2,200,75,553.0,145.0,497.9,420.1,280.6,,32.76
33.75,position,Rabbit,2,200,75,529.0,115.0,481.6,366.0,255.5,,33.75
34.74,position,Rabbit,2,200,75,451.0,85.0,480.1,306.1,223.0,,34.74
35.73,position,Rabbit,2,200,75,415.0,121.0,444.7,273.3,155.2,,35.73
36.72,position,Rabbit,2,200,75,355.0,79.0,396.0,253.3,179.0,,36.72
37.71,position,Rabbit,2,200,75,355.0,76.0,390.6,193.6,122.9,,37.71
38.7,position,Rabbit,2,200,75,355.0,55.0,369.5,145.0,91.1,,38.7
38.7,enemy_proximity,Rabbit,2,200,75,355.0,55.0,369.5,145.0,91.1,,38.7
39.7,position,Rabbit,2,200,75,421.0,25.0,361.0,86.0,85.6,,39.7
39.7,enemy_proximity,Rabbit,2,200,75,421.0,25.0,361.0,86.0,85.6,,39.7
40.69,position,Rabbit,2,200,75,421.0,106.0,375.8,36.5,82.9,,40.69
40.69,enemy_proximity,Rabbit,2,200,75,421.0,106.0,375.8,36.5,82.9,,40.69
41.68,position,Rabbit,2,200,75,382.0,151.0,365.7,56.2,96.2,,41.68
41.68,enemy_proximity,Rabbit,2,200,75,382.0,151.0,365.7,56.2,96.2,,41.68
42.68,position,Rabbit,2,200,75,391.0,169.0,360.6,115.9,61.2,,42.68
42.68,enemy_proximity,Rabbit,2,200,75,391.0,169.0,360.6,115.9,61.2,,42.68
43.27,item_collect,Rabbit,3,200,75,370.0,277.0,374.9,143.1,134.0,star.png,43.27
43.66,position,Rabbit,3,200,75,355.0,316.0,383.8,165.4,153.4,,43.66
44.66,position,Rabbit,3,200,75,340.0,298.0,368.7,216.1,86.8,,44.66
44.66,enemy_proximity,Rabbit,3,200,75,340.0,298.0,368.7,216.1,86.8,,44.66
45.65,position,Rabbit,3,200,75,265.0,358.0,361.1,275.3,126.7,,45.65
46.65,position,Rabbit,3,200,75,298.0,235.0,312.1,297.9,64.5,,46.65
46.65,enemy_proximity,Rabbit,3,200,75,298.0,235.0,312.1,297.9,64.5,,46.65
46.84,item_collect,Rabbit,3,200,75,301.0,223.0,300.2,298.5,75.5,wall.png,46.84
47.64,position,Rabbit,3,200,75,355.0,163.0,275.7,279.9,141.3,,47.64
48.62,position,Rabbit,3,200,75,406.0,115.0,291.8,229.7,161.8,,48.62
49.62,position,Rabbit,3,200,75,421.0,79.0,345.9,211.9,152.6,,49.62
50.61,position,Rabbit,3,200,75,466.0,91.0,385.1,181.7,121.5,,50.61
51.6,position,Rabbit,3,200,75,523.0,151.0,389.5,156.0,133.6,,51.6
52.58,position,Rabbit,3,200,75,631.0,181.0,438.5,177.7,192.5,,52.58
53.06,item_collect,Rabbit,3,200,75,700.0,181.0,465.9,176.5,234.2,shield.png,53.06
53.58,position,Rabbit,3,200,75,685.0,181.0,488.0,157.9,198.4,,53.58
54.57,position,Rabbit,3,200,75,664.0,181.0,547.3,150.9,120.5,,54.57
55.56,position,Rabbit,3,200,75,655.0,271.0,607.3,150.1,129.9,,55.56
56.55,position,Rabbit,3,200,75,604.0,301.0,649.5,184.8,124.7,,56.55
57.54,position,Rabbit,3,200,75,541.0,361.0,658.7,243.7,166.2,,57.54
58.25,item_collect,Rabbit,3,200,75,565.0,400.0,629.5,265.3,149.4,shield.png,58.25
58.53,position,Rabbit,3,200,75,565.0,448.0,613.3,268.7,185.7,,58.53
59.53,position,Rabbit,3,200,75,484.0,415.0,565.8,296.6,143.9,,59.53
60.4,item_collect,Rabbit,3,200,75,433.0,445.0,525.5,323.5,152.7,clock.png,60.4
60.52,position,Rabbit,3,200,75,415.0,451.0,518.7,324.9,163.2,,60.52
61.51,position,Rabbit,3,200,75,415.0,457.0,458.9,329.5,134.9,,61.51
62.51,position,Rabbit,3,200,75,415.0,487.0,424.3,363.1,124.2,,62.51
63.49,position,Rabbit,3,200,75,325.0,448.0,403.5,396.1,94.1,,63.49
63.49,enemy_proximity,Rabbit,3,200,75,325.0,448.0,403.5,396.1,94.1,,63.49
64.48,position,Rabbit,3,200,75,265.0,361.0,352.8,410.6,100.9,,64.48
65.47,position,Rabbit,3,200,75,265.0,325.0,303.1,402.4,86.3,,65.47
65.47,enemy_proximity,Rabbit,3,200,75,265.0,325.0,303.1,402.4,86.3,,65.47
65.92,damage,Rabbit,3,175,75,265.0,367.0,281.3,389.4,27.7,,65.92
66.47,position,Rabbit,3,175,75,256.0,355.0,281.3,389.4,42.7,,66.47
66.47,enemy_proximity,Rabbit,3,175,75,256.0,355.0,281.3,389.4,42.7,,66.47
66.87,item_collect,Rabbit,3,175,75,223.0,355.0,281.3,389.4,67.7,trap.png,66.87
67.47,position,Rabbit,3,175,75,205.0,322.0,281.3,389.4,101.8,,67.47
68.45,position,Rabbit,3,175,75,205.0,280.0,260.3,367.8,103.7,,68.45
69.45,position,Rabbit,3,176,75,205.0,298.0,215.5,340.4,43.7,,69.45
69.45,enemy_proximity,Rabbit,3,176,75,205.0,298.0,215.5,340.4,43.7,,69.45
70.44,position,Rabbit,3,177,75,205.0,127.0,210.5,280.7,153.8,,70.44
71.43,position,Rabbit,3,178,75,205.0,112.0,210.2,255.5,143.6,,71.43
72.42,position,Rabbit,3,179,75,190.0,25.0,210.1,231.5,207.5,,72.42
73.14,item_collect,Rabbit,3,180,75,133.0,61.0,209.7,214.6,171.7,shield.png,73.14
73.14,item_collect,Rabbit,3,180,75,133.0,61.0,209.7,214.6,171.7,clock.png,73.14
73.3,item_collect,Rabbit,4,180,75,73.0,61.0,205.7,214.0,202.5,star.png,73.3
73.42,position,Rabbit,4,180,75,31.0,61.0,202.9,213.6,229.9,,73.42
74.18,item_collect,Rabbit,4,181,75,73.0,151.0,161.3,206.0,104.0,clock.png,74.18
74.41,position,Rabbit,4,181,75,121.0,151.0,155.7,193.2,54.7,,74.41
74.41,enemy_proximity,Rabbit,4,181,75,121.0,151.0,155.7,193.2,54.7,,74.41
74.57,item_collect,Rabbit,5,181,75,121.0,133.0,146.3,189.7,62.1,star.png,74.57
75.4,position,Rabbit,5,182,75,151.0,25.0,123.6,150.5,128.4,,75.4
75.43,item_collect,Rabbit,5,182,75,163.0,25.0,123.3,148.5,129.7,clock.png,75.43
76.38,position,Rabbit,5,183,75,301.0,169.0,141.2,116.2,168.3,,76.38
77.38,position,Rabbit,5,184,75,247.0,241.0,197.3,125.7,125.6,,77.38
78.36,position,Rabbit,5,185,75,265.0,241.0,208.4,184.0,80.3,,78.36
78.36,enemy_proximity,Rabbit,5,185,75,265.0,241.0,208.4,184.0,80.3,,78.36
79.35,position,Rabbit,5,186,75,271.0,382.0,209.8,244.0,151.0,,79.35
80.34,position,Rabbit,5,187,75,301.0,448.0,210.0,304.0,170.4,,80.34
81.33,position,Rabbit,5,188,75,373.0,481.0,228.0,352.3,193.9,,81.33
81.48,item_collect,Rabbit,5,188,75,400.0,481.0,236.9,353.9,206.8,trap.png,81.48
82.32,position,Rabbit,5,189,75,400.0,481.0,275.6,379.8,160.4,,82.32
83.31,position,Rabbit,5,190,75,418.0,481.0,297.4,431.6,130.3,,83.31
84.3,position,Rabbit,5,191,75,421.0,457.0,337.2,470.3,84.8,,84.3
84.3,enemy_proximity,Rabbit,5,191,75,421.0,457.0,337.2,470.3,84.8,,84.3
85.29,position,Rabbit,5,192,75,421.0,457.0,383.7,478.2,42.9,,85.29
85.29,enemy_proximity,Rabbit,5,192,75,421.0,457.0,383.7,478.2,42.9,,85.29
86.29,position,Rabbit,5,193,75,421.0,343.0,405.8,476.0,133.9,,86.29
87.28,position,Rabbit,5,194,75,421.0,343.0,414.2,453.9,111.1,,87.28
88.27,position,Rabbit,5,195,75,421.0,283.0,418.5,417.6,134.7,,88.27
89.16,item_collect,Rabbit,5,196,75,355.0,223.0,406.8,383.0,168.2,clock.png,89.16
89.26,position,Rabbit,5,196,75,355.0,205.0,401.1,384.8,185.6,,89.26
90.25,position,Rabbit,5,197,75,295.0,67.0,364.2,358.0,299.1,,90.25
91.25,position,Rabbit,5,198,75,187.0,25.0,350.9,305.6,325.0,,91.25
91.38,item_collect,Rabbit,5,198,75,163.0,25.0,343.1,303.5,331.7,trap.png,91.38
92.24,position,Rabbit,5,199,75,118.0,61.0,291.3,300.5,295.6,,92.24
93.23,position,Rabbit,5,200,75,46.0,61.0,269.0,252.0,293.6,,93.23
94.23,position,Rabbit,5,200,75,46.0,61.0,218.5,229.8,241.3,,94.23
95.23,position,Rabbit,5,200,75,25.0,61.0,164.4,211.6,205.2,,95.23
96.23,position,Rabbit,5,200,75,25.0,61.0,118.2,183.2,153.6,,96.23
97.22,position,Rabbit,5,200,75,25.0,43.0,71.5,155.0,121.3,,97.22
98.21,position,Rabbit,5,200,75,106.0,61.0,34.2,121.4,93.8,,98.21
98.21,enemy_proximity,Rabbit,5,200,75,106.0,61.0,34.2,121.4,93.8,,98.21
99.21,position,Rabbit,5,200,75,190.0,25.0,41.5,68.6,154.8,,99.21
100.2,position,Rabbit,5,200,75,301.0,52.0,100.8,61.0,200.4,,100.2
101.19,position,Rabbit,5,200,75,295.0,211.0,119.6,103.5,205.7,,101.19
102.18,position,Rabbit,5,200,75,229.0,241.0,122.1,156.1,136.5,,102.18
103.17,position,Rabbit,5,200,75,205.0,241.0,154.9,199.3,65.2,,103.17
103.17,enemy_proximity,Rabbit,5,200,75,205.0,241.0,154.9,199.3,65.2,,103.17
103.5,item_collect,Rabbit,5,200,75,205.0,280.0,173.9,204.7,81.5,trap.png,103.5
104.16,position,Rabbit,5,200,75,205.0,310.0,202.6,225.0,85.0,,104.16
104.16,enemy_proximity,Rabbit,5,200,75,205.0,310.0,202.6,225.0,85.0,,104.16
104.52,damage,Rabbit,5,175,75,205.0,274.0,206.2,246.7,27.3,,104.52
105.15,position,Rabbit,5,175,75,205.0,292.0,206.2,246.7,45.3,,105.15
105.15,enemy_proximity,Rabbit,5,175,75,205.0,292.0,206.2,246.7,45.3,,105.15
106.14,position,Rabbit,5,175,75,157.0,391.0,206.2,246.7,152.4,,106.14
107.14,position,Rabbit,5,175,75,79.0,385.0,208.2,267.8,174.5,,107.14
107.86,item_collect,Rabbit,6,176,75,121.0,373.0,208.1,284.7,124.0,star.png,107.86
108.12,position,Rabbit,6,176,75,121.0,325.0,202.4,287.8,89.5,,108.12
108.12,enemy_proximity,Rabbit,6,176,75,121.0,325.0,202.4,287.8,89.5,,108.12
108.57,item_collect,Rabbit,7,177,75,43.0,325.0,192.9,292.7,153.3,star.png,108.57
109.12,position,Rabbit,7,177,75,25.0,241.0,179.9,294.9,164.0,,109.12
110.11,position,Rabbit,7,178,75,91.0,238.0,148.9,280.6,71.8,,110.11
110.11,enemy_proximity,Rabbit,7,178,75,91.0,238.0,148.9,280.6,71.8,,110.11
110.18,item_collect,Rabbit,8,178,75,91.0,250.0,145.1,279.2,61.5,star.png,110.18
110.79,item_collect,Rabbit,8,199,75,91.0,193.0,109.0,272.2,81.2,heal.png,110.79
111.1,position,Rabbit,8,199,75,100.0,148.0,98.1,259.5,111.5,,111.1
112.1,position,Rabbit,8,200,75,151.0,55.0,90.8,200.2,157.2,,112.1
113.08,position,Rabbit,8,200,75,229.0,25.0,107.5,150.3,174.5,,113.08
114.07,position,Rabbit,8,200,75,301.0,115.0,140.5,118.3,160.5,,114.07
114.25,item_collect,Rabbit,9,200,75,283.0,121.0,151.5,118.8,131.5,star.png,114.25
115.06,position,Rabbit,9,200,75,301.0,178.0,200.5,119.8,116.1,,115.06
116.06,position,Rabbit,9,200,75,268.0,241.0,211.0,164.6,95.4,,116.06
116.06,enemy_proximity,Rabbit,9,200,75,268.0,241.0,211.0,164.6,95.4,,116.06
117.05,position,Rabbit,9,200,75,271.0,292.0,210.1,224.6,90.9,,117.05
117.05,enemy_proximity,Rabbit,9,200,75,271.0,292.0,210.1,224.6,90.9,,117.05
118.05,position,Rabbit,9,200,75,361.0,343.0,260.3,249.1,137.7,,118.05
119.04,position,Rabbit,9,200,75,355.0,334.0,289.5,293.3,77.1,,119.04
119.04,enemy_proximity,Rabbit,9,200,75,355.0,334.0,289.5,293.3,77.1,,119.04
119.27,item_collect,Rabbit,10,200,75,340.0,319.0,303.3,295.6,43.5,star.png,119.27
119.36,damage,Rabbit,10,150,75,325.0,319.0,309.1,296.5,27.5,,119.36
120.03,position,Rabbit,10,150,75,361.0,298.0,335.9,314.6,30.1,,120.03
120.03,enemy_proximity,Rabbit,10,150,75,361.0,298.0,335.9,314.6,30.1,,120.03
121.03,position,Rabbit,10,150,75,295.0,205.0,358.4,250.4,78.0,,121.03
121.03,enemy_proximity,Rabbit,10,150,75,295.0,205.0,358.4,250.4,78.0,,121.03
121.9,item_collect,Rabbit,10,170,75,220.0,217.0,324.2,213.5,104.2,heal.png,121.9
122.01,position,Rabbit,10,170,75,205.0,217.0,315.9,212.3,111.0,,122.01
123.01,position,Rabbit,10,171,75,211.0,118.0,254.1,238.2,127.7,,123.01
124.0,position,Rabbit,10,172,75,211.0,25.0,212.7,200.4,175.4,,124.0
124.99,position,Rabbit,10,173,75,286.0,31.0,210.1,128.5,123.5,,124.99
125.98,position,Rabbit,10,174,75,301.0,76.0,210.0,56.5,93.1,,125.98
125.98,enemy_proximity,Rabbit,10,174,75,301.0,76.0,210.0,56.5,93.1,,125.98
126.97,position,Rabbit,10,175,75,361.0,91.0,267.1,31.7,111.1,,126.97
127.96,position,Rabbit,10,176,75,391.0,175.0,304.8,77.9,129.8,,127.96
128.81,item_collect,Rabbit,11,177,75,373.0,301.0,301.6,133.9,181.7,star.png,128.81
128.96,position,Rabbit,11,177,75,346.0,301.0,301.2,144.7,162.6,,128.96
129.95,position,Rabbit,11,178,75,361.0,376.0,320.0,203.1,177.7,,129.95
130.79,item_collect,Rabbit,12,179,75,295.0,403.0,355.5,241.4,172.6,star.png,130.79
130.94,position,Rabbit,12,179,75,295.0,385.0,357.2,252.1,146.8,,130.94
131.93,position,Rabbit,12,180,75,301.0,409.0,322.0,296.4,114.6,,131.93
132.92,position,Rabbit,12,181,75,262.0,481.0,274.4,331.2,150.3,,132.92
133.78,item_collect,Rabbit,12,200,75,253.0,541.0,285.9,385.0,159.4,heal.png,133.78
133.91,position,Rabbit,12,200,75,229.0,541.0,289.5,393.9,159.0,,133.91
134.9,position,Rabbit,12,200,75,175.0,541.0,270.2,445.0,135.2,,134.9
135.9,position,Rabbit,12,200,75,175.0,541.0,211.6,475.8,74.7,,135.9
135.9,enemy_proximity,Rabbit,12,200,75,175.0,541.0,211.6,475.8,74.7,,135.9
136.89,position,Rabbit,12,200,75,355.0,541.0,187.5,527.3,168.1,,136.89
137.88,position,Rabbit,12,200,75,412.0,475.0,257.8,539.1,166.9,,137.88
138.86,position,Rabbit,12,200,75,421.0,388.0,329.8,539.9,177.2,,138.86
139.86,position,Rabbit,12,200,75,427.0,328.0,365.6,490.1,173.3,,139.86
139.87,item_collect,Rabbit,12,200,75,430.0,328.0,366.7,489.7,173.6,wall.png,139.87
140.04,item_collect,Rabbit,12,200,75,460.0,328.0,378.1,485.9,177.9,clock.png,140.04
140.2,item_collect,Rabbit,12,200,75,520.0,328.0,389.9,484.3,203.3,clock.png,140.2
140.85,position,Rabbit,12,190,75,568.0,239.2,410.5,469.3,278.8,,140.85
141.84,position,Rabbit,12,190,75,598.0,241.6,419.5,398.3,237.6,,141.84
142.34,item_collect,Rabbit,13,190,75,610.0,301.6,419.9,362.3,199.6,star.png,142.34
142.84,position,Rabbit,13,191,75,631.0,265.6,435.4,336.7,208.1,,142.84
143.82,position,Rabbit,13,192,75,688.0,265.6,507.1,330.5,192.2,,143.82
144.55,item_collect,Rabbit,13,192,75,718.0,340.6,538.7,322.2,180.2,trap.png,144.55
144.81,position,Rabbit,13,193,75,718.0,388.6,539.4,341.4,184.8,,144.81
145.8,position,Rabbit,13,194,75,655.0,445.6,605.7,358.6,100.0,,145.8
145.8,enemy_proximity,Rabbit,13,194,75,655.0,445.6,605.7,358.6,100.0,,145.8
146.1,item_collect,Rabbit,14,194,75,643.0,481.6,627.3,359.3,123.3,star.png,146.1
146.79,position,Rabbit,14,195,75,634.0,481.6,607.2,373.1,111.8,,146.79
147.78,position,Rabbit,14,196,75,658.0,460.6,572.8,428.1,91.1,,147.78
147.78,enemy_proximity,Rabbit,14,196,75,658.0,460.6,572.8,428.1,91.1,,147.78
148.77,position,Rabbit,14,197,75,661.0,349.6,574.1,421.7,112.9,,148.77
149.77,position,Rabbit,14,198,75,721.0,325.6,593.0,365.9,134.2,,149.77
150.0,item_collect,Rabbit,15,198,75,721.0,340.6,609.6,363.3,113.7,star.png,150.0
150.76,position,Rabbit,15,199,75,721.0,412.6,651.8,358.3,87.9,,150.76
150.76,enemy_proximity,Rabbit,15,199,75,721.0,412.6,651.8,358.3,87.9,,150.76
151.75,position,Rabbit,15,200,75,715.0,343.6,681.9,413.6,77.5,,151.75
151.75,enemy_proximity,Rabbit,15,200,75,715.0,343.6,681.9,413.6,77.5,,151.75
152.74,position,Rabbit,15,200,75,661.0,256.6,717.8,370.7,127.5,,152.74
153.73,position,Rabbit,15,200,75,625.0,133.6,719.9,298.8,190.5,,153.73
154.72,position,Rabbit,15,200,75,625.0,154.6,670.4,264.2,118.6,,154.72
155.59,item_collect,Rabbit,15,200,75,517.0,127.6,660.9,203.0,162.5,trap.png,155.59
155.72,position,Rabbit,15,200,75,517.0,115.6,660.5,193.4,163.3,,155.72
156.7,position,Rabbit,15,200,75,496.0,85.6,607.5,154.4,131.0,,156.7
157.7,position,Rabbit,15,200,75,427.0,85.6,535.7,150.3,126.5,,157.7
158.69,position,Rabbit,15,200,75,427.0,91.6,507.2,101.0,80.7,,158.69
158.69,enemy_proximity,Rabbit,15,200,75,427.0,91.6,507.2,101.0,80.7,,158.69
159.68,position,Rabbit,15,200,75,406.0,121.6,479.5,93.8,78.6,,159.68
159.68,enemy_proximity,Rabbit,15,200,75,406.0,121.6,479.5,93.8,78.6,,159.68
160.67,position,Rabbit,15,200,75,355.0,82.6,450.9,91.2,96.3,,160.67
160.67,enemy_proximity,Rabbit,15,200,75,355.0,82.6,450.9,91.2,96.3,,160.67
161.67,position,Rabbit,15,200,75,355.0,112.6,425.2,105.0,70.6,,161.67
161.67,enemy_proximity,Rabbit,15,200,75,355.0,112.6,425.2,105.0,70.6,,161.67
162.66,position,Rabbit,15,200,75,355.0,40.6,366.0,101.9,62.3,,162.66
162.66,enemy_proximity,Rabbit,15,200,75,355.0,40.6,366.0,101.9,62.3,,162.66
163.65,position,Rabbit,15,200,75,421.0,94.6,372.6,37.9,74.5,,163.65
163.65,enemy_proximity,Rabbit,15,200,75,421.0,94.6,372.6,37.9,74.5,,163.65
164.64,position,Rabbit,15,200,75,391.0,160.6,365.2,57.5,106.2,,164.64
165.21,item_collect,Rabbit,16,200,75,373.0,265.6,361.2,99.3,166.7,star.png,165.21
165.62,position,Rabbit,16,200,75,355.0,295.6,360.4,129.3,166.4,,165.62
166.61,position,Rabbit,16,200,75,361.0,421.6,387.3,190.9,232.2,,166.61
167.48,item_collect,Rabbit,16,200,75,283.0,451.6,363.3,243.2,223.3,wall.png,167.48
167.61,position,Rabbit,16,200,75,259.0,451.6,362.1,252.7,224.0,,167.61
168.61,position,Rabbit,16,200,75,316.0,538.6,360.2,311.5,231.4,,168.61
169.6,position,Rabbit,16,200,75,373.0,475.6,360.0,383.5,93.0,,169.6
169.6,enemy_proximity,Rabbit,16,200,75,373.0,475.6,360.0,383.5,93.0,,169.6
170.05,item_collect,Rabbit,16,200,75,421.0,490.6,380.2,392.5,106.2,clock.png,170.05
170.45,item_collect,Rabbit,16,200,75,463.0,538.6,406.4,395.2,154.1,trap.png,170.45
170.6,position,Rabbit,16,200,75,481.0,538.6,411.6,404.7,150.8,,170.6
170.84,item_collect,Rabbit,17,200,75,481.0,490.6,414.9,422.4,95.0,star.png,170.84
171.59,position,Rabbit,17,200,75,481.0,298.6,424.8,417.7,131.7,,171.59
172.01,item_collect,Rabbit,18,200,75,463.0,268.6,421.4,386.8,125.3,star.png,172.01
172.57,position,Rabbit,18,200,75,403.0,235.6,420.3,346.0,111.7,,172.57
173.56,position,Rabbit,18,200,75,361.0,205.6,391.5,294.1,93.6,,173.56
173.56,enemy_proximity,Rabbit,18,200,75,361.0,205.6,391.5,294.1,93.6,,173.56
174.54,position,Rabbit,18,200,75,385.0,121.6,388.4,242.6,121.1,,174.54
175.54,position,Rabbit,18,200,75,355.0,82.6,389.9,170.7,94.7,,175.54
175.54,enemy_proximity,Rabbit,18,200,75,355.0,82.6,389.9,170.7,94.7,,175.54
176.11,damage,Rabbit,18,150,75,355.0,115.6,367.6,140.3,27.8,,176.11
176.52,position,Rabbit,18,150,75,343.0,85.6,364.0,124.1,43.8,,176.52
176.52,enemy_proximity,Rabbit,18,150,75,343.0,85.6,364.0,124.1,43.8,,176.52
177.1,item_collect,Rabbit,19,150,75,295.0,100.6,341.7,95.5,47.0,star.png,177.1
177.51,position,Rabbit,19,150,75,292.0,151.6,312.7,92.8,62.3,,177.51
177.51,enemy_proximity,Rabbit,19,150,75,292.0,151.6,312.7,92.8,62.3,,177.51
178.1,damage,Rabbit,19,100,75,265.0,115.6,283.8,114.3,18.8,,178.1
178.52,position,Rabbit,19,100,75,214.0,115.6,261.2,117.3,47.2,,178.52
178.52,enemy_proximity,Rabbit,19,100,75,214.0,115.6,261.2,117.3,47.2,,178.52
179.51,position,Rabbit,19,100,75,205.0,127.6,222.9,119.5,19.6,,179.51
179.51,enemy_proximity,Rabbit,19,100,75,205.0,127.6,222.9,119.5,19.6,,179.51
180.28,item_collect,Rabbit,20,100,75,241.0,190.6,214.2,167.0,35.7,star.png,180.28
180.33,damage,Rabbit,20,50,75,241.0,181.6,217.8,168.8,26.5,,180.33
180.51,position,Rabbit,20,50,75,241.0,190.6,224.1,171.9,25.2,,180.51
180.51,enemy_proximity,Rabbit,20,50,75,241.0,190.6,224.1,171.9,25.2,,180.51
181.5,position,Rabbit,20,50,75,298.0,241.6,263.8,233.9,35.0,,181.5
181.5,enemy_proximity,Rabbit,20,50,75,298.0,241.6,263.8,233.9,35.0,,181.5
182.5,position,Rabbit,20,50,75,275.5,115.6,298.3,181.1,69.3,,182.5
182.5,enemy_proximity,Rabbit,20,50,75,275.5,115.6,298.3,181.1,69.3,,182.5
183.49,position,Rabbit,20,51,75,203.5,34.6,251.8,125.0,102.5,,183.49
183.75,item_collect,Rabbit,21,51,75,161.5,25.6,229.6,122.4,118.3,star.png,183.75
184.3,item_collect,Rabbit,21,72,75,131.5,61.6,212.9,83.9,84.4,heal.png,184.3
184.48,position,Rabbit,21,72,75,98.5,61.6,211.4,68.6,113.1,,184.48
185.48,position,Rabbit,21,73,75,23.5,100.6,159.1,40.7,148.3,,185.48
186.47,position,Rabbit,21,74,75,92.5,151.6,120.4,98.1,60.4,,186.47
186.47,enemy_proximity,Rabbit,21,74,75,92.5,151.6,120.4,98.1,60.4,,186.47
187.46,position,Rabbit,21,75,75,92.5,295.6,94.9,170.7,125.0,,187.46
188.32,item_collect,Rabbit,21,96,75,152.5,310.6,90.4,243.2,91.6,heal.png,188.32
188.45,position,Rabbit,21,96,75,152.5,301.6,90.2,254.4,78.1,,188.45
188.45,enemy_proximity,Rabbit,21,96,75,152.5,301.6,90.2,254.4,78.1,,188.45
189.44,position,Rabbit,21,86,75,127.3,332.8,145.6,302.8,35.1,,189.44
189.44,enemy_proximity,Rabbit,21,86,75,127.3,332.8,145.6,302.8,35.1,,189.44
190.43,position,Rabbit,21,86,75,25.3,320.8,78.6,329.1,53.9,,190.43
190.43,enemy_proximity,Rabbit,21,86,75,25.3,320.8,78.6,329.1,53.9,,190.43
191.43,position,Rabbit,21,87,75,91.3,233.8,31.8,282.7,77.1,,191.43
191.43,enemy_proximity,Rabbit,21,87,75,91.3,233.8,31.8,282.7,77.1,,191.43
192.43,position,Rabbit,21,88,75,121.3,143.8,67.3,218.7,92.3,,192.43
192.43,enemy_proximity,Rabbit,21,88,75,121.3,143.8,67.3,218.7,92.3,,192.43
193.41,position,Rabbit,21,89,75,121.3,53.8,106.2,153.6,100.9,,193.41
194.41,position,Rabbit,21,90,75,250.3,23.8,120.8,72.4,138.3,,194.41
195.33,item_collect,Rabbit,22,91,75,301.3,128.8,181.0,33.7,153.4,star.png,195.33
195.39,position,Rabbit,22,91,75,301.3,140.8,186.5,33.0,157.5,,195.39
196.38,position,Rabbit,22,92,75,235.3,242.8,209.1,105.3,140.0,,196.38
196.96,item_collect,Rabbit,22,93,75,205.3,278.8,209.8,154.3,124.6,clock.png,196.96
197.12,item_collect,Rabbit,23,93,75,205.3,338.8,209.9,168.3,170.6,star.png,197.12
197.37,position,Rabbit,23,93,75,205.3,392.8,209.9,189.3,203.6,,197.37
197.52,item_collect,Rabbit,24,93,75,175.3,428.8,210.0,201.9,229.6,star.png,197.52
198.36,position,Rabbit,24,94,75,85.3,452.8,210.0,273.3,218.6,,198.36
199.09,item_collect,Rabbit,25,95,75,25.3,488.8,162.9,299.1,234.4,star.png,199.09
199.25,item_collect,Rabbit,26,95,75,25.3,518.8,157.5,312.0,245.4,star.png,199.25
199.35,position,Rabbit,26,95,75,25.3,536.8,151.3,316.8,253.5,,199.35
200.35,position,Rabbit,26,96,75,121.3,542.8,110.6,380.1,163.1,,200.35
201.34,position,Rabbit,26,97,75,52.3,542.8,90.9,457.8,93.4,,201.34
201.34,enemy_proximity,Rabbit,26,97,75,52.3,542.8,90.9,457.8,93.4,,201.34
202.33,position,Rabbit,26,98,75,121.3,515.8,34.4,493.4,89.8,,202.33
202.33,enemy_proximity,Rabbit,26,98,75,121.3,515.8,34.4,493.4,89.8,,202.33
203.32,position,Rabbit,26,99,75,181.3,398.8,98.3,453.7,99.6,,203.32
203.32,enemy_proximity,Rabbit,26,99,75,181.3,398.8,98.3,453.7,99.6,,203.32
204.3,position,Rabbit,26,100,75,208.3,299.8,114.9,387.0,127.8,,204.3
205.2,item_collect,Rabbit,26,101,75,145.3,281.8,140.5,322.8,41.3,clock.png,205.2
205.3,position,Rabbit,26,101,75,145.3,263.8,143.7,315.0,51.3,,205.3
205.3,enemy_proximity,Rabbit,26,101,75,145.3,263.8,143.7,315.0,51.3,,205.3
206.29,position,Rabbit,26,102,75,85.3,203.8,101.7,266.8,65.1,,206.29
206.29,enemy_proximity,Rabbit,26,102,75,85.3,203.8,101.7,266.8,65.1,,206.29
207.28,position,Rabbit,26,103,75,127.3,113.8,90.4,184.4,79.6,,207.28
207.28,enemy_proximity,Rabbit,26,103,75,127.3,113.8,90.4,184.4,79.6,,207.28
208.0,item_collect,Rabbit,27,104,75,151.3,41.8,114.1,133.9,99.3,star.png,208.0
208.0,item_collect,Rabbit,28,104,75,151.3,41.8,114.1,133.9,99.3,star.png,208.0
208.27,position,Rabbit,28,104,75,172.3,23.8,117.1,111.7,103.8,,208.27
209.26,position,Rabbit,28,105,75,301.3,32.8,147.3,42.0,154.3,,209.26
210.25,position,Rabbit,28,106,75,301.3,212.8,205.4,64.9,176.3,,210.25
211.24,position,Rabbit,28,107,75,274.3,242.8,209.8,148.6,114.1,,211.24
212.24,position,Rabbit,28,108,75,256.3,242.8,217.4,228.1,41.5,,212.24
212.24,enemy_proximity,Rabbit,28,108,75,256.3,242.8,217.4,228.1,41.5,,212.24
212.4,damage,Rabbit,28,58,75,256.3,242.8,230.4,233.0,27.7,,212.4
213.23,position,Rabbit,28,58,75,286.3,242.8,284.5,239.1,4.1,,213.23
213.23,enemy_proximity,Rabbit,28,58,75,286.3,242.8,284.5,239.1,4.1,,213.23
214.22,position,Rabbit,28,58,75,271.3,287.8,277.1,253.4,34.9,,214.22
214.22,enemy_proximity,Rabbit,28,58,75,271.3,287.8,277.1,253.4,34.9,,214.22
214.88,damage,Rabbit,28,8,75,271.3,335.8,271.0,308.9,26.9,,214.88
215.21,position,Rabbit,28,8,75,271.3,386.8,270.4,334.1,52.7,,215.21
215.21,enemy_proximity,Rabbit,28,8,75,271.3,386.8,270.4,334.1,52.7,,215.21
216.19,position,Rabbit,28,8,75,307.3,452.8,294.2,407.2,47.4,,216.19
216.19,enemy_proximity,Rabbit,28,8,75,307.3,452.8,294.2,407.2,47.4,,216.19
216.95,damage,Rabbit,28,-42,75,331.3,482.8,320.9,458.2,26.7,,216.95
216.95,game_over,Rabbit,28,0,75,331.3,482.8,320.9,458.2,26.7,,216.95
1.02,position,Pig,0,240,50,390,270,73.6,57.0,381.4,,1.02
2.01,position,Pig,0,230,50,390,297.6,114.2,86.1,347.6,,2.01
2.91,item_collect,Pig,1,230,50,420.6,340.2,119.2,139.7,362.0,star.png,2.91
3.01,position,Pig,1,231,50,420.6,358.2,119.3,145.7,368.6,,3.01
4.01,position,Pig,1,232,50,420.6,442.2,143.8,194.7,371.3,,4.01
5.01,position,Pig,1,233,50,474.6,541.2,197.7,214.1,428.5,,5.01
6.01,position,Pig,1,234,50,474.6,391.2,249.3,237.0,273.0,,6.01
7.01,position,Pig,1,235,50,474.6,265.2,272.8,287.0,202.9,,7.01
7.57,item_collect,Pig,1,250,50,510.6,223.2,305.3,296.0,217.8,heal.png,7.57
8.0,position,Pig,1,250,50,483.6,205.2,331.2,298.4,178.7,,8.0
8.99,position,Pig,1,250,50,494.1,143.7,357.5,254.7,176.0,,8.99
9.98,position,Pig,1,250,50,617.1,152.7,379.4,205.7,243.6,,9.98
10.99,position,Pig,1,250,50,632.1,110.7,429.7,182.6,214.8,,10.99
11.82,item_collect,Pig,2,250,50,641.1,119.7,471.3,167.3,176.3,star.png,11.82
11.98,position,Pig,2,250,50,671.1,119.7,478.8,161.6,196.9,,11.98
12.98,position,Pig,2,250,50,623.1,113.7,537.4,151.4,93.6,,12.98
12.98,enemy_proximity,Pig,2,250,50,623.1,113.7,537.4,151.4,93.6,,12.98
13.98,position,Pig,2,250,50,623.1,35.7,597.4,150.2,117.3,,13.98
14.96,position,Pig,2,250,50,497.1,23.7,591.8,146.2,154.8,,14.96
15.96,position,Pig,2,250,50,413.1,122.7,531.9,149.6,121.8,,15.96
16.27,item_collect,Pig,3,250,50,371.1,122.7,512.9,149.8,144.4,star.png,16.27
16.95,position,Pig,3,250,50,302.1,86.7,507.0,121.7,207.9,,16.95
17.95,position,Pig,3,250,50,239.1,23.7,468.6,92.8,239.7,,17.95
18.05,item_collect,Pig,3,250,50,221.1,23.7,462.7,92.0,251.1,trap.png,18.05
18.22,item_collect,Pig,4,250,50,191.1,23.7,452.7,91.5,270.2,star.png,18.22
18.71,item_collect,Pig,4,250,50,143.1,38.7,429.1,100.6,292.6,clock.png,18.71
18.94,position,Pig,4,250,50,143.1,62.7,418.2,108.1,278.8,,18.94
19.93,position,Pig,4,250,50,23.1,62.7,367.6,105.6,347.1,,19.93
20.93,position,Pig,4,240,50,75.9,152.7,312.2,94.3,243.4,,20.93
21.92,position,Pig,4,240,50,83.1,207.3,260.7,117.3,199.1,,21.92
22.92,position,Pig,4,241,50,23.1,264.3,200.8,119.7,229.1,,22.92
23.01,item_collect,Pig,4,241,50,23.1,279.3,195.8,119.8,235.1,clock.png,23.01
23.67,item_collect,Pig,4,242,50,131.1,327.3,155.8,120.0,208.8,wall.png,23.67
23.92,position,Pig,4,242,50,143.1,381.3,145.8,120.0,261.3,,23.92
24.91,position,Pig,4,243,50,119.1,537.3,116.3,142.1,395.2,,24.91
25.9,position,Pig,4,244,50,122.1,444.3,96.5,192.1,253.5,,25.9
26.9,position,Pig,4,245,50,179.1,447.3,90.8,251.7,214.7,,26.9
27.3,item_collect,Pig,5,246,50,179.1,519.3,90.3,275.7,259.3,star.png,27.3
27.89,position,Pig,5,246,50,242.1,540.3,90.1,311.7,274.6,,27.89
28.89,position,Pig,5,247,50,362.1,486.3,115.9,361.0,276.3,,28.89
29.89,position,Pig,5,248,50,437.1,540.3,161.8,387.0,315.1,,29.89
30.33,item_collect,Pig,5,250,50,482.1,522.3,173.6,409.6,328.4,heal.png,30.33
30.88,position,Pig,5,250,50,482.1,423.3,177.9,442.3,304.7,,30.88
31.87,position,Pig,5,250,50,542.1,330.3,215.0,475.6,357.9,,31.87
32.86,position,Pig,5,250,50,569.1,387.3,265.2,454.3,311.2,,32.86
33.22,item_collect,Pig,5,250,50,551.1,444.3,286.0,451.9,265.2,wall.png,33.22
33.86,position,Pig,5,250,50,518.1,384.3,304.0,451.1,224.3,,33.86
34.87,position,Pig,5,250,50,481.0,265.0,329.2,424.9,220.5,,34.87
35.86,position,Pig,5,250,50,508.0,205.0,356.9,380.0,231.2,,35.86
36.86,position,Pig,5,250,50,523.0,145.0,359.7,320.1,239.4,,36.86
37.85,position,Pig,5,250,50,631.0,91.0,360.0,260.1,319.5,,37.85
38.78,item_collect,Pig,6,250,50,640.0,181.0,375.8,213.9,266.2,star.png,38.78
38.85,position,Pig,6,250,50,652.0,181.0,377.4,210.2,276.2,,38.85
39.84,position,Pig,6,250,50,637.0,181.0,424.7,183.2,212.3,,39.84
40.83,position,Pig,6,250,50,655.0,241.0,474.1,163.3,196.9,,40.83
41.63,item_collect,Pig,7,250,50,613.0,271.0,489.3,199.8,142.8,star.png,41.63
41.83,position,Pig,7,250,50,598.0,271.0,496.9,208.0,119.1,,41.83
42.82,position,Pig,7,250,50,721.0,310.0,543.7,236.3,192.0,,42.82
43.56,item_collect,Pig,7,250,50,703.0,421.0,586.4,242.8,213.0,shield.png,43.56
43.81,position,Pig,7,250,50,661.0,421.0,592.5,256.4,178.3,,43.81
44.32,item_collect,Pig,8,250,50,643.0,475.0,594.7,285.5,195.5,star.png,44.32
44.8,position,Pig,8,250,50,598.0,481.0,567.7,295.0,188.5,,44.8
45.8,position,Pig,8,250,50,628.0,529.0,542.7,341.7,205.8,,45.8
46.79,position,Pig,8,250,50,628.0,529.0,566.3,392.5,149.8,,46.79
47.78,position,Pig,8,250,50,628.0,529.0,584.8,443.0,96.3,,47.78
47.78,enemy_proximity,Pig,8,250,50,628.0,529.0,584.8,443.0,96.3,,47.78
48.78,position,Pig,8,250,50,607.0,541.0,620.1,486.3,56.2,,48.78
48.78,enemy_proximity,Pig,8,250,50,607.0,541.0,620.1,486.3,56.2,,48.78
49.79,position,Pig,8,250,50,535.0,442.0,608.9,533.0,117.3,,49.79
50.78,position,Pig,8,250,50,475.0,343.0,551.7,535.6,207.3,,50.78
50.78,item_collect,Pig,9,250,50,475.0,343.0,551.7,535.6,207.3,star.png,50.78
51.77,position,Pig,9,250,50,475.0,265.0,501.0,512.5,248.9,,51.77
52.76,position,Pig,9,250,50,505.0,205.0,481.6,461.3,257.4,,52.76
53.76,position,Pig,9,250,50,490.0,145.0,480.2,401.4,256.5,,53.76
54.75,position,Pig,9,250,50,442.0,85.0,480.0,341.4,259.2,,54.75
54.8,item_collect,Pig,9,250,50,433.0,85.0,479.1,339.1,258.2,clock.png,54.8
55.75,position,Pig,9,250,50,355.0,55.0,429.5,321.3,276.5,,55.75
56.71,item_collect,Pig,10,250,50,343.0,85.0,394.9,281.4,203.1,star.png,56.71
56.75,position,Pig,10,250,50,331.0,85.0,394.6,279.2,204.3,,56.75
57.74,position,Pig,10,250,50,295.0,25.0,362.1,226.3,212.2,,57.74
58.74,position,Pig,10,250,50,190.0,25.0,305.9,194.1,205.0,,58.74
59.74,position,Pig,10,250,50,190.0,25.0,276.1,135.7,140.2,,59.74
60.73,position,Pig,10,250,50,148.0,25.0,217.0,107.1,107.3,,60.73
61.59,item_collect,Pig,11,250,50,73.0,61.0,210.6,45.3,138.5,star.png,61.59
61.73,position,Pig,11,250,50,49.0,61.0,203.9,40.1,156.3,,61.73
62.73,position,Pig,11,250,42.5,25.0,110.5,142.5,50.7,131.9,,62.73
63.72,position,Pig,11,250,12.5,110.5,182.5,120.2,106.3,76.8,,63.72
63.72,enemy_proximity,Pig,11,250,12.5,110.5,182.5,120.2,106.3,76.8,,63.72
64.71,position,Pig,11,250,2.3,83.5,304.0,95.6,166.8,137.7,,64.71
65.71,position,Pig,11,250,8.3,113.5,331.0,90.5,238.5,95.3,,65.71
65.71,enemy_proximity,Pig,11,250,8.3,113.5,331.0,90.5,238.5,95.3,,65.71
65.88,item_collect,Pig,11,250,9.3,113.5,340.0,90.3,250.5,92.4,trap.png,65.88
66.71,position,Pig,11,250,14.3,53.5,391.0,90.0,310.5,88.4,,66.71
66.71,enemy_proximity,Pig,11,250,14.3,53.5,391.0,90.0,310.5,88.4,,66.71
66.99,item_collect,Pig,11,250,16.0,23.5,400.0,104.9,322.0,112.7,heal.png,66.99
67.7,position,Pig,11,250,20.3,23.5,529.0,117.5,371.6,183.3,,67.7
68.7,position,Pig,11,250,26.3,122.5,541.0,91.9,433.6,111.6,,68.7
69.7,position,Pig,11,250,32.3,41.5,541.0,52.1,476.6,65.2,,69.7
69.7,enemy_proximity,Pig,11,250,32.3,41.5,541.0,52.1,476.6,65.2,,69.7
70.7,position,Pig,11,250,38.3,122.5,457.0,39.3,489.7,89.4,,70.7
70.7,enemy_proximity,Pig,11,250,38.3,122.5,457.0,39.3,489.7,89.4,,70.7
71.36,damage,Pig,11,225,42.3,83.5,445.0,79.6,471.7,26.9,,71.36
71.7,position,Pig,11,225,44.3,83.5,385.0,79.6,471.7,86.7,,71.7
71.7,enemy_proximity,Pig,11,225,44.3,83.5,385.0,79.6,471.7,86.7,,71.7
72.7,position,Pig,11,225,50.0,62.5,385.0,79.6,471.7,88.3,,72.7
72.7,enemy_proximity,Pig,11,225,50.0,62.5,385.0,79.6,471.7,88.3,,72.7
73.7,position,Pig,11,225,38.5,146.5,385.0,85.8,448.8,88.0,,73.7
73.7,enemy_proximity,Pig,11,225,38.5,146.5,385.0,85.8,448.8,88.0,,73.7
74.69,position,Pig,11,226,39.1,212.5,349.0,114.3,395.2,108.5,,74.69
74.84,item_collect,Pig,11,226,34.6,212.5,308.5,122.4,391.6,122.6,clock.png,74.84
75.68,position,Pig,11,216,18.7,212.5,117.7,132.3,338.2,234.6,,75.68
75.78,item_collect,Pig,12,216,19.3,220.9,117.7,136.3,332.7,231.1,star.png,75.78
76.68,position,Pig,12,216,12.7,298.9,117.7,186.9,303.1,216.6,,76.68
77.67,position,Pig,12,217,2.5,301.9,117.7,208.6,239.8,153.7,,77.67
78.67,position,Pig,12,218,8.5,328.9,90.7,209.9,167.9,141.8,,78.67
79.67,position,Pig,12,219,14.5,361.9,93.7,245.7,123.6,120.0,,79.67
80.08,item_collect,Pig,13,220,17.0,370.9,144.7,275.5,121.2,98.2,star.png,80.08
80.66,position,Pig,13,220,20.5,391.9,195.7,304.5,100.5,129.3,,80.66
81.12,item_collect,Pig,13,221,23.3,409.9,252.7,301.2,133.9,161.0,wall.png,81.12
81.66,position,Pig,13,221,26.5,436.9,252.7,300.9,143.5,174.4,,81.66
82.65,position,Pig,13,222,32.5,493.0,208.0,300.1,192.7,193.5,,82.65
83.65,position,Pig,13,223,38.5,511.0,208.0,367.6,208.7,143.4,,83.65
84.64,position,Pig,13,224,44.5,511.0,271.0,428.4,182.6,121.0,,84.64
85.64,position,Pig,13,225,50.0,487.0,271.0,490.6,202.1,69.0,,85.64
85.64,enemy_proximity,Pig,13,225,50.0,487.0,271.0,490.6,202.1,69.0,,85.64
86.59,damage,Pig,13,176,40.4,472.0,271.0,497.4,260.5,27.5,,86.59
86.62,position,Pig,13,176,40.6,472.0,271.0,495.3,261.6,25.1,,86.62
86.62,enemy_proximity,Pig,13,176,40.6,472.0,271.0,495.3,261.6,25.1,,86.62
86.95,item_collect,Pig,14,176,42.6,463.0,271.0,492.0,263.0,30.1,star.png,86.95
87.62,position,Pig,14,176,46.6,361.0,277.0,444.4,268.7,83.8,,87.62
87.62,enemy_proximity,Pig,14,176,46.6,361.0,277.0,444.4,268.7,83.8,,87.62
88.62,position,Pig,14,176,34.0,340.0,419.5,373.1,271.0,152.1,,88.62
89.62,position,Pig,14,177,40.0,331.0,467.5,361.0,341.3,129.7,,89.62
90.61,position,Pig,14,178,29.8,422.5,467.5,383.0,390.2,86.8,,90.61
90.61,enemy_proximity,Pig,14,178,29.8,422.5,467.5,383.0,390.2,86.8,,90.61
90.92,damage,Pig,14,128,31.7,422.5,410.5,405.1,391.2,26.0,,90.92
91.61,position,Pig,14,128,35.8,407.5,296.5,416.1,358.1,62.2,,91.61
91.61,enemy_proximity,Pig,14,128,35.8,407.5,296.5,416.1,358.1,62.2,,91.61
92.13,item_collect,Pig,14,128,38.9,365.5,248.5,419.1,321.1,90.2,wall.png,92.13
92.61,position,Pig,14,128,41.8,323.5,203.5,405.3,307.2,132.1,,92.61
93.61,position,Pig,14,128,47.8,266.5,113.5,367.4,287.6,201.2,,93.61
94.6,position,Pig,14,129,50.0,266.5,113.5,353.9,220.5,138.2,,94.6
95.6,position,Pig,14,130,50.0,218.5,113.5,304.2,183.4,110.6,,95.6
96.59,position,Pig,14,131,36.8,115.0,98.5,267.4,130.4,155.7,,96.59
97.59,position,Pig,14,132,42.8,40.0,53.5,196.5,120.6,170.3,,97.59
98.59,position,Pig,14,133,48.8,40.0,62.5,129.6,112.3,102.5,,98.59
98.97,damage,Pig,14,84,50.0,109.0,62.5,123.4,85.7,27.3,,98.97
99.59,position,Pig,14,84,50.0,148.6,53.5,134.8,67.4,19.6,,99.59
99.59,enemy_proximity,Pig,14,84,50.0,148.6,53.5,134.8,67.4,19.6,,99.59
100.58,position,Pig,14,84,50.0,209.2,25.3,159.4,37.6,51.3,,100.58
100.58,enemy_proximity,Pig,14,84,50.0,209.2,25.3,159.4,37.6,51.3,,100.58
101.58,position,Pig,14,84,47.0,302.2,88.3,230.7,30.5,91.9,,101.58
101.58,enemy_proximity,Pig,14,84,47.0,302.2,88.3,230.7,30.5,91.9,,101.58
102.57,position,Pig,14,85,33.2,293.2,218.8,292.6,46.2,172.6,,102.57
103.56,position,Pig,14,86,39.2,209.2,242.8,287.4,110.7,153.5,,103.56
104.56,position,Pig,14,87,23.6,179.2,392.8,220.7,125.9,270.1,,104.56
105.41,item_collect,Pig,15,88,28.7,173.2,518.8,211.2,185.9,335.1,star.png,105.41
105.56,position,Pig,15,88,29.6,182.2,521.8,210.8,196.7,326.4,,105.56
106.56,position,Pig,15,89,35.6,257.2,542.8,210.1,268.7,278.1,,106.56
107.55,position,Pig,15,90,41.6,362.2,473.8,210.0,340.7,202.2,,107.55
108.56,position,Pig,15,91,47.6,410.2,473.8,264.9,375.5,175.4,,108.56
109.55,position,Pig,15,92,50.0,422.2,416.8,314.5,416.5,107.7,,109.55
110.55,position,Pig,15,93,50.0,416.2,236.8,356.9,379.3,154.3,,110.55
111.04,item_collect,Pig,16,94,50.0,353.2,221.8,359.3,343.4,121.7,star.png,111.04
111.54,position,Pig,16,94,50.0,392.2,203.8,359.8,307.4,108.5,,111.54
112.54,position,Pig,16,95,50.0,413.2,113.8,360.0,235.4,132.7,,112.54
113.54,position,Pig,16,86,50.0,452.2,83.8,386.7,174.8,112.2,,113.54
114.43,item_collect,Pig,17,86,50.0,511.0,98.8,407.2,120.8,106.1,star.png,114.43
114.53,position,Pig,17,86,50.0,511.0,116.8,410.0,114.2,101.0,,114.53
114.6,item_collect,Pig,17,86,50.0,511.0,128.8,411.8,109.8,101.0,clock.png,114.6
115.53,position,Pig,17,87,50.0,631.0,152.8,473.0,91.6,169.5,,115.53
116.53,position,Pig,17,88,50.0,721.0,32.8,534.8,115.0,203.6,,116.53
116.99,item_collect,Pig,17,108,50.0,685.0,38.8,560.6,129.8,154.2,heal.png,116.99
117.52,position,Pig,17,109,50.0,721.0,65.8,594.2,144.9,149.4,,117.52
118.53,position,Pig,17,110,50.0,715.0,77.8,656.0,124.1,75.0,,118.53
118.53,enemy_proximity,Pig,17,110,50.0,715.0,77.8,656.0,124.1,75.0,,118.53
119.52,position,Pig,17,111,50.0,685.0,32.8,714.0,99.8,73.0,,119.52
119.52,enemy_proximity,Pig,17,111,50.0,685.0,32.8,714.0,99.8,73.0,,119.52
119.99,damage,Pig,17,61,50.0,685.0,62.8,711.5,70.5,27.6,,119.99
120.52,position,Pig,17,61,50.0,721.0,95.8,709.5,73.4,25.1,,120.52
120.52,enemy_proximity,Pig,17,61,50.0,721.0,95.8,709.5,73.4,25.1,,120.52
121.52,position,Pig,17,61,50.0,622.0,152.8,681.9,116.3,70.1,,121.52
121.52,enemy_proximity,Pig,17,61,50.0,622.0,152.8,681.9,116.3,70.1,,121.52
122.51,position,Pig,17,61,50.0,634.0,182.8,634.3,151.2,31.6,,122.51
122.51,enemy_proximity,Pig,17,61,50.0,634.0,182.8,634.3,151.2,31.6,,122.51
122.9,damage,Pig,17,11,50.0,670.0,182.8,644.9,171.4,27.6,,122.9
123.51,position,Pig,17,11,50.0,670.0,182.8,644.9,171.4,27.6,,123.51
123.51,enemy_proximity,Pig,17,11,50.0,670.0,182.8,644.9,171.4,27.6,,123.51
124.5,position,Pig,17,11,50.0,670.0,182.8,644.9,171.4,27.6,,124.5
124.5,enemy_proximity,Pig,17,11,50.0,670.0,182.8,644.9,171.4,27.6,,124.5
124.87,damage,Pig,17,-39,50.0,670.0,182.8,644.9,171.4,27.6,,124.87
124.87,game_over,Pig,17,0,50.0,670.0,182.8,644.9,171.4,27.6,,124.87
1.03,position,Rabbit,0,200,75,390,270,73.6,57.0,381.4,,1.03
2.03,position,Rabbit,0,200,75,381,300,114.2,86.1,342.0,,2.03
2.57,item_collect,Rabbit,1,200,75,282,300,118.2,118.8,244.3,star,2.57
3.01,position,Rabbit,1,200,75,264,267,119.3,145.7,188.8,,3.01
3.32,item_collect,Rabbit,2,200,75,279,234,119.7,164.7,173.7,star,3.32
4.0,position,Rabbit,2,200,75,300,153,143.8,194.7,161.6,,4.0
4.99,position,Rabbit,2,200,75,300,72,198.1,201.6,164.9,,4.99
5.52,item_collect,Rabbit,3,200,75,339,90,206.4,171.1,155.4,star,5.52
5.99,position,Rabbit,3,200,75,360,51,208.8,143.2,177.1,,5.99
6.3,item_collect,Rabbit,3,200,75,369,24,217.6,129.7,184.7,wall,6.3
6.8,item_collect,Rabbit,3,200,75,459,24,237.8,124.6,243.0,clock,6.8
6.98,position,Rabbit,3,200,75,525,24,248.7,123.1,293.6,,6.98
7.97,position,Rabbit,3,200,75,627,30,297.8,102.0,337.0,,7.97
8.45,item_collect,Rabbit,3,200,75,627,132,325.6,94.4,303.8,clock,8.45
8.97,position,Rabbit,3,200,75,627,180,350.2,102.5,287.4,,8.97
9.96,position,Rabbit,3,200,75,639,180,377.4,150.0,263.3,,9.96
10.97,position,Rabbit,3,190,75,660,249,425.6,176.6,245.3,,10.97
11.95,position,Rabbit,3,190,75,622.8,273.0,475.8,196.0,165.9,,11.95
12.1,item_collect,Rabbit,3,200,75,612.0,273.0,484.2,199.4,147.5,heal,12.1
12.94,position,Rabbit,3,200,75,565.2,303.0,519.1,231.3,85.3,,12.94
12.94,enemy_proximity,Rabbit,3,200,75,565.2,303.0,519.1,231.3,85.3,,12.94
13.94,position,Rabbit,3,200,75,571.2,363.0,490.0,274.0,120.5,,13.94
14.2,item_collect,Rabbit,4,200,75,571.2,399.0,485.4,289.2,139.3,star,14.2
14.82,item_collect,Rabbit,5,200,75,535.2,459.0,481.6,326.0,143.4,star,14.82
14.93,position,Rabbit,5,200,75,535.2,480.0,481.2,333.0,156.6,,14.93
15.92,position,Rabbit,5,200,75,628.2,543.0,480.1,393.0,210.8,,15.92
16.09,item_collect,Rabbit,5,200,75,631.2,522.0,480.1,403.0,192.4,shield,16.09
16.25,item_collect,Rabbit,6,200,75,631.2,492.0,487.2,408.6,166.4,star,16.25
16.91,position,Rabbit,6,200,75,664.2,474.0,525.3,418.3,149.6,,16.91
17.88,item_collect,Rabbit,7,200,75,655.2,402.0,569.1,443.6,95.6,star,17.88
17.91,position,Rabbit,7,200,75,655.2,396.0,569.2,441.6,97.4,,17.91
17.91,enemy_proximity,Rabbit,7,200,75,655.2,396.0,569.2,441.6,97.4,,17.91
18.89,item_collect,Rabbit,7,200,75,700.2,324.0,569.9,382.6,142.8,clock,18.89
18.91,position,Rabbit,7,200,75,706.2,324.0,569.9,381.6,147.9,,18.91
19.9,position,Rabbit,7,200,75,718.2,420.0,620.2,362.1,113.8,,19.9
20.9,position,Rabbit,7,200,75,595.2,480.0,655.2,394.7,104.3,,20.9
21.9,position,Rabbit,7,200,75,535.2,414.0,659.4,454.4,130.6,,21.9
22.13,item_collect,Rabbit,7,200,75,523.2,414.0,656.1,466.3,142.8,trap,22.13
22.9,position,Rabbit,7,200,75,475.2,414.0,612.7,476.9,151.2,,22.9
23.88,position,Rabbit,7,200,75,418.2,450.0,562.9,452.7,144.7,,23.88
24.05,item_collect,Rabbit,7,200,75,418.2,432.0,553.6,450.7,136.7,shield,24.05
24.87,position,Rabbit,7,200,75,418.2,390.0,516.4,424.2,104.0,,24.87
25.87,position,Rabbit,7,200,75,418.2,366.0,483.5,386.3,68.4,,25.87
25.87,enemy_proximity,Rabbit,7,200,75,418.2,366.0,483.5,386.3,68.4,,25.87
26.87,position,Rabbit,7,200,75,418.2,465.0,480.4,398.4,91.1,,26.87
26.87,enemy_proximity,Rabbit,7,200,75,418.2,465.0,480.4,398.4,91.1,,26.87
27.86,position,Rabbit,7,200,75,415.2,474.0,478.3,435.2,74.1,,27.86
27.86,enemy_proximity,Rabbit,7,200,75,415.2,474.0,478.3,435.2,74.1,,27.86
28.86,position,Rabbit,7,200,75,364.2,474.0,456.3,444.0,96.9,,28.86
28.86,enemy_proximity,Rabbit,7,200,75,364.2,474.0,456.3,444.0,96.9,,28.86
29.71,item_collect,Rabbit,8,200,75,283.2,447.0,436.2,447.3,153.0,star,29.71
29.86,position,Rabbit,8,200,75,256.2,447.0,433.3,448.8,177.1,,29.86
30.86,position,Rabbit,8,200,75,271.2,483.0,399.5,474.8,128.6,,30.86
31.08,item_collect,Rabbit,8,200,75,271.2,519.0,386.7,476.5,123.0,shield,31.08
31.86,position,Rabbit,8,200,75,178.2,543.0,364.3,510.6,188.9,,31.86
32.85,position,Rabbit,8,200,75,163.2,390.0,318.6,537.2,214.1,,32.85
33.02,item_collect,Rabbit,8,200,75,133.2,390.0,308.7,538.2,229.7,heal,33.02
33.85,position,Rabbit,8,200,75,94.2,393.0,258.7,539.7,220.5,,33.85
34.47,item_collect,Rabbit,9,200,75,85.2,399.0,220.7,539.9,195.5,star,34.47
34.84,position,Rabbit,9,200,75,85.2,465.0,198.7,540.0,136.1,,34.84
35.84,position,Rabbit,9,200,75,25.2,414.0,181.7,486.9,172.6,,35.84
36.83,position,Rabbit,9,200,75,118.2,384.0,174.2,436.9,77.0,,36.83
36.83,enemy_proximity,Rabbit,9,200,75,118.2,384.0,174.2,436.9,77.0,,36.83
37.82,position,Rabbit,9,200,75,91.2,249.0,154.3,394.9,158.9,,37.82
38.13,item_collect,Rabbit,9,200,75,91.2,192.0,135.5,392.2,205.0,wall,38.13
38.82,position,Rabbit,9,200,75,91.2,69.0,126.1,374.4,307.4,,38.82
39.18,item_collect,Rabbit,9,200,75,100.2,54.0,123.0,352.7,299.5,trap,39.18
39.57,item_collect,Rabbit,9,200,75,151.2,42.0,109.0,338.2,299.2,heal,39.57
39.82,position,Rabbit,9,200,75,151.2,24.0,100.3,327.4,307.6,,39.82
40.3,item_collect,Rabbit,9,200,75,220.2,24.0,93.4,299.4,303.2,shield,40.3
40.46,item_collect,Rabbit,9,200,75,250.2,24.0,92.3,289.5,308.9,clock,40.46
40.8,position,Rabbit,9,200,75,298.2,24.0,91.0,268.6,320.5,,40.8
41.8,position,Rabbit,9,200,75,298.2,72.0,90.1,208.6,248.9,,41.8
42.79,position,Rabbit,9,200,75,361.2,33.0,103.7,157.4,286.0,,42.79
43.01,item_collect,Rabbit,10,200,75,370.2,24.0,109.2,145.9,288.1,star,43.01
43.49,item_collect,Rabbit,11,200,75,421.2,39.0,134.3,126.1,299.8,star,43.49
43.79,position,Rabbit,11,200,75,421.2,93.0,155.8,123.2,267.2,,43.79
44.79,position,Rabbit,11,200,75,505.2,84.0,227.6,120.2,279.9,,44.79
45.78,position,Rabbit,11,200,75,583.2,153.0,291.4,106.3,295.6,,45.78
46.78,position,Rabbit,11,200,75,628.2,104.4,352.5,104.9,275.7,,46.78
46.99,item_collect,Rabbit,11,200,75,628.2,103.2,366.9,110.7,261.4,shield,46.99
46.99,item_collect,Rabbit,11,200,75,628.2,103.2,366.9,110.7,261.4,clock,46.99
47.77,position,Rabbit,11,200,75,654.6,122.4,413.8,102.8,241.6,,47.77
48.47,item_collect,Rabbit,12,200,75,718.2,38.4,462.7,92.1,261.1,star,48.47
48.77,position,Rabbit,12,200,75,706.2,26.4,484.3,91.0,231.1,,48.77
48.79,item_collect,Rabbit,12,200,75,700.2,26.4,485.5,91.0,224.2,heal,48.79
49.76,position,Rabbit,12,200,75,721.2,98.4,545.7,116.6,176.4,,49.76
50.76,position,Rabbit,12,200,75,625.2,74.4,605.1,146.6,75.0,,50.76
50.76,enemy_proximity,Rabbit,12,200,75,625.2,74.4,605.1,146.6,75.0,,50.76
51.76,position,Rabbit,12,200,75,484.2,26.4,628.5,88.1,156.9,,51.76
51.89,item_collect,Rabbit,13,200,75,475.2,38.4,629.0,78.5,159.0,star,51.89
52.75,position,Rabbit,13,200,75,415.2,122.4,603.9,34.8,208.0,,52.75
53.75,position,Rabbit,13,200,75,385.2,152.4,532.1,30.3,191.0,,53.75
54.42,item_collect,Rabbit,13,200,75,370.2,212.4,489.2,39.9,209.6,wall,54.42
54.74,position,Rabbit,13,200,75,313.2,212.4,484.4,62.0,227.9,,54.74
55.73,position,Rabbit,13,200,75,151.2,212.4,437.7,87.4,312.6,,55.73
56.73,position,Rabbit,13,200,75,145.2,185.4,379.1,117.6,243.6,,56.73
57.69,item_collect,Rabbit,13,200,75,67.2,218.4,320.9,92.4,283.3,shield,57.69
57.72,position,Rabbit,13,200,75,61.2,218.4,318.5,92.1,286.6,,57.72
58.72,position,Rabbit,13,200,75,40.2,242.4,256.9,117.9,249.9,,58.72
58.72,item_collect,Rabbit,14,200,75,40.2,242.4,256.9,117.9,249.9,star,58.72
59.14,item_collect,Rabbit,15,200,75,25.2,278.4,226.9,119.3,256.9,star,59.14
59.72,position,Rabbit,15,200,75,85.2,326.4,184.9,119.9,229.3,,59.72
60.71,position,Rabbit,15,200,75,127.2,392.4,126.3,139.0,253.4,,60.71
61.71,position,Rabbit,15,200,75,175.2,434.4,95.4,197.3,250.1,,61.71
62.38,item_collect,Rabbit,15,200,75,190.2,542.4,91.0,246.3,312.3,clock,62.38
62.55,item_collect,Rabbit,15,200,75,250.2,542.4,90.6,258.3,325.9,heal,62.55
62.7,position,Rabbit,15,200,75,304.2,542.4,90.4,269.1,347.0,,62.7
63.69,position,Rabbit,15,200,75,328.2,476.4,108.6,331.3,263.2,,63.69
64.69,position,Rabbit,15,200,75,358.2,353.4,143.6,383.9,216.8,,64.69
65.41,item_collect,Rabbit,16,200,75,358.2,221.4,195.4,388.1,233.0,star,65.41
65.68,position,Rabbit,16,200,75,358.2,203.4,203.5,370.8,227.9,,65.68
66.68,position,Rabbit,16,200,75,391.2,224.4,209.5,299.2,196.4,,66.68
67.67,position,Rabbit,16,200,75,391.2,245.4,234.8,245.5,156.4,,67.67
67.91,item_collect,Rabbit,16,200,75,403.2,245.4,251.4,242.9,151.8,trap,67.91
68.67,position,Rabbit,16,200,75,421.2,254.4,295.6,222.7,129.5,,68.67
69.67,position,Rabbit,16,200,75,421.2,377.4,352.8,231.6,161.0,,69.67
70.65,position,Rabbit,16,200,75,421.2,461.4,359.4,303.2,169.9,,70.65
71.65,position,Rabbit,16,200,75,448.2,542.4,360.0,375.2,189.1,,71.65
71.71,item_collect,Rabbit,16,200,75,460.2,542.4,364.3,377.3,191.0,shield,71.71
72.64,position,Rabbit,16,200,75,481.2,503.4,413.8,410.8,114.6,,72.64
72.79,item_collect,Rabbit,16,200,75,490.2,503.4,415.5,421.4,110.9,wall,72.79
72.95,item_collect,Rabbit,16,200,75,520.2,503.4,417.3,433.3,124.5,heal,72.95
73.63,position,Rabbit,16,200,75,547.2,428.4,463.3,447.3,86.0,,73.63
73.63,enemy_proximity,Rabbit,16,200,75,547.2,428.4,463.3,447.3,86.0,,73.63
74.62,position,Rabbit,16,200,75,571.0,367.0,524.4,421.9,72.0,,74.62
74.62,enemy_proximity,Rabbit,16,200,75,571.0,367.0,524.4,421.9,72.0,,74.62
75.54,item_collect,Rabbit,16,200,75,661.0,343.0,565.9,385.8,104.3,wall,75.54
75.61,position,Rabbit,16,200,75,661.0,331.0,566.7,381.0,106.8,,75.61
76.6,position,Rabbit,16,200,75,721.0,268.0,604.5,363.8,150.8,,76.6
77.6,position,Rabbit,16,200,75,652.0,265.0,664.8,339.3,75.4,,77.6
77.6,enemy_proximity,Rabbit,16,200,75,652.0,265.0,664.8,339.3,75.4,,77.6
78.6,position,Rabbit,16,200,75,655.0,202.0,715.1,302.8,117.4,,78.6
79.59,position,Rabbit,16,200,75,625.0,94.0,670.9,266.5,178.5,,79.59
80.59,position,Rabbit,16,200,75,514.0,25.0,660.6,195.8,225.1,,80.59
81.58,position,Rabbit,16,200,75,451.0,91.0,609.9,154.7,171.1,,81.58
82.58,position,Rabbit,16,200,75,379.0,25.0,538.1,150.3,202.5,,82.58
83.15,item_collect,Rabbit,16,200,75,355.0,70.0,515.0,125.4,169.4,shield,83.15
83.48,item_collect,Rabbit,16,200,75,355.0,130.0,510.7,102.4,158.1,trap,83.48
83.58,position,Rabbit,16,200,75,355.0,148.0,504.0,99.7,156.7,,83.58
84.57,position,Rabbit,16,200,75,391.0,247.0,433.2,90.5,162.1,,84.57
85.56,position,Rabbit,16,200,75,295.0,301.0,394.6,144.1,185.9,,85.56
86.56,position,Rabbit,16,200,75,265.0,301.0,371.2,203.4,144.2,,86.56
87.55,position,Rabbit,16,200,75,382.0,301.0,352.8,226.7,79.9,,87.55
87.55,enemy_proximity,Rabbit,16,200,75,382.0,301.0,352.8,226.7,79.9,,87.55
88.54,position,Rabbit,16,200,75,265.0,250.0,347.4,291.0,92.1,,88.54
88.54,enemy_proximity,Rabbit,16,200,75,265.0,250.0,347.4,291.0,92.1,,88.54
89.04,item_collect,Rabbit,17,200,75,214.0,220.0,312.3,297.9,125.5,star,89.04
89.53,position,Rabbit,17,200,75,205.0,166.0,280.5,292.8,147.6,,89.53
90.43,item_collect,Rabbit,17,200,75,241.0,103.0,251.8,242.1,139.5,shield,90.43
90.43,item_collect,Rabbit,18,200,75,241.0,103.0,251.8,242.1,139.5,star,90.43
90.53,position,Rabbit,18,200,75,241.0,85.0,249.3,235.3,150.5,,90.53
91.53,position,Rabbit,18,200,75,214.0,25.0,214.4,182.9,157.9,,91.53
92.52,position,Rabbit,18,200,75,301.0,43.0,210.3,111.1,113.4,,92.52
93.52,position,Rabbit,18,200,75,295.0,25.0,281.5,119.4,95.3,,93.52
93.52,enemy_proximity,Rabbit,18,200,75,295.0,25.0,281.5,119.4,95.3,,93.52
94.51,position,Rabbit,18,200,75,145.0,25.0,298.8,53.4,156.4,,94.51
95.5,position,Rabbit,18,200,75,28.0,61.0,239.0,31.3,213.0,,95.5
95.8,item_collect,Rabbit,19,200,75,25.0,100.0,217.4,30.5,204.5,star,95.8
96.18,item_collect,Rabbit,19,200,75,40.0,151.0,189.8,30.2,192.4,shield,96.18
96.49,position,Rabbit,19,200,75,97.0,151.0,167.0,30.1,139.7,,96.49
97.32,item_collect,Rabbit,19,200,75,73.0,232.0,128.2,68.7,172.4,trap,97.32
97.48,position,Rabbit,19,200,75,64.0,241.0,125.3,80.2,172.0,,97.48
97.88,item_collect,Rabbit,19,200,75,25.0,250.0,121.9,108.8,171.2,wall,97.88
98.47,position,Rabbit,19,200,75,25.0,352.0,110.1,139.5,228.9,,98.47
99.47,position,Rabbit,19,200,75,133.0,328.0,94.0,178.5,154.5,,99.47
100.46,position,Rabbit,19,200,75,151.0,292.0,90.3,250.4,73.6,,100.46
100.46,enemy_proximity,Rabbit,19,200,75,151.0,292.0,90.3,250.4,73.6,,100.46
101.29,item_collect,Rabbit,20,200,75,160.0,301.0,138.5,275.0,33.7,star,101.29
101.45,position,Rabbit,20,200,75,190.0,301.0,145.7,286.1,46.8,,101.45
101.45,enemy_proximity,Rabbit,20,200,75,190.0,301.0,145.7,286.1,46.8,,101.45
102.45,position,Rabbit,20,200,75,211.0,166.0,205.4,266.7,100.9,,102.45
103.45,position,Rabbit,20,200,75,256.0,121.0,209.8,182.9,77.3,,103.45
103.45,enemy_proximity,Rabbit,20,200,75,256.0,121.0,209.8,182.9,77.3,,103.45
104.44,position,Rabbit,20,200,75,301.0,211.0,243.2,124.1,104.4,,104.44
105.04,item_collect,Rabbit,21,200,75,391.0,193.0,284.6,143.9,117.2,star,105.04
105.43,position,Rabbit,21,200,75,391.0,149.8,295.0,140.4,96.5,,105.43
105.43,enemy_proximity,Rabbit,21,200,75,391.0,149.8,295.0,140.4,96.5,,105.43
106.43,position,Rabbit,21,190,75,391.0,139.0,343.6,92.3,66.5,,106.43
106.43,enemy_proximity,Rabbit,21,190,75,391.0,139.0,343.6,92.3,66.5,,106.43
107.43,position,Rabbit,21,190,75,391.0,220.0,381.8,159.9,60.8,,107.43
107.43,enemy_proximity,Rabbit,21,190,75,391.0,220.0,381.8,159.9,60.8,,107.43
108.44,position,Rabbit,21,191,75,421.0,322.0,389.6,243.2,84.9,,108.44
108.44,enemy_proximity,Rabbit,21,191,75,421.0,322.0,389.6,243.2,84.9,,108.44
109.43,position,Rabbit,21,192,75,421.0,439.0,414.0,316.1,123.1,,109.43
109.55,item_collect,Rabbit,21,192,75,430.0,451.0,415.4,325.8,126.1,clock,109.55
110.44,position,Rabbit,21,193,75,478.0,541.0,419.7,399.8,152.8,,110.44
111.26,item_collect,Rabbit,21,193,75,478.0,403.0,448.3,446.0,52.3,wall,111.26
111.34,item_collect,Rabbit,21,194,75,478.0,373.0,455.2,446.9,77.3,shield,111.34
111.44,position,Rabbit,21,194,75,478.0,337.0,463.6,447.9,111.9,,111.44
112.44,position,Rabbit,21,195,75,478.0,145.0,478.9,381.9,236.9,,112.44
113.44,position,Rabbit,21,196,75,634.0,121.0,480.0,297.9,234.6,,113.44
114.04,item_collect,Rabbit,22,196,75,700.0,115.0,502.5,258.7,244.2,star,114.04
114.44,position,Rabbit,22,197,75,688.0,115.0,531.2,245.1,203.8,,114.44
115.44,position,Rabbit,22,198,75,610.0,25.0,568.4,184.2,164.5,,115.44
116.44,position,Rabbit,22,199,75,481.0,58.0,540.2,123.3,88.2,,116.44
116.44,enemy_proximity,Rabbit,22,199,75,481.0,58.0,540.2,123.3,88.2,,116.44
117.44,position,Rabbit,22,200,75,421.0,34.0,469.9,92.3,76.1,,117.44
117.44,enemy_proximity,Rabbit,22,200,75,421.0,34.0,469.9,92.3,76.1,,117.44
118.44,position,Rabbit,22,200,75,353.5,92.5,422.1,44.7,83.6,,118.44
118.44,enemy_proximity,Rabbit,22,200,75,353.5,92.5,422.1,44.7,83.6,,118.44
119.44,position,Rabbit,22,200,75,392.5,233.5,364.4,62.4,173.4,,119.44
119.9,item_collect,Rabbit,22,200,75,422.5,251.5,361.0,101.4,162.2,trap,119.9
120.44,position,Rabbit,22,200,75,422.5,281.5,370.3,140.0,150.8,,120.44
121.43,position,Rabbit,22,200,75,422.5,329.5,389.0,219.5,115.0,,121.43
122.44,position,Rabbit,22,200,75,521.5,332.5,405.5,293.9,122.2,,122.44
123.44,position,Rabbit,22,200,75,617.5,362.5,473.4,328.2,148.1,,123.44
123.77,item_collect,Rabbit,22,200,75,668.5,329.5,501.4,329.4,167.1,heal,123.77
124.44,position,Rabbit,22,200,75,722.5,287.5,546.8,350.6,186.7,,124.44
125.44,position,Rabbit,22,200,75,722.5,272.5,585.1,301.2,140.4,,125.44
126.44,position,Rabbit,22,200,75,713.5,422.5,652.1,274.3,160.4,,126.44
127.43,position,Rabbit,22,200,75,620.5,482.5,714.7,299.5,205.8,,127.43
127.78,item_collect,Rabbit,23,200,75,593.5,461.5,705.1,321.5,179.0,star,127.78
128.34,item_collect,Rabbit,23,200,75,533.5,458.5,667.6,341.8,177.8,trap,128.34
128.43,position,Rabbit,23,200,75,533.5,473.5,662.7,346.0,181.5,,128.43
128.68,item_collect,Rabbit,23,200,75,533.5,518.5,643.4,354.3,197.6,shield,128.68
129.43,position,Rabbit,23,200,75,533.5,488.5,582.3,362.0,135.6,,129.43
130.24,damage,Rabbit,23,175,75,533.5,431.5,553.1,414.0,26.2,,130.24
130.43,position,Rabbit,23,175,75,533.5,413.5,553.1,414.0,19.6,,130.43
130.43,enemy_proximity,Rabbit,23,175,75,533.5,413.5,553.1,414.0,19.6,,130.43
131.43,position,Rabbit,23,175,75,473.5,332.5,553.1,414.0,113.9,,131.43
132.43,position,Rabbit,23,175,75,392.5,263.5,537.8,416.1,210.8,,132.43
132.64,item_collect,Rabbit,23,175,75,380.5,251.5,519.8,418.3,217.3,shield,132.64
133.43,position,Rabbit,23,176,75,356.5,203.5,482.9,382.0,218.7,,133.43
134.43,position,Rabbit,23,177,75,293.5,110.5,437.4,332.3,264.4,,134.43
134.91,item_collect,Rabbit,24,177,75,281.5,23.5,410.0,307.7,311.9,star,134.91
135.08,item_collect,Rabbit,25,177,75,251.5,23.5,396.5,304.3,316.1,star,135.08
135.43,position,Rabbit,25,178,75,188.5,23.5,367.3,301.3,330.4,,135.43
136.42,position,Rabbit,25,179,75,143.5,62.5,283.3,300.0,275.6,,136.42
137.42,position,Rabbit,25,180,75,113.5,122.5,238.3,243.6,173.9,,137.42
138.42,position,Rabbit,25,181,75,23.5,278.5,168.3,212.1,159.3,,138.42
138.42,item_collect,Rabbit,25,200,75,23.5,278.5,168.3,212.1,159.3,heal,138.42
139.42,position,Rabbit,25,200,75,116.5,362.5,101.4,186.6,176.5,,139.42
140.42,position,Rabbit,25,200,75,191.5,392.5,90.6,269.3,159.3,,140.42
141.24,item_collect,Rabbit,26,200,75,176.5,518.5,107.5,328.5,202.2,star,141.24
141.42,position,Rabbit,26,200,75,203.5,542.5,113.2,342.8,219.2,,141.42
142.18,item_collect,Rabbit,26,200,75,341.5,542.5,148.1,384.8,249.6,shield,142.18
142.42,position,Rabbit,26,200,75,362.5,530.5,165.9,390.0,241.6,,142.42
142.92,item_collect,Rabbit,26,200,75,341.5,473.5,176.9,430.1,170.2,heal,142.92
143.15,item_collect,Rabbit,27,200,75,326.5,461.5,178.4,449.6,148.6,star,143.15
143.42,position,Rabbit,27,200,75,326.5,413.5,185.5,468.1,151.2,,143.42
144.42,position,Rabbit,27,200,75,410.5,389.5,258.7,455.2,165.4,,144.42
144.6,item_collect,Rabbit,28,200,75,422.5,371.5,274.0,453.3,169.6,star,144.6
145.42,position,Rabbit,28,200,75,383.5,254.5,329.0,423.7,177.8,,145.42
145.57,item_collect,Rabbit,28,200,75,383.5,251.5,341.5,422.2,175.8,shield,145.57
146.26,item_collect,Rabbit,29,200,75,362.5,128.5,358.1,369.8,241.3,star,146.26
146.42,position,Rabbit,29,200,75,353.5,98.5,358.8,355.8,257.3,,146.42
147.42,position,Rabbit,29,200,75,341.5,92.5,360.0,271.8,180.2,,147.42
148.42,position,Rabbit,29,200,75,293.5,167.5,326.6,213.5,56.7,,148.42
148.42,enemy_proximity,Rabbit,29,200,75,293.5,167.5,326.6,213.5,56.7,,148.42
149.42,position,Rabbit,29,200,75,293.5,53.5,300.9,143.3,90.1,,149.42
149.42,enemy_proximity,Rabbit,29,200,75,293.5,53.5,300.9,143.3,90.1,,149.42
150.41,position,Rabbit,29,200,75,205.9,23.5,300.0,59.3,100.7,,150.41
151.4,position,Rabbit,29,200,75,144.7,56.5,233.4,31.0,92.3,,151.4
151.4,enemy_proximity,Rabbit,29,200,75,144.7,56.5,233.4,31.0,92.3,,151.4
152.4,position,Rabbit,29,200,75,120.7,98.5,157.7,42.8,66.9,,152.4
152.4,enemy_proximity,Rabbit,29,200,75,120.7,98.5,157.7,42.8,66.9,,152.4
152.75,item_collect,Rabbit,30,200,75,120.7,161.5,133.0,56.6,105.6,star,152.75
153.39,position,Rabbit,30,200,75,150.7,212.5,121.5,117.3,99.6,,153.39
153.39,enemy_proximity,Rabbit,30,200,75,150.7,212.5,121.5,117.3,99.6,,153.39
153.89,item_collect,Rabbit,30,200,75,219.7,212.5,120.2,165.2,110.1,clock,153.89
154.38,position,Rabbit,30,200,75,261.7,242.5,151.0,197.7,119.4,,154.38
155.01,item_collect,Rabbit,30,200,75,267.7,248.5,201.3,222.1,71.4,wall,155.01
155.37,position,Rabbit,30,200,75,333.7,380.5,217.6,231.0,189.3,,155.37
156.37,position,Rabbit,30,200,75,340.0,538.0,210.3,320.1,253.6,,156.37
157.37,position,Rabbit,30,200,75,361.0,493.0,255.7,364.2,166.3,,157.37
158.19,item_collect,Rabbit,31,200,75,421.0,490.0,296.3,425.1,140.6,star,158.19
158.36,position,Rabbit,31,200,75,421.0,520.0,303.5,437.4,143.7,,158.36
159.35,position,Rabbit,31,200,75,481.0,523.0,381.2,478.2,109.4,,159.35
160.34,position,Rabbit,31,200,75,481.0,523.0,465.1,453.4,71.4,,160.34
160.34,enemy_proximity,Rabbit,31,200,75,481.0,523.0,465.1,453.4,71.4,,160.34
160.96,damage,Rabbit,31,150,75,481.0,535.0,478.1,510.4,24.8,,160.96
161.34,position,Rabbit,31,150,75,481.0,466.0,479.1,499.2,33.3,,161.34
161.34,enemy_proximity,Rabbit,31,150,75,481.0,466.0,479.1,499.2,33.3,,161.34
162.33,position,Rabbit,31,150,75,481.0,316.0,480.0,403.2,87.2,,162.33
162.33,enemy_proximity,Rabbit,31,150,75,481.0,316.0,480.0,403.2,87.2,,162.33
162.96,damage,Rabbit,31,100,75,481.0,316.0,480.0,342.4,26.4,,162.96
163.11,item_collect,Rabbit,32,100,75,490.0,331.0,480.0,342.4,15.2,star,163.11
163.32,position,Rabbit,32,100,75,529.0,331.0,498.0,335.9,31.4,,163.32
163.32,enemy_proximity,Rabbit,32,100,75,529.0,331.0,498.0,335.9,31.4,,163.32
164.32,position,Rabbit,32,100,75,592.0,295.0,559.5,305.0,34.0,,164.32
164.32,enemy_proximity,Rabbit,32,100,75,592.0,295.0,559.5,305.0,34.0,,164.32
165.31,position,Rabbit,32,100,75,703.0,265.0,638.8,272.7,64.6,,165.31
165.31,enemy_proximity,Rabbit,32,100,75,703.0,265.0,638.8,272.7,64.6,,165.31
166.01,item_collect,Rabbit,33,101,75,721.0,370.0,705.1,271.6,99.6,star,166.01
166.31,position,Rabbit,33,101,75,712.0,421.0,714.3,298.6,122.5,,166.31
166.52,item_collect,Rabbit,33,121,75,673.0,421.0,715.9,318.2,111.4,heal,166.52
167.3,position,Rabbit,33,122,75,640.0,478.0,664.4,357.3,123.2,,167.3
168.29,position,Rabbit,33,123,75,535.0,445.0,660.1,453.1,125.4,,168.29
169.28,position,Rabbit,33,124,75,475.0,361.0,588.3,456.8,148.3,,169.28
170.28,position,Rabbit,33,125,75,382.0,265.0,506.1,423.2,201.1,,170.28
170.54,item_collect,Rabbit,33,125,75,355.0,253.0,488.4,409.8,205.9,wall,170.54
171.27,position,Rabbit,33,126,75,283.0,223.0,480.8,349.8,235.0,,171.27
171.44,item_collect,Rabbit,33,146,75,283.0,232.0,480.6,345.0,227.7,heal,171.44
171.91,item_collect,Rabbit,34,147,75,268.0,250.0,437.6,332.3,188.6,star,171.91
172.26,position,Rabbit,34,147,75,268.0,310.0,416.7,310.4,148.7,,172.26
173.26,position,Rabbit,34,148,75,253.0,355.0,321.9,300.2,88.0,,173.26
173.26,enemy_proximity,Rabbit,34,148,75,253.0,355.0,321.9,300.2,88.0,,173.26
174.25,position,Rabbit,34,149,75,184.0,391.0,262.2,349.5,88.6,,174.25
174.25,enemy_proximity,Rabbit,34,149,75,184.0,391.0,262.2,349.5,88.6,,174.25
174.36,item_collect,Rabbit,34,149,75,163.0,391.0,252.0,353.8,96.4,shield,174.36
175.25,position,Rabbit,34,150,75,91.0,481.0,180.4,386.0,130.5,,175.25
175.3,item_collect,Rabbit,35,150,75,100.0,481.0,175.7,386.6,121.0,star,175.3
176.24,position,Rabbit,35,151,75,85.0,445.0,139.8,446.7,54.9,,176.24
176.24,enemy_proximity,Rabbit,35,151,75,85.0,445.0,139.8,446.7,54.9,,176.24
177.24,position,Rabbit,35,152,75,190.0,385.0,102.0,398.4,89.1,,177.24
177.24,enemy_proximity,Rabbit,35,152,75,190.0,385.0,102.0,398.4,89.1,,177.24
178.23,position,Rabbit,35,153,75,211.0,241.0,195.5,387.4,147.3,,178.23
178.83,item_collect,Rabbit,35,153,75,211.0,133.0,208.4,332.1,199.1,trap,178.83
179.23,position,Rabbit,35,154,75,247.0,115.0,209.6,293.7,182.6,,179.23
180.22,position,Rabbit,35,155,75,301.0,94.0,210.0,197.7,138.0,,180.22
181.21,position,Rabbit,35,156,75,322.0,91.0,240.4,124.6,88.3,,181.21
181.21,enemy_proximity,Rabbit,35,156,75,322.0,91.0,240.4,124.6,88.3,,181.21
181.81,item_collect,Rabbit,36,156,75,361.0,100.0,288.9,112.7,73.2,star,181.81
182.21,position,Rabbit,36,157,75,361.0,118.0,298.2,101.8,64.9,,182.21
182.21,enemy_proximity,Rabbit,36,157,75,361.0,118.0,298.2,101.8,64.9,,182.21
183.2,position,Rabbit,36,158,75,391.0,229.0,335.3,93.1,146.8,,183.2
184.2,position,Rabbit,36,159,75,391.0,301.0,354.1,119.3,185.4,,184.2
185.2,position,Rabbit,36,160,75,421.0,424.0,384.7,171.3,255.3,,185.2
185.91,item_collect,Rabbit,36,181,75,430.0,451.0,389.5,239.8,215.0,heal,185.91
185.91,item_collect,Rabbit,36,181,75,430.0,451.0,389.5,239.8,215.0,trap,185.91
186.19,position,Rabbit,36,181,75,481.0,451.0,389.8,267.0,205.3,,186.19
187.19,position,Rabbit,36,182,75,481.0,541.0,418.1,352.1,199.1,,187.19
188.19,position,Rabbit,36,183,75,481.0,541.0,419.9,448.1,111.2,,188.19
189.18,position,Rabbit,36,184,75,481.0,460.0,437.4,532.6,84.7,,189.18
189.18,enemy_proximity,Rabbit,36,184,75,481.0,460.0,437.4,532.6,84.7,,189.18
190.18,position,Rabbit,36,185,75,481.0,310.0,475.1,507.3,197.4,,190.18
191.18,position,Rabbit,36,186,75,511.0,241.0,478.9,469.2,230.4,,191.18
192.18,position,Rabbit,36,187,75,553.0,235.0,479.8,430.8,209.0,,192.18
193.18,position,Rabbit,36,188,75,559.0,235.0,480.0,355.9,144.4,,193.18
193.38,item_collect,Rabbit,36,188,75,571.0,223.0,480.0,336.7,145.7,wall,193.38
194.04,item_collect,Rabbit,37,189,75,550.0,139.0,480.0,296.7,172.6,star,194.04
194.17,position,Rabbit,37,189,75,526.0,139.0,480.0,283.9,152.0,,194.17
195.17,position,Rabbit,37,189,75,503.2,100.6,491.0,209.1,109.2,,195.17
196.16,position,Rabbit,37,179,75,512.8,98.2,505.5,124.4,27.2,,196.16
196.16,enemy_proximity,Rabbit,37,179,75,512.8,98.2,505.5,124.4,27.2,,196.16
196.75,damage,Rabbit,37,129,75,514.0,113.8,508.4,105.4,10.1,,196.75
197.16,position,Rabbit,37,129,75,544.0,143.8,516.8,123.2,34.1,,197.16
197.16,enemy_proximity,Rabbit,37,129,75,544.0,143.8,516.8,123.2,34.1,,197.16
197.47,item_collect,Rabbit,37,129,75,491.2,151.0,511.2,135.4,25.4,wall,197.47
198.16,position,Rabbit,37,129,75,452.2,211.0,490.4,152.5,69.9,,198.16
198.16,enemy_proximity,Rabbit,37,129,75,452.2,211.0,490.4,152.5,69.9,,198.16
199.16,position,Rabbit,37,129,75,365.2,271.0,445.1,181.5,119.9,,199.16
200.15,position,Rabbit,37,119,75,349.6,304.6,368.7,216.6,90.1,,200.15
200.15,enemy_proximity,Rabbit,37,119,75,349.6,304.6,368.7,216.6,90.1,,200.15
200.99,damage,Rabbit,37,69,75,323.2,293.2,350.7,289.6,27.7,,200.99
201.15,position,Rabbit,37,69,75,314.2,293.2,342.0,293.4,27.8,,201.15
201.15,enemy_proximity,Rabbit,37,69,75,314.2,293.2,342.0,293.4,27.8,,201.15
202.14,position,Rabbit,37,69,75,263.2,380.2,274.0,333.1,48.4,,202.14
202.14,enemy_proximity,Rabbit,37,69,75,263.2,380.2,274.0,333.1,48.4,,202.14
203.14,position,Rabbit,37,69,75,269.2,458.2,295.7,418.6,47.7,,203.14
203.14,enemy_proximity,Rabbit,37,69,75,269.2,458.2,295.7,418.6,47.7,,203.14
203.4,item_collect,Rabbit,37,69,75,221.2,482.2,289.5,439.1,80.8,clock,203.4
203.4,item_collect,Rabbit,38,69,75,221.2,482.2,289.5,439.1,80.8,star,203.4
204.13,position,Rabbit,38,70,75,173.2,386.2,233.1,470.6,103.5,,204.13
205.0,item_collect,Rabbit,38,91,75,23.2,434.2,162.1,455.0,140.4,heal,205.0
205.08,item_collect,Rabbit,38,111,75,23.2,464.2,154.1,454.1,131.3,heal,205.08
205.13,position,Rabbit,38,111,75,23.2,482.2,149.4,453.5,129.4,,205.13
205.67,item_collect,Rabbit,38,111,75,71.2,542.2,115.3,464.6,89.3,wall,205.67
205.67,item_collect,Rabbit,39,111,75,71.2,542.2,115.3,464.6,89.3,star,205.67
205.67,item_collect,Rabbit,40,111,75,71.2,542.2,115.3,464.6,89.3,star,205.67
206.13,position,Rabbit,40,112,75,86.2,542.2,119.1,512.8,44.1,,206.13
206.13,enemy_proximity,Rabbit,40,112,75,86.2,542.2,119.1,512.8,44.1,,206.13
207.12,position,Rabbit,40,102,75,23.2,442.0,39.0,531.1,90.5,,207.12
207.12,enemy_proximity,Rabbit,40,102,75,23.2,442.0,39.0,531.1,90.5,,207.12
208.11,position,Rabbit,40,102,75,122.2,385.0,30.1,424.1,100.0,,208.11
209.11,position,Rabbit,40,103,75,203.2,283.0,109.0,381.1,136.0,,209.11
209.77,item_collect,Rabbit,40,124,75,203.2,163.0,140.3,322.9,171.9,heal,209.77
210.1,position,Rabbit,40,124,75,203.2,133.0,168.3,305.1,175.6,,210.1
211.09,position,Rabbit,40,115,75,203.2,74.2,209.4,223.0,149.0,,211.09
211.11,item_collect,Rabbit,40,135,75,203.2,73.0,209.4,221.2,148.4,heal,211.11
212.09,position,Rabbit,40,135,75,217.6,28.6,210.0,115.1,86.8,,212.09
212.09,enemy_proximity,Rabbit,40,135,75,217.6,28.6,210.0,115.1,86.8,,212.09
213.08,position,Rabbit,40,136,75,301.6,79.6,244.4,33.7,73.3,,213.08
213.08,enemy_proximity,Rabbit,40,136,75,301.6,79.6,244.4,33.7,73.3,,213.08
214.08,position,Rabbit,40,137,75,349.6,208.6,298.7,95.2,124.3,,214.08
214.19,item_collect,Rabbit,41,137,75,370.6,208.6,299.2,107.8,123.5,star,214.19
214.67,item_collect,Rabbit,41,138,75,391.6,250.6,299.9,160.0,128.9,clock,214.67
215.07,position,Rabbit,41,138,75,421.6,310.6,307.9,198.4,159.7,,215.07
216.06,position,Rabbit,41,139,75,481.6,412.6,358.7,275.1,184.4,,216.06
217.06,position,Rabbit,41,140,75,493.6,421.6,442.4,325.1,109.3,,217.06
218.04,position,Rabbit,41,141,75,571.6,382.6,484.1,407.6,91.0,,218.04
218.04,enemy_proximity,Rabbit,41,141,75,571.6,382.6,484.1,407.6,91.0,,218.04
219.03,position,Rabbit,41,142,75,535.6,295.6,565.8,385.6,94.9,,219.03
219.03,enemy_proximity,Rabbit,41,142,75,535.6,295.6,565.8,385.6,94.9,,219.03
220.03,position,Rabbit,41,143,75,643.6,265.6,565.1,305.8,88.2,,220.03
220.03,enemy_proximity,Rabbit,41,143,75,643.6,265.6,565.1,305.8,88.2,,220.03
221.02,position,Rabbit,41,144,75,628.6,169.6,650.8,259.0,92.1,,221.02
221.02,enemy_proximity,Rabbit,41,144,75,628.6,169.6,650.8,259.0,92.1,,221.02
222.01,position,Rabbit,41,145,75,580.6,25.6,635.0,163.9,148.7,,222.01
222.16,item_collect,Rabbit,41,145,75,553.6,25.6,620.0,158.0,148.1,clock,222.16
222.71,item_collect,Rabbit,41,146,75,475.6,43.6,561.3,150.8,137.3,trap,222.71
223.01,position,Rabbit,41,146,75,451.6,91.6,529.0,150.2,97.0,,223.01
223.01,enemy_proximity,Rabbit,41,146,75,451.6,91.6,529.0,150.2,97.0,,223.01
223.32,item_collect,Rabbit,42,146,75,415.6,73.6,514.7,123.0,110.7,star,223.32
224.0,position,Rabbit,42,147,75,355.6,37.6,459.7,91.6,117.3,,224.0
224.73,damage,Rabbit,42,98,75,391.6,151.6,399.2,124.9,27.7,,224.73
224.99,position,Rabbit,42,98,75,391.6,175.6,394.6,142.2,33.5,,224.99
224.99,enemy_proximity,Rabbit,42,98,75,391.6,175.6,394.6,142.2,33.5,,224.99
225.98,position,Rabbit,42,98,75,377.2,290.8,390.1,250.0,42.8,,225.98
225.98,enemy_proximity,Rabbit,42,98,75,377.2,290.8,390.1,250.0,42.8,,225.98
226.75,damage,Rabbit,42,48,75,323.2,319.6,340.6,302.7,24.3,,226.75
226.98,position,Rabbit,42,48,75,323.2,295.6,340.0,304.4,18.9,,226.98
226.98,enemy_proximity,Rabbit,42,48,75,323.2,295.6,340.0,304.4,18.9,,226.98
227.99,position,Rabbit,42,48,75,221.2,211.6,272.0,255.2,66.9,,227.99
227.99,enemy_proximity,Rabbit,42,48,75,221.2,211.6,272.0,255.2,66.9,,227.99
228.98,position,Rabbit,42,48,75,212.2,31.6,211.5,187.7,156.1,,228.98
229.79,item_collect,Rabbit,42,69,75,131.2,61.6,185.1,121.6,80.7,heal,229.79
229.97,position,Rabbit,42,69,75,98.2,61.6,165.4,120.7,89.5,,229.97
229.97,enemy_proximity,Rabbit,42,69,75,98.2,61.6,165.4,120.7,89.5,,229.97
230.96,position,Rabbit,42,70,75,23.2,61.6,96.4,64.7,73.3,,230.96
230.96,enemy_proximity,Rabbit,42,70,75,23.2,61.6,96.4,64.7,73.3,,230.96
231.95,position,Rabbit,42,71,75,89.2,151.6,31.7,112.9,69.3,,231.95
231.95,enemy_proximity,Rabbit,42,71,75,89.2,151.6,31.7,112.9,69.3,,231.95
232.17,item_collect,Rabbit,43,71,75,122.2,160.6,32.3,135.3,93.4,star,232.17
232.94,position,Rabbit,43,72,75,152.2,211.6,101.7,172.7,63.7,,232.94
232.94,enemy_proximity,Rabbit,43,72,75,152.2,211.6,101.7,172.7,63.7,,232.94
233.94,position,Rabbit,43,73,75,200.2,112.6,195.6,206.2,93.8,,233.94
233.94,enemy_proximity,Rabbit,43,73,75,200.2,112.6,195.6,206.2,93.8,,233.94
234.79,item_collect,Rabbit,43,94,75,131.2,121.6,192.8,125.6,61.8,heal,234.79
234.93,position,Rabbit,43,94,75,113.2,121.6,178.6,123.8,65.4,,234.93
234.93,enemy_proximity,Rabbit,43,94,75,113.2,121.6,178.6,123.8,65.4,,234.93
235.93,position,Rabbit,43,95,75,83.2,259.6,95.8,164.8,95.7,,235.93
235.93,enemy_proximity,Rabbit,43,95,75,83.2,259.6,95.8,164.8,95.7,,235.93
236.92,position,Rabbit,43,96,75,138.0,332.3,90.1,272.5,76.6,,236.92
236.92,enemy_proximity,Rabbit,43,96,75,138.0,332.3,90.1,272.5,76.6,,236.92
237.92,position,Rabbit,43,97,75,93.0,440.3,117.1,369.3,75.1,,237.92
237.92,enemy_proximity,Rabbit,43,97,75,93.0,440.3,117.1,369.3,75.1,,237.92
238.45,item_collect,Rabbit,44,97,75,129.0,449.3,94.1,416.9,47.6,star,238.45
238.91,position,Rabbit,44,98,75,162.0,443.3,120.5,444.6,41.5,,238.91
238.91,enemy_proximity,Rabbit,44,98,75,162.0,443.3,120.5,444.6,41.5,,238.91
239.9,position,Rabbit,44,99,75,213.0,335.3,191.4,397.4,65.7,,239.9
239.9,enemy_proximity,Rabbit,44,99,75,213.0,335.3,191.4,397.4,65.7,,239.9
240.37,item_collect,Rabbit,44,99,75,213.0,251.3,207.3,351.5,100.3,clock,240.37
240.9,position,Rabbit,44,100,75,213.0,59.3,209.7,294.0,234.6,,240.9
241.9,position,Rabbit,44,101,75,303.0,71.3,210.0,186.0,147.6,,241.9
242.91,position,Rabbit,44,102,75,363.0,71.3,264.0,121.9,111.1,,242.91
242.91,item_collect,Rabbit,45,102,75,363.0,71.3,264.0,121.9,111.1,star,242.91
243.41,item_collect,Rabbit,45,122,75,399.0,23.3,305.8,98.6,119.7,heal,243.41
243.91,position,Rabbit,45,123,75,423.0,59.3,350.9,78.9,74.6,,243.91
243.91,enemy_proximity,Rabbit,45,123,75,423.0,59.3,350.9,78.9,74.6,,243.91
244.9,position,Rabbit,45,124,75,513.0,92.3,413.4,53.7,106.8,,244.9
245.37,item_collect,Rabbit,45,124,75,492.0,152.3,444.1,84.6,82.9,wall,245.37
245.9,position,Rabbit,45,125,75,426.0,197.3,440.4,88.3,110.1,,245.9
246.89,position,Rabbit,45,126,75,498.0,272.3,393.7,149.4,161.2,,246.89
247.88,position,Rabbit,45,127,75,483.0,371.3,390.1,257.3,147.1,,247.88
248.05,item_collect,Rabbit,46,127,75,483.0,401.3,390.0,275.3,156.6,star,248.05
248.88,position,Rabbit,46,128,75,513.0,512.3,418.4,354.4,184.0,,248.88
249.87,position,Rabbit,46,129,75,543.0,413.3,445.2,444.2,102.6,,249.87
250.32,item_collect,Rabbit,47,129,75,573.0,401.3,484.4,429.1,92.7,star,250.32
250.87,position,Rabbit,47,130,75,654.0,353.3,543.0,421.1,130.0,,250.87
251.45,item_collect,Rabbit,47,150,75,699.0,323.3,568.3,372.4,139.6,heal,251.45
251.86,position,Rabbit,47,151,75,723.0,335.3,611.8,362.4,114.4,,251.86
251.9,item_collect,Rabbit,47,151,75,723.0,341.3,615.4,361.9,109.5,wall,251.9
252.86,position,Rabbit,47,152,75,630.0,452.3,656.6,387.5,70.1,,252.86
252.86,enemy_proximity,Rabbit,47,152,75,630.0,452.3,656.6,387.5,70.1,,252.86
253.85,position,Rabbit,47,153,75,535.0,415.0,587.2,360.7,75.3,,253.85
253.85,enemy_proximity,Rabbit,47,153,75,535.0,415.0,587.2,360.7,75.3,,253.85
254.84,position,Rabbit,47,154,75,439.0,448.0,516.8,418.5,83.2,,254.84
254.84,enemy_proximity,Rabbit,47,154,75,439.0,448.0,516.8,418.5,83.2,,254.84
255.54,item_collect,Rabbit,48,154,75,403.0,385.0,453.0,445.6,78.6,star,255.54
255.83,position,Rabbit,48,155,75,373.0,385.0,428.0,436.8,75.6,,255.83
255.83,enemy_proximity,Rabbit,48,155,75,373.0,385.0,428.0,436.8,75.6,,255.83
256.83,position,Rabbit,48,156,75,355.0,235.0,365.2,369.9,135.3,,256.83
257.82,position,Rabbit,48,157,75,391.0,175.0,360.1,262.2,92.5,,257.82
257.82,enemy_proximity,Rabbit,48,157,75,391.0,175.0,360.1,262.2,92.5,,257.82
258.47,item_collect,Rabbit,48,177,75,430.0,181.0,380.5,203.0,54.2,heal,258.47
258.81,position,Rabbit,48,178,75,481.0,181.0,410.2,184.9,70.9,,258.81
258.81,enemy_proximity,Rabbit,48,178,75,481.0,181.0,410.2,184.9,70.9,,258.81
259.81,position,Rabbit,48,179,75,571.0,82.0,499.4,145.3,95.6,,259.81
259.81,enemy_proximity,Rabbit,48,179,75,571.0,82.0,499.4,145.3,95.6,,259.81
260.39,item_collect,Rabbit,49,179,75,610.0,25.0,553.0,122.2,112.7,star,260.39
260.81,position,Rabbit,49,180,75,631.0,31.0,567.1,81.1,81.2,,260.81
260.81,enemy_proximity,Rabbit,49,180,75,631.0,31.0,567.1,81.1,81.2,,260.81
261.8,position,Rabbit,49,181,75,623.5,182.5,623.2,53.7,128.8,,261.8
262.28,item_collect,Rabbit,49,181,75,701.5,182.5,629.1,105.5,105.7,shield,262.28
262.79,position,Rabbit,49,182,75,665.5,182.5,629.9,161.3,41.5,,262.79
262.79,enemy_proximity,Rabbit,49,182,75,665.5,182.5,629.9,161.3,41.5,,262.79
262.86,damage,Rabbit,49,157,75,653.5,182.5,633.1,166.5,25.9,,262.86
263.79,position,Rabbit,49,157,75,710.5,173.5,633.1,166.5,77.7,,263.79
263.79,enemy_proximity,Rabbit,49,157,75,710.5,173.5,633.1,166.5,77.7,,263.79
264.79,position,Rabbit,49,157,75,623.5,158.5,633.1,166.5,12.5,,264.79
264.79,enemy_proximity,Rabbit,49,157,75,623.5,158.5,633.1,166.5,12.5,,264.79
264.87,damage,Rabbit,49,107,75,623.5,143.5,632.8,164.8,23.2,,264.87
265.78,position,Rabbit,49,107,75,572.5,23.5,630.1,67.6,72.5,,265.78
265.78,enemy_proximity,Rabbit,49,107,75,572.5,23.5,630.1,67.6,72.5,,265.78
266.78,position,Rabbit,49,107,75,572.5,128.5,574.0,64.3,64.2,,266.78
266.78,enemy_proximity,Rabbit,49,107,75,572.5,128.5,574.0,64.3,64.2,,266.78
267.77,position,Rabbit,49,97,75,572.5,236.5,570.1,172.1,64.4,,267.77
267.77,enemy_proximity,Rabbit,49,97,75,572.5,236.5,570.1,172.1,64.4,,267.77
268.77,position,Rabbit,49,97,75,502.9,272.5,521.1,244.5,33.4,,268.77
268.77,enemy_proximity,Rabbit,49,97,75,502.9,272.5,521.1,244.5,33.4,,268.77
269.76,position,Rabbit,49,98,75,379.9,302.5,421.9,269.6,53.3,,269.76
269.76,enemy_proximity,Rabbit,49,98,75,379.9,302.5,421.9,269.6,53.3,,269.76
270.75,position,Rabbit,49,99,75,265.9,272.5,325.6,296.7,64.4,,270.75
270.75,enemy_proximity,Rabbit,49,99,75,265.9,272.5,325.6,296.7,64.4,,270.75
271.45,item_collect,Rabbit,49,120,75,301.9,221.5,273.7,268.7,55.0,heal,271.45
271.74,position,Rabbit,49,120,75,301.9,167.5,285.5,245.1,79.3,,271.74
271.74,enemy_proximity,Rabbit,49,120,75,301.9,167.5,285.5,245.1,79.3,,271.74
272.73,position,Rabbit,49,121,75,286.9,23.5,299.8,139.1,116.4,,272.73
272.76,item_collect,Rabbit,50,121,75,280.9,23.5,299.8,135.5,113.6,star,272.76
273.73,position,Rabbit,50,122,75,148.9,59.5,277.7,35.4,131.0,,273.73
274.72,position,Rabbit,50,123,75,118.9,164.5,161.4,35.5,135.8,,274.72
274.89,item_collect,Rabbit,51,123,75,130.9,182.5,148.0,48.4,135.2,star,274.89
275.71,position,Rabbit,51,124,75,202.9,212.5,120.6,136.9,111.8,,275.71
275.91,item_collect,Rabbit,51,144,75,238.9,191.5,120.3,152.9,124.7,heal,275.91
276.71,position,Rabbit,51,145,75,205.9,182.5,194.5,120.8,62.8,,276.71
276.71,enemy_proximity,Rabbit,51,145,75,205.9,182.5,194.5,120.8,62.8,,276.71
277.69,position,Rabbit,51,146,75,205.9,326.5,209.8,238.4,88.2,,277.69
277.69,enemy_proximity,Rabbit,51,146,75,205.9,326.5,209.8,238.4,88.2,,277.69
277.93,item_collect,Rabbit,51,146,75,205.9,368.5,209.9,266.4,102.2,wall,277.93
278.69,position,Rabbit,51,147,75,172.9,479.5,210.0,318.4,165.3,,278.69
278.89,item_collect,Rabbit,52,147,75,166.9,491.5,210.0,342.4,155.2,star,278.89
279.69,position,Rabbit,52,148,75,181.0,526.0,182.7,426.3,99.7,,279.69
279.69,enemy_proximity,Rabbit,52,148,75,181.0,526.0,182.7,426.3,99.7,,279.69
280.68,position,Rabbit,52,149,75,295.0,535.0,200.1,532.8,94.9,,280.68
280.68,enemy_proximity,Rabbit,52,149,75,295.0,535.0,200.1,532.8,94.9,,280.68
281.29,damage,Rabbit,52,100,75,298.0,535.0,273.7,539.5,24.8,,281.29
281.68,position,Rabbit,52,100,75,325.0,535.0,293.7,539.8,31.7,,281.68
281.68,enemy_proximity,Rabbit,52,100,75,325.0,535.0,293.7,539.8,31.7,,281.68
282.02,item_collect,Rabbit,52,100,75,361.0,523.0,335.7,540.0,30.5,wall,282.02
282.67,position,Rabbit,52,100,75,370.0,406.0,357.9,494.1,88.9,,282.67
282.67,enemy_proximity,Rabbit,52,100,75,370.0,406.0,357.9,494.1,88.9,,282.67
283.67,position,Rabbit,52,100,75,265.0,295.0,305.6,405.4,117.6,,283.67
283.77,item_collect,Rabbit,52,100,75,265.0,310.0,295.6,399.9,94.9,clock,283.77
284.47,item_collect,Rabbit,52,101,75,253.0,238.0,270.8,326.4,90.2,shield,284.47
284.67,position,Rabbit,52,101,75,205.0,172.0,270.3,302.4,145.9,,284.67
284.7,item_collect,Rabbit,53,101,75,205.0,160.0,270.3,298.4,153.0,star,284.7
285.67,position,Rabbit,53,102,75,301.0,76.0,295.3,213.2,137.3,,285.67
286.53,damage,Rabbit,53,78,75,301.0,82.0,299.9,109.4,27.4,,286.53
286.66,position,Rabbit,53,78,75,310.0,91.0,299.9,109.4,21.0,,286.66
286.66,enemy_proximity,Rabbit,53,78,75,310.0,91.0,299.9,109.4,21.0,,286.66
287.66,position,Rabbit,53,78,75,361.0,25.0,299.9,109.4,104.2,,287.66
288.66,position,Rabbit,53,78,75,422.2,25.0,309.1,99.3,135.4,,288.66
289.65,position,Rabbit,53,68,75,422.2,98.2,388.7,34.3,72.2,,289.65
289.65,enemy_proximity,Rabbit,53,68,75,422.2,98.2,388.7,34.3,72.2,,289.65
290.64,position,Rabbit,53,69,75,392.2,170.2,399.6,123.1,47.7,,290.64
290.64,enemy_proximity,Rabbit,53,69,75,392.2,170.2,399.6,123.1,47.7,,290.64
291.63,position,Rabbit,53,70,75,497.2,212.2,466.3,180.9,44.0,,291.63
291.63,enemy_proximity,Rabbit,53,70,75,497.2,212.2,466.3,180.9,44.0,,291.63
292.62,position,Rabbit,53,71,75,569.2,296.2,559.5,238.2,58.8,,292.62
292.62,enemy_proximity,Rabbit,53,71,75,569.2,296.2,559.5,238.2,58.8,,292.62
292.89,item_collect,Rabbit,53,71,75,611.2,302.2,588.1,244.8,61.9,shield,292.89
293.24,damage,Rabbit,53,46,75,617.2,302.2,597.7,285.3,25.8,,293.24
293.62,position,Rabbit,53,46,75,548.2,302.2,597.7,285.3,52.4,,293.62
293.62,enemy_proximity,Rabbit,53,46,75,548.2,302.2,597.7,285.3,52.4,,293.62
294.62,position,Rabbit,53,46,75,533.2,305.2,597.7,285.3,67.5,,294.62
294.62,enemy_proximity,Rabbit,53,46,75,533.2,305.2,597.7,285.3,67.5,,294.62
295.62,position,Rabbit,53,46,75,575.2,392.2,554.0,297.7,96.9,,295.62
295.62,enemy_proximity,Rabbit,53,46,75,575.2,392.2,554.0,297.7,96.9,,295.62
296.07,item_collect,Rabbit,53,66,75,551.2,452.2,545.4,346.5,105.8,heal,296.07
296.62,position,Rabbit,53,67,75,602.2,461.2,568.0,405.2,65.6,,296.62
296.62,enemy_proximity,Rabbit,53,67,75,602.2,461.2,568.0,405.2,65.6,,296.62
297.59,damage,Rabbit,53,18,75,665.2,473.2,638.4,477.0,27.1,,297.59
297.61,position,Rabbit,53,18,75,665.2,473.2,640.4,477.3,25.2,,297.61
297.61,enemy_proximity,Rabbit,53,18,75,665.2,473.2,640.4,477.3,25.2,,297.61
298.61,position,Rabbit,53,18,75,677.2,323.2,659.8,370.4,50.3,,298.61
298.61,enemy_proximity,Rabbit,53,18,75,677.2,323.2,659.8,370.4,50.3,,298.61
299.6,position,Rabbit,53,18,75,671.2,263.2,717.4,288.6,52.7,,299.6
299.6,enemy_proximity,Rabbit,53,18,75,671.2,263.2,717.4,288.6,52.7,,299.6
300.6,position,Rabbit,53,19,75,563.2,221.2,610.6,262.9,63.1,,300.6
300.6,enemy_proximity,Rabbit,53,19,75,563.2,221.2,610.6,262.9,63.1,,300.6
301.43,item_collect,Rabbit,53,19,75,563.2,71.2,571.1,181.2,110.3,wall,301.43
301.59,position,Rabbit,53,20,75,554.2,41.2,570.5,161.2,121.1,,301.59
302.59,position,Rabbit,53,21,75,374.2,32.2,517.0,107.4,161.4,,302.59
303.59,position,Rabbit,53,22,75,353.2,65.2,411.9,111.1,74.5,,303.59
303.59,enemy_proximity,Rabbit,53,22,75,353.2,65.2,411.9,111.1,74.5,,303.59
304.22,damage,Rabbit,53,-28,75,353.2,59.2,363.4,84.1,26.9,,304.22
304.22,game_over,Rabbit,53,0,75,353.2,59.2,363.4,84.1,26.9,,304.22
1.03,position,Pig,0,250,50,390,270,73.6,57.0,381.4,,1.03
2.02,position,Pig,0,250,50,390,270,114.2,86.1,331.5,,2.02
3.0,position,Pig,0,250,50,390,270,156.3,116.3,279.7,,3.0
3.99,position,Pig,0,250,50,390,270,216.2,119.6,229.9,,3.99
4.99,position,Pig,0,250,50,390,270,267.2,136.4,181.5,,4.99
5.98,position,Pig,0,250,50,390,270,296.1,182.7,128.2,,5.98
6.97,position,Pig,0,250,50,390,270,343.6,207.3,78.0,,6.97
6.97,enemy_proximity,Pig,0,250,50,390,270,343.6,207.3,78.0,,6.97
7.96,damage,Pig,0,200,50,390,270,365.6,258.2,27.1,,7.96
7.97,position,Pig,0,200,50,390,270,366.5,258.6,26.1,,7.97
7.97,enemy_proximity,Pig,0,200,50,390,270,366.5,258.6,26.1,,7.97
8.97,position,Pig,0,200,50,390,270,374.6,262.5,17.1,,8.97
8.97,enemy_proximity,Pig,0,200,50,390,270,374.6,262.5,17.1,,8.97
9.95,damage,Pig,0,150,50,390,270,374.6,262.5,17.1,,9.95
9.96,position,Pig,0,150,50,390,270,374.6,262.5,17.1,,9.96
9.96,enemy_proximity,Pig,0,150,50,390,270,374.6,262.5,17.1,,9.96
10.96,position,Pig,0,150,50,390,270,374.6,262.5,17.1,,10.96
10.96,enemy_proximity,Pig,0,150,50,390,270,374.6,262.5,17.1,,10.96
11.93,damage,Pig,0,100,50,390,270,374.6,262.5,17.1,,11.93
11.94,position,Pig,0,100,50,390,270,374.6,262.5,17.1,,11.94
11.94,enemy_proximity,Pig,0,100,50,390,270,374.6,262.5,17.1,,11.94
12.94,position,Pig,0,100,50,390,270,374.6,262.5,17.1,,12.94
12.94,enemy_proximity,Pig,0,100,50,390,270,374.6,262.5,17.1,,12.94
13.92,damage,Pig,0,50,50,390,270,374.6,262.5,17.1,,13.92
13.93,position,Pig,0,50,50,390,270,374.6,262.5,17.1,,13.93
13.93,enemy_proximity,Pig,0,50,50,390,270,374.6,262.5,17.1,,13.93
14.93,position,Pig,0,50,50,390,270,374.6,262.5,17.1,,14.93
14.93,enemy_proximity,Pig,0,50,50,390,270,374.6,262.5,17.1,,14.93
15.9,damage,Pig,0,0,50,390,270,374.6,262.5,17.1,,15.9
15.9,game_over,Pig,0,0,50,390,270,374.6,262.5,17.1,,15.9
1.05,position,Rabbit,0,200,75,390,270,73.6,57.0,381.4,,1.05
2.05,position,Rabbit,0,200,75,390,270,114.2,86.1,331.5,,2.05
3.05,position,Rabbit,0,200,75,390,300,120.9,142.3,312.0,,3.05
4.05,position,Rabbit,0,200,75,420,300,142.8,192.2,297.5,,4.05
5.04,position,Rabbit,0,200,75,420,342,196.4,212.2,258.5,,5.04
6.04,position,Rabbit,0,200,75,420,522,246.6,236.8,333.8,,6.04
6.83,item_collect,Rabbit,0,200,75,480,522,266.0,275.8,326.2,wall,6.83
7.03,position,Rabbit,0,200,75,480,486,270.2,285.9,289.9,,7.03
8.02,position,Rabbit,0,200,75,480,345,328.2,298.3,158.8,,8.02
9.02,position,Rabbit,0,200,75,510,252,376.2,275.7,135.9,,9.02
9.02,item_collect,Rabbit,0,200,75,510,252,376.2,275.7,135.9,shield,9.02
10.01,position,Rabbit,0,200,75,474,204,435.9,270.6,76.8,,10.01
10.01,enemy_proximity,Rabbit,0,200,75,474,204,435.9,270.6,76.8,,10.01
11.0,position,Rabbit,0,200,75,555,144,495.4,269.2,138.7,,11.0
12.0,position,Rabbit,0,200,75,630,78,544.3,243.3,186.2,,12.0
12.99,position,Rabbit,0,200,75,630,105,567.8,194.5,109.0,,12.99
13.69,item_collect,Rabbit,0,200,75,717,102,579.4,159.1,148.9,wall,13.69
13.99,position,Rabbit,0,200,75,717,48,596.9,155.1,161.0,,13.99
14.03,item_collect,Rabbit,0,200,75,714,42,598.8,154.8,161.2,heal,14.03
15.0,position,Rabbit,0,200,75,540,24,608.4,143.0,137.3,,15.0
15.99,position,Rabbit,0,200,75,468,90,548.9,149.3,100.3,,15.99
16.75,item_collect,Rabbit,1,200,75,414,42,515.8,130.5,134.9,star,16.75
16.99,position,Rabbit,1,200,75,414,24,513.8,116.6,136.2,,16.99
17.98,position,Rabbit,1,200,75,354,24,466.8,92.3,131.9,,17.98
18.98,position,Rabbit,1,200,75,294,87,416.4,108.8,124.4,,18.98
19.49,item_collect,Rabbit,2,200,75,294,42,386.7,116.5,118.9,star,19.49
19.97,position,Rabbit,2,200,75,264,24,366.8,103.8,130.1,,19.97
20.04,item_collect,Rabbit,3,200,75,252,24,363.0,102.4,135.9,star,20.04
20.82,item_collect,Rabbit,3,200,75,207,99,317.5,92.0,110.8,heal,20.82
20.97,position,Rabbit,3,200,75,207,126,311.4,96.1,108.6,,20.97
21.96,position,Rabbit,3,200,75,207,306,258.8,117.5,195.4,,21.96
22.96,position,Rabbit,3,200,75,210,375,215.8,142.9,232.2,,22.96
23.46,item_collect,Rabbit,3,200,75,249,354,212.0,172.6,185.1,wall,23.46
23.96,position,Rabbit,3,200,75,294,312,211.4,184.6,151.9,,23.96
24.32,item_collect,Rabbit,3,200,75,282,273,210.8,194.6,105.9,trap,24.32
24.7,damage,Rabbit,3,175,75,238.0,223.0,211.4,216.4,27.4,,24.7
24.95,position,Rabbit,3,175,75,238.0,178.0,211.4,216.4,46.7,,24.95
24.95,enemy_proximity,Rabbit,3,175,75,238.0,178.0,211.4,216.4,46.7,,24.95
25.94,position,Rabbit,3,175,75,221.5,175.0,211.4,216.4,42.6,,25.94
25.94,enemy_proximity,Rabbit,3,175,75,221.5,175.0,211.4,216.4,42.6,,25.94
26.94,position,Rabbit,3,175,75,203.5,106.0,210.8,201.4,95.7,,26.94
26.94,enemy_proximity,Rabbit,3,175,75,203.5,106.0,210.8,201.4,95.7,,26.94
27.68,item_collect,Rabbit,3,176,75,248.5,118.0,210.1,156.4,54.3,trap,27.68
27.68,item_collect,Rabbit,4,176,75,248.5,118.0,210.1,156.4,54.3,star,27.68
27.93,position,Rabbit,4,176,75,293.5,130.0,210.1,141.4,84.2,,27.93
27.93,enemy_proximity,Rabbit,4,176,75,293.5,130.0,210.1,141.4,84.2,,27.93
28.92,position,Rabbit,4,177,75,302.5,232.0,257.3,127.6,113.8,,28.92
29.92,position,Rabbit,4,178,75,281.5,241.0,293.2,164.2,77.7,,29.92
29.92,enemy_proximity,Rabbit,4,178,75,281.5,241.0,293.2,164.2,77.7,,29.92
30.92,position,Rabbit,4,179,75,203.5,283.0,296.7,187.9,133.1,,30.92
31.91,position,Rabbit,4,180,75,128.5,391.0,298.6,211.9,247.0,,31.91
32.39,item_collect,Rabbit,4,180,75,41.5,391.0,299.2,223.4,307.4,trap,32.39
32.91,position,Rabbit,4,181,75,23.5,406.0,284.8,232.0,313.9,,32.91
33.92,position,Rabbit,4,182,75,38.5,541.0,225.4,239.2,355.0,,33.92
34.58,item_collect,Rabbit,4,182,75,122.5,520.0,213.6,275.7,260.8,shield,34.58
34.91,position,Rabbit,4,183,75,122.5,460.0,211.7,295.6,187.1,,34.91
34.91,item_collect,Rabbit,4,183,75,122.5,460.0,211.7,295.6,187.1,wall,34.91
35.91,position,Rabbit,4,184,75,28.0,418.0,200.4,302.3,207.6,,35.91
36.9,position,Rabbit,4,185,75,25.0,418.0,149.9,317.3,160.4,,36.9
37.22,item_collect,Rabbit,4,185,75,25.0,403.0,133.0,325.3,133.0,trap,37.22
37.9,position,Rabbit,4,186,75,25.0,436.0,123.1,364.8,121.3,,37.9
38.89,position,Rabbit,4,187,75,25.0,496.0,74.2,387.8,118.8,,38.89
39.89,position,Rabbit,4,188,75,25.0,541.0,35.0,416.9,124.5,,39.89
40.88,position,Rabbit,4,189,75,74.2,541.0,31.1,458.7,92.9,,40.88
40.88,enemy_proximity,Rabbit,4,189,75,74.2,541.0,31.1,458.7,92.9,,40.88
41.88,position,Rabbit,4,189,75,122.2,541.0,30.5,482.7,108.7,,41.88
42.88,position,Rabbit,4,190,75,122.2,448.0,38.2,490.2,94.0,,42.88
42.88,enemy_proximity,Rabbit,4,190,75,122.2,448.0,38.2,490.2,94.0,,42.88
43.87,position,Rabbit,4,191,75,197.2,385.0,76.4,478.1,152.5,,43.87
44.87,position,Rabbit,4,192,75,212.2,229.0,88.6,420.0,227.5,,44.87
45.87,position,Rabbit,4,193,75,212.2,49.0,114.3,371.8,337.4,,45.87
46.82,item_collect,Rabbit,4,200,75,131.2,61.0,99.5,325.1,266.0,heal,46.82
46.86,position,Rabbit,4,200,75,122.2,61.0,98.4,322.3,262.4,,46.86
47.86,position,Rabbit,4,200,75,152.2,25.0,90.8,263.1,245.9,,47.86
48.86,position,Rabbit,4,200,75,302.2,25.0,90.1,203.1,277.0,,48.86
49.85,position,Rabbit,4,200,75,362.2,115.0,106.2,153.0,258.8,,49.85
50.25,item_collect,Rabbit,5,200,75,371.2,151.0,117.1,132.6,254.8,star,50.25
50.85,position,Rabbit,5,200,75,392.2,211.0,151.7,123.6,255.9,,50.85
51.66,item_collect,Rabbit,6,200,75,422.2,310.0,197.4,126.0,290.5,star,51.66
51.84,position,Rabbit,6,200,75,422.2,343.0,202.2,135.8,302.2,,51.84
52.83,position,Rabbit,6,200,75,422.2,523.0,209.1,195.3,390.9,,52.83
53.83,position,Rabbit,6,200,75,482.2,484.0,226.8,239.2,353.8,,53.83
54.83,position,Rabbit,6,200,75,482.2,514.0,264.7,269.8,327.0,,54.83
55.57,item_collect,Rabbit,7,200,75,542.2,520.0,294.3,294.3,335.3,star,55.57
55.83,position,Rabbit,7,200,75,542.2,541.0,310.1,296.8,336.9,,55.83
56.65,item_collect,Rabbit,8,200,75,632.2,520.0,345.4,325.5,346.5,star,56.65
56.83,position,Rabbit,8,200,75,632.2,487.0,349.7,335.6,320.5,,56.83
57.83,position,Rabbit,8,200,75,692.2,475.0,376.0,382.7,329.4,,57.83
58.11,item_collect,Rabbit,9,200,75,692.2,520.0,392.8,385.5,328.3,star,58.11
58.83,position,Rabbit,9,200,75,692.2,475.0,414.6,416.5,283.7,,58.83
59.83,position,Rabbit,9,200,75,662.2,451.0,457.3,446.3,205.0,,59.83
60.82,position,Rabbit,9,200,75,662.2,328.0,507.7,423.9,181.9,,60.82
61.34,item_collect,Rabbit,9,200,75,641.2,358.0,538.5,421.3,120.6,wall,61.34
61.83,position,Rabbit,9,200,75,617.2,292.0,555.9,418.0,140.1,,61.83
62.38,item_collect,Rabbit,9,200,75,662.2,250.0,565.8,386.9,167.4,shield,62.38
62.82,position,Rabbit,9,200,75,662.2,175.0,556.2,367.6,219.8,,62.82
63.82,position,Rabbit,9,200,75,623.2,43.0,544.3,312.7,281.0,,63.82
64.14,item_collect,Rabbit,9,200,75,581.2,25.0,562.1,306.4,282.1,wall,64.14
64.82,position,Rabbit,9,200,75,467.2,43.0,592.4,286.3,273.6,,64.82
65.81,position,Rabbit,9,200,75,490.0,91.0,579.8,236.5,171.0,,65.81
66.28,item_collect,Rabbit,10,200,75,511.0,130.0,573.4,209.4,101.0,star,66.28
66.69,item_collect,Rabbit,10,200,75,493.0,151.0,571.0,179.7,83.1,heal,66.69
66.81,position,Rabbit,10,200,75,475.0,151.0,570.7,171.3,97.9,,66.81
66.81,enemy_proximity,Rabbit,10,200,75,475.0,151.0,570.7,171.3,97.9,,66.81
67.8,position,Rabbit,10,200,75,409.0,181.0,508.6,151.2,103.9,,67.8
68.76,item_collect,Rabbit,11,200,75,373.0,271.0,450.3,176.1,122.4,star,68.76
68.79,position,Rabbit,11,200,75,367.0,271.0,447.9,176.4,124.5,,68.79
69.78,position,Rabbit,11,200,75,433.0,271.0,395.2,205.5,75.7,,69.78
69.78,enemy_proximity,Rabbit,11,200,75,433.0,271.0,395.2,205.5,75.7,,69.78
70.25,item_collect,Rabbit,12,200,75,421.0,310.0,391.6,238.8,77.0,star,70.25
70.78,position,Rabbit,12,200,75,418.0,337.0,390.4,277.2,65.9,,70.78
70.78,enemy_proximity,Rabbit,12,200,75,418.0,337.0,390.4,277.2,65.9,,70.78
71.78,position,Rabbit,12,200,75,415.0,517.0,417.0,338.7,178.3,,71.78
72.77,position,Rabbit,12,200,75,481.0,541.0,419.8,410.6,144.0,,72.77
73.76,position,Rabbit,12,200,75,481.0,511.0,420.0,470.6,73.2,,73.76
73.76,enemy_proximity,Rabbit,12,200,75,481.0,511.0,420.0,470.6,73.2,,73.76
74.76,position,Rabbit,12,200,75,481.0,334.0,472.6,436.0,102.3,,74.76
75.75,position,Rabbit,12,200,75,499.0,265.0,479.5,364.5,101.4,,75.75
76.02,item_collect,Rabbit,12,200,75,511.0,253.0,479.8,345.3,97.5,shield,76.02
76.18,item_collect,Rabbit,12,200,75,511.0,223.0,479.9,333.3,114.6,wall,76.18
76.75,position,Rabbit,12,200,75,433.0,190.0,480.0,297.3,117.2,,76.75
77.74,position,Rabbit,12,200,75,298.0,205.0,431.3,271.7,149.1,,77.74
78.57,item_collect,Rabbit,13,200,75,253.0,241.0,372.8,268.0,122.8,star,78.57
78.73,position,Rabbit,13,200,75,223.0,241.0,367.8,257.1,145.7,,78.73
79.73,position,Rabbit,13,200,75,205.0,190.0,326.3,213.2,123.5,,79.73
80.66,item_collect,Rabbit,13,200,75,163.0,205.0,269.5,236.2,111.0,heal,80.66
80.72,position,Rabbit,13,200,75,151.0,205.0,264.8,236.8,118.1,,80.72
80.95,item_collect,Rabbit,14,200,75,145.0,193.0,248.1,238.5,112.7,star,80.95
81.72,position,Rabbit,14,200,75,91.0,175.0,204.4,218.9,121.6,,81.72
82.19,item_collect,Rabbit,14,200,75,91.0,250.0,171.7,212.4,89.0,clock,82.19
82.72,position,Rabbit,14,200,75,151.0,328.0,145.8,189.9,138.2,,82.72
83.72,position,Rabbit,14,200,75,109.0,328.0,95.1,208.8,120.0,,83.72
84.31,item_collect,Rabbit,15,200,75,130.0,391.0,91.0,251.8,144.6,star,84.31
84.71,position,Rabbit,15,200,75,187.0,391.0,90.4,280.6,146.7,,84.71
85.57,item_collect,Rabbit,15,200,75,175.0,490.0,109.4,333.2,170.0,trap,85.57
85.71,position,Rabbit,15,200,75,175.0,514.0,112.9,342.1,182.8,,85.71
86.7,position,Rabbit,15,200,75,199.0,541.0,155.2,385.9,161.2,,86.7
87.7,position,Rabbit,15,200,75,322.0,541.0,178.2,447.6,171.4,,87.7
88.7,position,Rabbit,15,200,75,295.0,541.0,179.9,518.2,117.4,,88.7
88.95,item_collect,Rabbit,15,200,75,340.0,541.0,180.8,524.9,160.1,clock,88.95
89.31,item_collect,Rabbit,16,200,75,358.0,523.0,190.1,529.7,168.0,star,89.31
89.69,position,Rabbit,16,200,75,382.0,475.0,200.5,533.0,190.5,,89.69
89.74,item_collect,Rabbit,16,200,75,400.0,475.0,202.0,533.3,206.4,heal,89.74
90.19,item_collect,Rabbit,17,200,75,418.0,433.0,214.7,535.5,227.7,star,90.19
90.68,position,Rabbit,17,200,75,418.0,307.0,229.0,537.5,298.1,,90.68
91.69,position,Rabbit,17,200,75,385.0,271.0,256.6,534.8,293.4,,91.69
92.23,item_collect,Rabbit,18,200,75,358.0,310.0,267.2,497.1,208.0,star,92.23
92.68,position,Rabbit,18,200,75,358.0,307.0,269.2,464.8,181.1,,92.68
93.68,position,Rabbit,18,200,75,295.0,205.0,300.5,409.4,204.5,,93.68
94.14,item_collect,Rabbit,18,200,75,295.0,133.0,280.4,387.2,254.6,trap,94.14
94.14,item_collect,Rabbit,19,200,75,295.0,133.0,280.4,387.2,254.6,star,94.14
94.67,position,Rabbit,19,200,75,301.0,100.0,272.4,349.9,251.5,,94.67
95.66,position,Rabbit,19,200,75,358.0,91.0,270.1,278.0,206.6,,95.66
96.66,position,Rabbit,19,200,75,361.0,25.0,295.2,217.1,203.1,,96.66
97.65,position,Rabbit,19,200,75,421.0,37.0,299.7,145.3,162.6,,97.65
98.65,position,Rabbit,19,200,75,421.0,52.0,328.4,94.8,102.0,,98.65
99.64,position,Rabbit,19,200,75,499.0,85.0,386.1,115.1,116.8,,99.64
100.63,position,Rabbit,19,200,75,556.0,151.0,447.7,93.9,122.5,,100.63
101.56,item_collect,Rabbit,20,200,75,571.0,220.0,502.5,109.1,130.3,star,101.56
101.63,position,Rabbit,20,200,75,571.0,232.0,503.5,114.4,135.6,,101.63
102.63,position,Rabbit,20,200,75,613.0,301.0,560.3,160.2,150.3,,102.63
103.63,position,Rabbit,20,200,75,691.0,265.0,584.8,233.6,110.7,,103.63
104.63,position,Rabbit,20,200,75,721.0,403.0,652.9,268.1,151.1,,104.63
105.62,position,Rabbit,20,200,75,655.0,466.0,714.8,299.9,176.5,,105.62
105.91,item_collect,Rabbit,20,200,75,643.0,481.0,710.1,319.1,175.2,heal,105.91
106.07,item_collect,Rabbit,20,200,75,613.0,481.0,697.0,323.6,178.4,shield,106.07
106.62,position,Rabbit,20,200,75,595.0,445.0,662.7,346.1,119.8,,106.62
107.3,item_collect,Rabbit,21,200,75,535.0,460.0,607.2,358.5,124.5,star,107.3
107.61,position,Rabbit,21,200,75,535.0,499.0,582.3,362.0,144.9,,107.61
108.61,position,Rabbit,21,200,75,475.0,526.0,535.0,416.5,124.8,,108.61
108.82,item_collect,Rabbit,22,200,75,475.0,493.0,516.9,418.4,85.6,star,108.82
109.61,position,Rabbit,22,200,75,475.0,541.0,482.9,459.8,81.6,,109.61
109.61,enemy_proximity,Rabbit,22,200,75,475.0,541.0,482.9,459.8,81.6,,109.61
110.17,item_collect,Rabbit,22,200,75,433.0,541.0,480.5,507.3,58.3,clock,110.17
110.6,position,Rabbit,22,200,75,415.0,457.0,462.9,533.2,90.0,,110.6
110.6,enemy_proximity,Rabbit,22,200,75,415.0,457.0,462.9,533.2,90.0,,110.6
111.16,item_collect,Rabbit,23,200,75,415.0,253.0,426.2,521.4,268.6,star,111.16
111.59,position,Rabbit,23,200,75,355.0,235.0,421.6,485.3,259.0,,111.59
112.59,position,Rabbit,23,200,75,295.0,157.0,418.8,402.2,274.7,,112.59
113.58,position,Rabbit,23,200,75,253.0,25.0,363.3,356.8,349.7,,113.58
113.74,item_collect,Rabbit,24,200,75,223.0,25.0,361.6,342.9,346.8,star,113.74
113.74,item_collect,Rabbit,25,200,75,223.0,25.0,361.6,342.9,346.8,star,113.74
114.57,position,Rabbit,25,200,75,115.0,91.0,310.0,304.5,289.2,,114.57
115.56,position,Rabbit,25,200,75,25.0,55.0,265.3,250.3,309.6,,115.56
116.47,item_collect,Rabbit,26,200,75,40.0,151.0,202.5,218.6,176.0,star,116.47
116.55,position,Rabbit,26,200,75,55.0,151.0,196.0,216.1,155.2,,116.55
117.54,position,Rabbit,26,200,75,25.0,64.0,126.2,184.1,157.1,,117.54
118.54,position,Rabbit,26,200,75,151.0,25.0,119.5,113.2,93.6,,118.54
118.54,enemy_proximity,Rabbit,26,200,75,151.0,25.0,119.5,113.2,93.6,,118.54
119.54,position,Rabbit,26,200,75,301.0,40.0,147.2,42.5,153.8,,119.54
119.71,item_collect,Rabbit,27,200,75,301.0,70.0,160.3,37.5,144.4,star,119.71
120.53,position,Rabbit,27,200,75,301.0,220.0,205.3,64.9,182.2,,120.53
121.53,position,Rabbit,27,200,75,205.0,241.0,209.8,148.7,92.4,,121.53
121.53,enemy_proximity,Rabbit,27,200,75,205.0,241.0,209.8,148.7,92.4,,121.53
122.09,item_collect,Rabbit,28,200,75,205.0,250.0,210.0,196.3,53.9,star,122.09
122.52,position,Rabbit,28,200,75,205.0,328.0,210.0,232.7,95.4,,122.52
122.52,enemy_proximity,Rabbit,28,200,75,205.0,328.0,210.0,232.7,95.4,,122.52
123.52,position,Rabbit,28,200,75,169.0,391.0,210.0,316.7,84.9,,123.52
123.52,enemy_proximity,Rabbit,28,200,75,169.0,391.0,210.0,316.7,84.9,,123.52
123.59,item_collect,Rabbit,29,200,75,181.0,400.0,210.0,322.3,82.9,star,123.59
124.52,position,Rabbit,29,200,75,241.0,481.0,191.0,390.5,103.4,,124.52
125.52,position,Rabbit,29,200,75,271.0,445.0,188.1,468.7,86.2,,125.52
125.52,enemy_proximity,Rabbit,29,200,75,271.0,445.0,188.1,468.7,86.2,,125.52
126.51,position,Rabbit,29,200,75,301.0,412.0,261.5,454.8,58.2,,126.51
126.51,enemy_proximity,Rabbit,29,200,75,301.0,412.0,261.5,454.8,58.2,,126.51
126.68,item_collect,Rabbit,29,200,75,283.0,385.0,275.4,453.1,68.5,clock,126.68
127.51,position,Rabbit,29,200,75,271.0,331.0,289.3,399.4,70.8,,127.51
127.51,enemy_proximity,Rabbit,29,200,75,271.0,331.0,289.3,399.4,70.8,,127.51
128.5,position,Rabbit,29,200,75,205.0,175.0,270.7,320.9,160.1,,128.5
129.5,position,Rabbit,29,200,75,205.0,25.0,254.8,246.8,227.3,,129.5
130.49,position,Rabbit,29,200,75,145.0,61.0,211.6,191.7,146.7,,130.49
131.39,item_collect,Rabbit,30,200,75,121.0,160.0,194.7,126.3,81.0,star,131.39
131.49,position,Rabbit,30,200,75,115.0,178.0,185.5,124.7,88.4,,131.49
131.49,enemy_proximity,Rabbit,30,200,75,115.0,178.0,185.5,124.7,88.4,,131.49
132.49,position,Rabbit,30,200,75,85.0,295.0,102.2,146.3,149.7,,132.49
133.49,position,Rabbit,30,200,75,115.0,391.0,90.4,240.9,152.1,,133.49
133.58,item_collect,Rabbit,31,200,75,103.0,391.0,90.3,250.5,141.1,star,133.58
134.48,position,Rabbit,31,200,75,25.0,469.0,106.7,327.8,163.2,,134.48
135.48,position,Rabbit,31,200,75,175.0,445.0,94.6,412.6,86.7,,135.48
135.48,enemy_proximity,Rabbit,31,200,75,175.0,445.0,94.6,412.6,86.7,,135.48
136.48,position,Rabbit,31,200,75,211.0,313.0,160.3,391.0,93.1,,136.48
136.48,enemy_proximity,Rabbit,31,200,75,211.0,313.0,160.3,391.0,93.1,,136.48
137.47,position,Rabbit,31,200,75,211.0,133.0,208.6,331.7,198.7,,137.47
138.38,item_collect,Rabbit,31,200,75,250.0,121.0,210.0,245.3,130.6,trap,138.38
138.48,position,Rabbit,31,200,75,268.0,121.0,210.0,235.7,128.5,,138.48
138.54,item_collect,Rabbit,32,200,75,280.0,121.0,210.0,229.3,129.0,star,138.54
139.47,position,Rabbit,32,200,75,301.0,238.0,210.0,155.7,122.7,,139.47
140.47,position,Rabbit,32,200,75,301.0,148.0,242.1,228.5,99.7,,140.47
140.47,enemy_proximity,Rabbit,32,200,75,301.0,148.0,242.1,228.5,99.7,,140.47
141.47,position,Rabbit,32,200,75,361.0,94.0,294.2,215.6,138.7,,141.47
142.47,position,Rabbit,32,200,75,406.0,25.0,298.6,177.5,186.5,,142.47
143.46,position,Rabbit,32,200,75,433.0,91.0,299.7,139.1,141.7,,143.46
144.35,item_collect,Rabbit,33,200,75,475.0,43.0,317.9,96.0,165.8,star,144.35
144.45,position,Rabbit,33,200,75,475.0,25.0,327.4,94.6,163.2,,144.45
145.45,position,Rabbit,33,200,75,625.0,25.0,408.8,109.6,232.2,,145.45
146.44,position,Rabbit,33,200,75,631.0,124.0,496.7,94.8,137.4,,146.44
146.97,item_collect,Rabbit,33,200,75,670.0,115.0,540.1,115.9,129.9,wall,146.97
147.44,position,Rabbit,33,200,75,685.0,82.0,562.1,133.7,133.4,,147.44
148.04,item_collect,Rabbit,34,200,75,721.0,73.0,602.5,146.3,139.4,star,148.04
148.43,position,Rabbit,34,200,75,721.0,52.0,631.7,130.5,119.0,,148.43
148.73,item_collect,Rabbit,34,200,75,703.0,52.0,659.4,123.8,83.9,wall,148.73
149.43,position,Rabbit,34,200,75,577.0,52.0,653.0,121.1,102.7,,149.43
150.43,position,Rabbit,34,200,75,490.0,25.0,630.9,52.1,143.5,,150.43
151.42,position,Rabbit,34,200,75,442.0,91.0,545.8,30.4,120.2,,151.42
152.27,item_collect,Rabbit,35,200,75,373.0,121.0,484.8,57.4,128.6,star,152.27
152.42,position,Rabbit,35,200,75,355.0,121.0,482.7,71.6,136.9,,152.42
153.41,position,Rabbit,35,200,75,353.5,23.5,422.7,48.3,73.5,,153.41
153.41,enemy_proximity,Rabbit,35,200,75,353.5,23.5,422.7,48.3,73.5,,153.41
154.4,position,Rabbit,35,200,75,374.5,152.5,363.0,70.1,83.2,,154.4
154.4,enemy_proximity,Rabbit,35,200,75,374.5,152.5,363.0,70.1,83.2,,154.4
155.4,position,Rabbit,35,200,75,392.5,302.5,380.1,155.9,147.1,,155.4
156.0,item_collect,Rabbit,35,200,75,311.5,302.5,373.3,204.0,116.3,clock,156.0
156.39,position,Rabbit,35,200,75,263.5,266.5,339.1,210.0,94.4,,156.39
156.39,enemy_proximity,Rabbit,35,200,75,263.5,266.5,339.1,210.0,94.4,,156.39
156.92,item_collect,Rabbit,35,200,75,203.5,218.5,298.1,228.3,95.1,wall,156.92
157.35,item_collect,Rabbit,36,200,75,155.5,104.5,269.0,236.3,173.9,star,157.35
157.39,position,Rabbit,36,200,75,143.5,104.5,269.0,236.3,182.0,,157.39
158.39,position,Rabbit,36,200,75,41.5,152.5,202.3,218.3,173.7,,158.39
158.39,item_collect,Rabbit,37,200,75,41.5,152.5,202.3,218.3,173.7,star,158.39
159.39,position,Rabbit,37,200,75,23.5,131.5,120.6,183.6,110.2,,159.39
160.38,position,Rabbit,37,200,75,62.5,35.5,58.8,132.2,96.8,,160.38
160.38,enemy_proximity,Rabbit,37,200,75,62.5,35.5,58.8,132.2,96.8,,160.38
161.37,position,Rabbit,37,200,75,152.5,23.5,54.0,65.3,107.0,,161.37
162.28,item_collect,Rabbit,37,200,75,209.5,38.5,138.1,54.5,73.1,wall,162.28
162.36,position,Rabbit,37,200,75,194.5,53.5,140.9,48.7,53.8,,162.36
162.36,enemy_proximity,Rabbit,37,200,75,194.5,53.5,140.9,48.7,53.8,,162.36
163.36,position,Rabbit,37,200,75,148.0,193.0,125.0,79.8,115.5,,163.36
164.35,position,Rabbit,37,200,75,241.0,229.0,130.1,169.6,125.8,,164.35
165.33,position,Rabbit,37,200,75,301.0,241.0,200.8,219.6,102.5,,165.33
166.33,position,Rabbit,37,200,75,301.0,76.0,287.7,233.6,158.2,,166.33
167.33,position,Rabbit,37,200,75,361.0,64.0,299.7,139.3,97.1,,167.33
167.33,enemy_proximity,Rabbit,37,200,75,361.0,64.0,299.7,139.3,97.1,,167.33
168.33,position,Rabbit,37,200,75,421.0,43.0,350.3,80.6,80.1,,168.33
168.33,enemy_proximity,Rabbit,37,200,75,421.0,43.0,350.3,80.6,80.1,,168.33
169.32,position,Rabbit,37,200,75,496.0,85.0,409.1,40.6,97.6,,169.32
169.32,enemy_proximity,Rabbit,37,200,75,496.0,85.0,409.1,40.6,97.6,,169.32
170.18,item_collect,Rabbit,38,200,75,475.0,71.8,462.9,87.3,19.6,star,170.18
170.32,position,Rabbit,38,200,75,475.0,47.8,470.0,77.8,30.4,,170.32
170.32,enemy_proximity,Rabbit,38,200,75,475.0,47.8,470.0,77.8,30.4,,170.32
171.31,position,Rabbit,38,200,75,616.0,23.8,536.6,31.5,79.8,,171.31
171.31,enemy_proximity,Rabbit,38,200,75,616.0,23.8,536.6,31.5,79.8,,171.31
172.29,position,Rabbit,38,200,75,631.0,182.8,622.4,46.0,137.1,,172.29
172.91,item_collect,Rabbit,38,200,75,701.5,182.8,629.1,104.7,106.5,trap,172.91
173.29,position,Rabbit,38,200,75,662.5,182.8,629.7,141.5,52.7,,173.29
173.29,enemy_proximity,Rabbit,38,200,75,662.5,182.8,629.7,141.5,52.7,,173.29
174.28,position,Rabbit,38,200,75,617.5,272.8,657.9,226.3,61.6,,174.28
174.28,enemy_proximity,Rabbit,38,200,75,617.5,272.8,657.9,226.3,61.6,,174.28
174.75,item_collect,Rabbit,38,200,75,581.5,302.8,656.4,255.9,88.4,shield,174.75
175.29,position,Rabbit,38,200,75,533.5,302.8,637.8,263.8,111.3,,175.29
176.08,item_collect,Rabbit,39,200,75,476.5,311.8,611.3,273.6,140.1,star,176.08
176.28,position,Rabbit,39,200,75,476.5,296.8,608.2,280.7,132.7,,176.28
177.27,position,Rabbit,39,200,75,449.5,272.8,574.3,295.4,126.8,,177.27
178.27,position,Rabbit,39,200,75,386.5,248.8,505.2,326.8,142.0,,178.27
179.05,item_collect,Rabbit,39,200,75,386.5,278.8,432.0,326.9,66.2,clock,179.05
179.27,position,Rabbit,39,200,75,386.5,296.8,420.1,311.5,36.7,,179.27
179.27,enemy_proximity,Rabbit,39,200,75,386.5,296.8,420.1,311.5,36.7,,179.27
179.96,item_collect,Rabbit,40,200,75,398.5,116.8,392.0,257.4,140.8,star,179.96
180.26,position,Rabbit,40,200,75,422.5,116.8,390.5,225.3,113.1,,180.26
181.26,position,Rabbit,40,200,75,422.5,26.8,404.8,126.8,101.6,,181.26
182.1,item_collect,Rabbit,41,200,75,353.5,38.8,414.5,40.5,61.1,star,182.1
182.25,position,Rabbit,41,200,75,353.5,65.8,399.4,35.1,55.2,,182.25
182.25,enemy_proximity,Rabbit,41,200,75,353.5,65.8,399.4,35.1,55.2,,182.25
183.25,position,Rabbit,41,200,75,392.5,200.8,360.6,111.0,95.3,,183.25
183.25,enemy_proximity,Rabbit,41,200,75,392.5,200.8,360.6,111.0,95.3,,183.25
183.73,item_collect,Rabbit,41,200,75,371.5,266.8,379.3,153.6,113.5,clock,183.73
184.24,position,Rabbit,41,200,75,353.5,362.8,376.9,201.4,163.1,,184.24
185.23,position,Rabbit,41,200,75,308.5,452.8,360.3,305.7,156.0,,185.23
186.22,position,Rabbit,41,200,75,272.5,494.8,352.0,408.8,117.1,,186.22
186.62,item_collect,Rabbit,42,200,75,272.5,521.8,312.4,421.1,108.3,star,186.62
187.0,item_collect,Rabbit,42,200,75,251.5,542.8,282.9,445.9,101.9,heal,187.0
187.22,position,Rabbit,42,200,75,212.5,542.8,275.4,468.0,97.7,,187.22
187.22,enemy_proximity,Rabbit,42,200,75,212.5,542.8,275.4,468.0,97.7,,187.22
187.33,item_collect,Rabbit,42,200,75,191.5,542.8,270.7,477.2,102.8,trap,187.33
188.21,position,Rabbit,42,200,75,242.5,542.8,186.5,496.5,72.7,,188.21
188.21,enemy_proximity,Rabbit,42,200,75,242.5,542.8,186.5,496.5,72.7,,188.21
189.14,item_collect,Rabbit,43,200,75,362.5,521.8,242.3,538.3,121.4,star,189.14
189.21,position,Rabbit,43,200,75,362.5,509.8,245.1,538.5,120.8,,189.21
189.65,item_collect,Rabbit,44,200,75,398.5,479.8,264.6,539.3,146.5,star,189.65
190.21,position,Rabbit,44,200,75,419.5,404.8,288.3,539.7,188.2,,190.21
191.2,position,Rabbit,44,200,75,392.5,230.8,331.5,539.9,315.1,,191.2
192.19,position,Rabbit,44,200,75,293.5,176.8,357.0,498.0,327.5,,192.19
193.19,position,Rabbit,44,200,75,263.5,113.8,303.0,418.1,306.9,,193.19
193.31,item_collect,Rabbit,44,200,75,251.5,113.8,301.7,405.6,296.1,wall,193.31
194.18,position,Rabbit,44,200,75,92.5,113.8,235.6,363.1,287.5,,194.18
195.18,position,Rabbit,44,200,75,40.0,151.0,177.2,303.4,205.1,,195.18
196.18,position,Rabbit,44,200,75,61.0,151.0,95.5,253.3,107.9,,196.18
196.23,item_collect,Rabbit,44,200,75,70.0,151.0,94.8,247.9,100.0,wall,196.23
197.17,position,Rabbit,44,200,75,241.0,151.0,90.5,192.3,156.1,,197.17
198.17,position,Rabbit,44,200,75,319.0,91.0,147.1,124.2,175.0,,198.17
199.17,position,Rabbit,44,200,75,361.0,151.0,255.0,120.1,110.5,,199.17
200.16,position,Rabbit,44,200,75,391.0,238.0,303.5,132.3,137.2,,200.16
201.15,position,Rabbit,44,200,75,421.0,262.0,343.2,207.2,95.1,,201.15
201.15,enemy_proximity,Rabbit,44,200,75,421.0,262.0,343.2,207.2,95.1,,201.15
201.99,damage,Rabbit,44,175,75,421.0,262.0,393.9,266.0,27.4,,201.99
202.15,position,Rabbit,44,175,75,448.0,271.0,393.9,266.0,54.4,,202.15
202.15,enemy_proximity,Rabbit,44,175,75,448.0,271.0,393.9,266.0,54.4,,202.15
203.16,position,Rabbit,44,175,75,512.5,272.5,393.9,266.0,118.8,,203.16
204.15,position,Rabbit,44,175,75,464.5,272.5,411.7,268.0,53.0,,204.15
204.15,enemy_proximity,Rabbit,44,175,75,464.5,272.5,411.7,268.0,53.0,,204.15
204.22,item_collect,Rabbit,45,175,75,476.5,278.5,418.9,268.4,58.5,star,204.22
205.15,position,Rabbit,45,176,75,482.5,446.5,477.9,321.8,124.8,,205.15
206.14,position,Rabbit,45,177,75,413.5,542.5,480.0,429.8,130.9,,206.14
207.14,position,Rabbit,45,178,75,482.5,542.5,421.9,500.1,73.9,,207.14
207.14,enemy_proximity,Rabbit,45,178,75,482.5,542.5,421.9,500.1,73.9,,207.14
208.14,position,Rabbit,45,179,75,482.5,362.5,476.1,503.7,141.4,,208.14
209.13,position,Rabbit,45,180,75,542.5,308.5,480.0,395.9,107.5,,209.13
210.13,position,Rabbit,45,181,75,632.5,284.5,528.8,324.2,111.1,,210.13
211.12,position,Rabbit,45,182,75,638.5,173.5,615.2,275.6,104.8,,211.12
212.05,item_collect,Rabbit,46,183,75,638.5,116.5,658.9,203.7,89.6,star,212.05
212.11,position,Rabbit,46,183,75,650.5,122.5,659.3,196.5,74.5,,212.11
212.11,enemy_proximity,Rabbit,46,183,75,650.5,122.5,659.3,196.5,74.5,,212.11
212.67,damage,Rabbit,46,133,75,644.5,122.5,633.1,147.6,27.5,,212.67
213.11,position,Rabbit,46,133,75,662.5,113.5,641.3,128.7,26.1,,213.11
213.11,enemy_proximity,Rabbit,46,133,75,662.5,113.5,641.3,128.7,26.1,,213.11
214.1,position,Rabbit,46,133,75,722.5,89.5,713.9,102.9,16.0,,214.1
214.1,enemy_proximity,Rabbit,46,133,75,722.5,89.5,713.9,102.9,16.0,,214.1
214.67,damage,Rabbit,46,83,75,698.5,122.5,709.9,107.5,18.9,,214.67
215.09,position,Rabbit,46,83,75,623.5,122.5,670.2,117.5,47.0,,215.09
215.09,enemy_proximity,Rabbit,46,83,75,623.5,122.5,670.2,117.5,47.0,,215.09
216.08,position,Rabbit,46,83,75,623.5,155.5,632.0,162.5,11.1,,216.08
216.08,enemy_proximity,Rabbit,46,83,75,623.5,155.5,632.0,162.5,11.1,,216.08
216.71,damage,Rabbit,46,33,75,542.5,152.5,568.8,151.1,26.4,,216.71
216.86,item_collect,Rabbit,46,53,75,566.5,158.5,559.9,150.7,10.2,heal,216.86
217.08,position,Rabbit,46,53,75,572.5,197.5,564.8,166.1,32.3,,217.08
217.08,enemy_proximity,Rabbit,46,53,75,572.5,197.5,564.8,166.1,32.3,,217.08
218.07,position,Rabbit,46,53,75,602.5,284.5,591.0,248.9,37.4,,218.07
218.07,enemy_proximity,Rabbit,46,53,75,602.5,284.5,591.0,248.9,37.4,,218.07
218.7,damage,Rabbit,46,3,75,632.5,278.5,618.4,288.3,17.1,,218.7
219.07,position,Rabbit,46,3,75,662.5,263.5,631.5,280.1,35.2,,219.07
219.07,enemy_proximity,Rabbit,46,3,75,662.5,263.5,631.5,280.1,35.2,,219.07
219.93,item_collect,Rabbit,47,3,75,722.5,341.5,712.5,288.4,54.0,star,219.93
220.06,position,Rabbit,47,3,75,722.5,365.5,715.1,302.6,63.3,,220.06
220.06,enemy_proximity,Rabbit,47,3,75,722.5,365.5,715.1,302.6,63.3,,220.06
220.68,item_collect,Rabbit,47,3,75,671.5,422.5,719.6,367.1,73.3,trap,220.68
221.09,position,Rabbit,47,3,75,653.5,407.5,715.1,407.4,61.6,,221.09
221.09,enemy_proximity,Rabbit,47,3,75,653.5,407.5,715.1,407.4,61.6,,221.09
221.12,item_collect,Rabbit,48,3,75,653.5,401.5,711.9,409.0,58.8,star,221.12
222.11,position,Rabbit,48,4,75,722.5,290.5,661.1,355.0,89.1,,222.11
222.11,enemy_proximity,Rabbit,48,4,75,722.5,290.5,661.1,355.0,89.1,,222.11
223.14,position,Rabbit,48,5,75,593.5,266.5,702.7,332.5,127.6,,223.14
224.15,position,Rabbit,48,6,75,533.5,308.5,716.5,293.0,183.6,,224.15
224.52,item_collect,Rabbit,48,6,75,491.5,332.5,717.9,305.2,228.0,trap,224.52
225.19,position,Rabbit,48,7,75,413.5,365.5,702.0,323.0,291.7,,225.19
226.24,position,Rabbit,48,8,75,413.5,488.5,620.5,357.2,245.1,,226.24
227.3,position,Rabbit,48,9,75,422.5,542.5,550.9,414.2,181.5,,227.3
228.31,position,Rabbit,48,10,75,422.5,542.5,454.9,445.3,102.5,,228.31
229.35,position,Rabbit,48,11,75,494.5,503.5,427.1,528.8,71.9,,229.35
229.35,enemy_proximity,Rabbit,48,11,75,494.5,503.5,427.1,528.8,71.9,,229.35
229.87,item_collect,Rabbit,49,11,75,542.5,521.5,471.3,526.5,71.4,star,229.87
230.13,item_collect,Rabbit,49,32,75,551.5,542.5,496.8,515.2,61.2,heal,230.13
230.39,position,Rabbit,49,32,75,596.5,542.5,523.6,512.0,79.0,,230.39
230.39,enemy_proximity,Rabbit,49,32,75,596.5,542.5,523.6,512.0,79.0,,230.39
231.42,position,Rabbit,49,33,75,614.5,473.5,617.8,533.0,59.6,,231.42
231.42,enemy_proximity,Rabbit,49,33,75,614.5,473.5,617.8,533.0,59.6,,231.42
231.88,damage,Rabbit,49,-17,75,653.5,473.5,634.5,490.5,25.5,,231.88
231.88,game_over,Rabbit,49,0,75,653.5,473.5,634.5,490.5,25.5,,231.88
1.03,position,Rabbit,0,200,75,390,270,73.6,57.0,381.4,,1.03
2.02,position,Rabbit,0,200,75,390,270,114.2,86.1,331.5,,2.02
3.02,position,Rabbit,0,200,75,390,270,156.3,116.3,279.7,,3.02
4.01,position,Rabbit,0,200,75,348,300,202.8,139.2,216.7,,4.01
4.04,item_collect,Rabbit,0,200,75,342,300,203.2,141.2,211.0,heal,4.04
4.82,item_collect,Rabbit,0,200,75,360,339,208.7,187.8,213.9,wall,4.82
5.0,position,Rabbit,0,200,75,360,372,209.2,198.7,229.7,,5.0
6.0,position,Rabbit,0,200,75,421.0,418.0,224.9,232.4,270.0,,6.0
7.0,position,Rabbit,0,200,75,421.0,418.0,264.4,265.4,218.7,,7.0
8.0,position,Rabbit,0,200,75,421.0,418.0,306.2,296.1,167.5,,8.0
9.0,position,Rabbit,0,200,75,421.0,418.0,348.1,331.9,112.8,,9.0
10.11,position,Rabbit,0,200,75,421.0,418.0,372.2,381.4,61.0,,10.11
10.11,enemy_proximity,Rabbit,0,200,75,421.0,418.0,372.2,381.4,61.0,,10.11
10.77,damage,Rabbit,0,150,75,421.0,418.0,407.6,393.8,27.7,,10.77
11.11,position,Rabbit,0,150,75,421.0,418.0,412.7,404.6,15.8,,11.11
11.11,enemy_proximity,Rabbit,0,150,75,421.0,418.0,412.7,404.6,15.8,,11.11
12.11,position,Rabbit,0,150,75,421.0,418.0,412.7,404.6,15.8,,12.11
12.11,enemy_proximity,Rabbit,0,150,75,421.0,418.0,412.7,404.6,15.8,,12.11
12.77,damage,Rabbit,0,100,75,421.0,418.0,412.7,404.6,15.8,,12.77
13.1,position,Rabbit,0,100,75,421.0,418.0,412.7,404.6,15.8,,13.1
13.1,enemy_proximity,Rabbit,0,100,75,421.0,418.0,412.7,404.6,15.8,,13.1
14.1,position,Rabbit,0,100,75,421.0,418.0,412.7,404.6,15.8,,14.1
14.1,enemy_proximity,Rabbit,0,100,75,421.0,418.0,412.7,404.6,15.8,,14.1
14.76,damage,Rabbit,0,50,75,421.0,418.0,412.7,404.6,15.8,,14.76
15.09,position,Rabbit,0,50,75,421.0,418.0,412.7,404.6,15.8,,15.09
15.09,enemy_proximity,Rabbit,0,50,75,421.0,418.0,412.7,404.6,15.8,,15.09
16.09,position,Rabbit,0,50,75,421.0,418.0,412.7,404.6,15.8,,16.09
16.09,enemy_proximity,Rabbit,0,50,75,421.0,418.0,412.7,404.6,15.8,,16.09
16.75,damage,Rabbit,0,0,75,421.0,418.0,412.7,404.6,15.8,,16.75
16.75,game_over,Rabbit,0,0,75,421.0,418.0,412.7,404.6,15.8,,16.75
1.04,position,Sheep,0,100,25,390,270,73.6,57.0,381.4,,1.04
2.05,position,Sheep,0,100,25,354,303,114.2,86.1,323.4,,2.05
2.57,item_collect,Sheep,0,100,25,324,312,118.1,116.8,283.8,clock,2.57
3.05,position,Sheep,0,100,25,396,294,119.3,145.7,313.9,,3.05
3.28,item_collect,Sheep,2,100,25,420,312,119.6,159.7,336.8,star,3.28
4.06,position,Sheep,2,100,25,420,480,143.8,194.7,397.1,,4.06
4.88,item_collect,Sheep,2,100,25,480,522,190.8,207.2,427.5,heal,4.88
5.06,position,Sheep,2,100,25,480,489,197.7,214.1,394.0,,5.06
6.07,position,Sheep,2,100,25,492,324,249.3,237.0,257.8,,6.07
6.22,item_collect,Sheep,2,100,25,519,324,256.0,241.3,275.7,trap,6.22
7.07,position,Sheep,2,100,25,567,360,272.8,287.0,303.1,,7.07
8.07,position,Sheep,2,100,25,564,417,331.2,298.4,261.3,,8.07
8.46,item_collect,Sheep,2,100,25,579,450,355.1,299.3,269.9,wall,8.46
9.06,position,Sheep,2,100,25,612,513,381.1,299.7,314.3,,9.06
9.69,item_collect,Sheep,2,100,25,628.0,520.0,405.1,301.7,312.0,clock,9.69
10.06,position,Sheep,2,100,25,628.0,538.0,413.0,321.9,304.8,,10.06
11.06,position,Sheep,2,100,25,670.0,478.0,457.4,332.2,257.8,,11.06
12.07,position,Sheep,2,100,25,658.0,358.0,493.6,336.7,165.8,,12.07
13.07,position,Sheep,2,100,25,721.0,292.0,545.1,350.0,185.3,,13.07
14.07,position,Sheep,2,100,25,649.0,178.0,560.0,306.4,156.3,,14.07
15.07,position,Sheep,2,100,25,625.0,43.0,595.7,269.6,228.5,,15.07
16.07,position,Sheep,2,100,25,484.0,31.0,574.6,220.3,209.9,,16.07
17.07,position,Sheep,2,100,25,415.0,70.0,567.7,162.3,178.4,,17.07
17.36,item_collect,Sheep,4,100,25,403.0,25.0,552.1,155.7,198.3,star,17.36
18.08,position,Sheep,4,100,25,355.0,70.0,517.9,138.9,176.9,,18.08
19.08,position,Sheep,4,100,25,331.0,85.0,489.4,95.2,158.7,,19.08
20.09,position,Sheep,4,100,25,250.0,25.0,432.0,94.2,194.7,,20.09
21.09,position,Sheep,4,100,25,172.0,25.0,380.6,117.3,228.1,,21.09
22.09,position,Sheep,4,100,25,124.0,61.0,331.4,93.6,209.9,,22.09
23.09,position,Sheep,4,100,25,112.0,61.0,302.8,51.4,191.0,,23.09
23.94,item_collect,Sheep,4,90,25,121.0,129.4,260.5,32.7,169.8,wall,23.94
24.09,position,Sheep,4,90,25,121.0,140.2,251.6,31.7,169.8,,24.09
25.09,position,Sheep,4,90,25,88.0,199.6,196.6,30.2,201.2,,25.09
26.09,position,Sheep,4,91,25,91.0,295.6,146.8,48.8,253.0,,26.09
26.93,item_collect,Sheep,4,92,25,115.0,340.6,124.1,88.6,252.2,shield,26.93
27.1,position,Sheep,4,92,25,115.0,370.6,122.8,98.5,272.2,,27.1
27.38,item_collect,Sheep,6,92,25,103.0,391.6,121.5,115.5,276.8,star,27.38
28.1,position,Sheep,6,93,25,91.0,481.6,102.0,147.7,334.1,,28.1
28.35,item_collect,Sheep,8,93,25,121.0,490.6,96.8,161.8,329.7,star,28.35
29.11,position,Sheep,8,94,25,109.0,535.6,91.5,206.3,329.7,,29.11
30.11,position,Sheep,8,95,25,172.0,445.6,90.2,266.3,197.1,,30.11
31.11,position,Sheep,8,96,25,223.0,541.6,100.7,319.9,253.2,,31.11
32.11,position,Sheep,8,97,25,265.0,472.6,118.8,375.0,175.8,,32.11
32.34,item_collect,Sheep,10,97,25,280.0,445.6,131.4,381.1,162.0,star,32.34
33.11,position,Sheep,10,98,25,295.0,403.6,185.6,388.6,110.4,,33.11
34.12,position,Sheep,10,99,25,331.0,445.6,246.8,362.9,118.1,,34.12
35.12,position,Sheep,10,100,25,421.0,445.6,295.4,405.4,131.9,,35.12
35.53,item_collect,Sheep,12,100,25,421.0,370.6,323.7,414.7,106.8,star,35.53
36.12,position,Sheep,12,100,25,397.0,283.6,353.6,399.5,123.7,,36.12
36.33,item_collect,Sheep,12,100,25,358.0,283.6,356.1,384.1,100.5,clock,36.33
37.12,position,Sheep,12,100,25,298.0,217.6,359.6,327.8,126.3,,37.12
37.13,item_collect,Sheep,14,100,25,298.0,223.6,359.6,326.6,120.0,star,37.13
38.13,position,Sheep,14,100,25,244.0,241.6,300.3,303.5,83.7,,38.13
38.13,enemy_proximity,Sheep,14,100,25,244.0,241.6,300.3,303.5,83.7,,38.13
38.92,item_collect,Sheep,16,100,25,163.0,211.6,273.3,263.7,122.0,star,38.92
39.13,position,Sheep,16,100,25,145.0,196.6,267.3,251.2,134.0,,39.13
40.13,position,Sheep,16,100,25,106.0,145.6,209.1,221.3,127.9,,40.13
41.13,position,Sheep,16,100,25,130.0,115.6,150.4,191.8,78.9,,41.13
41.13,enemy_proximity,Sheep,16,100,25,130.0,115.6,150.4,191.8,78.9,,41.13
41.3,item_collect,Sheep,16,100,25,160.0,115.6,139.2,187.5,74.8,heal,41.3
42.14,position,Sheep,16,100,25,253.0,121.6,121.5,133.1,132.0,,42.14
43.15,position,Sheep,16,100,25,295.0,154.6,191.8,121.0,108.5,,43.15
44.15,position,Sheep,16,100,25,352.0,85.6,263.8,120.1,94.7,,44.15
44.15,enemy_proximity,Sheep,16,100,25,352.0,85.6,263.8,120.1,94.7,,44.15
45.16,position,Sheep,16,100,25,421.0,28.6,324.2,94.3,117.0,,45.16
46.0,damage,Sheep,16,75,25,400.0,121.6,374.8,113.9,26.4,,46.0
46.17,position,Sheep,16,75,25,370.0,121.6,374.8,113.9,9.1,,46.17
46.17,enemy_proximity,Sheep,16,75,25,370.0,121.6,374.8,113.9,9.1,,46.17
47.17,position,Sheep,16,75,25,391.0,193.6,374.8,113.9,81.4,,47.17
47.17,enemy_proximity,Sheep,16,75,25,391.0,193.6,374.8,113.9,81.4,,47.17
47.32,item_collect,Sheep,18,75,25,391.0,220.6,374.8,113.9,108.0,star,47.32
48.18,position,Sheep,18,75,25,361.0,301.6,379.4,124.9,177.6,,48.18
48.8,item_collect,Sheep,20,75,25,265.0,310.6,388.0,168.2,188.2,star,48.8
49.18,position,Sheep,20,76,25,265.0,367.6,384.3,197.2,208.0,,49.18
50.11,item_collect,Sheep,20,97,25,223.0,355.6,311.1,214.5,166.4,heal,50.11
50.18,position,Sheep,20,97,25,211.0,355.6,308.9,219.6,167.6,,50.18
51.18,position,Sheep,20,98,25,166.0,391.6,230.5,239.2,165.5,,51.18
52.18,position,Sheep,20,99,25,190.0,541.6,210.7,314.7,227.9,,52.18
53.19,position,Sheep,20,100,25,361.0,535.6,191.9,388.3,224.3,,53.19
54.19,position,Sheep,20,100,25,421.0,433.6,185.7,467.8,237.8,,54.19
55.2,position,Sheep,20,90,25,422.2,311.2,258.8,455.2,217.8,,55.2
56.19,position,Sheep,20,80,25,422.2,278.8,329.0,423.7,172.2,,56.19
56.95,item_collect,Sheep,22,80,25,490.6,264.4,357.5,376.7,174.1,star,56.95
57.2,position,Sheep,22,80,25,511.6,258.4,358.8,355.8,181.2,,57.2
57.91,item_collect,Sheep,22,100,25,475.6,192.4,359.9,295.6,155.0,heal,57.91
58.2,position,Sheep,22,100,25,475.6,144.4,360.0,271.8,172.0,,58.2
58.73,item_collect,Sheep,22,100,25,526.6,129.4,360.0,227.0,193.1,clock,58.73
59.2,position,Sheep,22,100,25,568.6,117.4,381.9,198.7,203.6,,59.2
60.2,position,Sheep,22,100,25,628.6,45.4,395.2,131.7,248.9,,60.2
60.35,item_collect,Sheep,22,100,25,628.6,99.4,405.1,125.0,224.9,wall,60.35
60.8,item_collect,Sheep,24,100,25,670.6,177.4,427.6,98.2,255.6,star,60.8
60.96,item_collect,Sheep,26,100,25,700.6,177.4,441.1,94.9,272.3,star,60.96
61.2,position,Sheep,26,100,25,703.6,177.4,460.5,92.5,257.5,,61.2
62.2,position,Sheep,26,100,25,661.6,195.4,510.9,136.3,161.9,,62.2
62.75,item_collect,Sheep,26,100,25,640.6,270.4,555.2,147.7,149.5,clock,62.75
63.2,position,Sheep,26,100,25,598.6,300.4,565.8,183.6,121.3,,63.2
64.2,position,Sheep,26,90,25,533.8,355.6,593.9,256.4,116.0,,64.2
65.21,position,Sheep,26,90,25,508.6,324.4,549.8,305.6,45.3,,65.21
65.21,enemy_proximity,Sheep,26,90,25,508.6,324.4,549.8,305.6,45.3,,65.21
66.21,position,Sheep,26,91,25,413.8,281.2,474.2,329.0,77.0,,66.21
66.21,enemy_proximity,Sheep,26,91,25,413.8,281.2,474.2,329.0,77.0,,66.21
67.22,position,Sheep,26,92,25,392.8,200.2,403.2,303.7,104.1,,67.22
68.22,position,Sheep,26,93,25,422.8,101.2,390.5,221.5,124.6,,68.22
68.22,item_collect,Sheep,28,93,25,422.8,101.2,390.5,221.5,124.6,star,68.22
68.84,item_collect,Sheep,30,93,25,401.8,23.2,390.1,169.7,147.0,star,68.84
69.0,item_collect,Sheep,30,93,25,371.8,23.2,386.9,156.4,134.0,clock,69.0
69.22,position,Sheep,30,94,25,353.8,23.2,370.6,147.1,125.0,,69.22
70.21,position,Sheep,30,95,25,419.8,119.2,360.3,65.1,80.4,,70.21
70.21,enemy_proximity,Sheep,30,95,25,419.8,119.2,360.3,65.1,80.4,,70.21
70.51,damage,Sheep,30,45,25,365.8,119.2,360.1,93.9,25.9,,70.51
71.22,position,Sheep,30,45,25,392.8,155.2,374.4,142.5,22.3,,71.22
71.22,enemy_proximity,Sheep,30,45,25,392.8,155.2,374.4,142.5,22.3,,71.22
72.23,position,Sheep,30,45,25,353.8,257.2,368.3,217.5,42.3,,72.23
72.23,enemy_proximity,Sheep,30,45,25,353.8,257.2,368.3,217.5,42.3,,72.23
72.36,item_collect,Sheep,32,45,25,353.8,251.2,365.3,226.5,27.2,star,72.36
72.53,damage,Sheep,32,-5,25,368.8,248.2,365.3,226.5,21.9,,72.53
72.53,game_over,Sheep,32,0,25,368.8,248.2,365.3,226.5,21.9,,72.53
1.02,position,Sheep,0,100,25,390,270,73.6,57.0,381.4,,1.02
2.01,position,Sheep,0,100,25,363,270,114.2,86.1,309.4,,2.01
3.0,position,Sheep,0,100,25,312,294,119.3,145.7,243.1,,3.0
4.0,position,Sheep,0,100,25,270,279,143.8,194.7,151.8,,4.0
5.0,position,Sheep,0,100,25,309,300,197.7,214.1,140.6,,5.0
6.0,position,Sheep,0,100,25,390,177,249.3,237.0,153.0,,6.0
6.9,item_collect,Sheep,0,100,25,459,87,293.7,223.0,214.1,clock,6.9
7.0,position,Sheep,0,100,25,495,87,299.3,221.0,237.2,,7.0
7.99,position,Sheep,0,100,25,591,147,358.2,211.4,241.6,,7.99
8.99,position,Sheep,0,90,25,571.8,102.6,406.4,185.5,185.0,,8.99
8.99,item_collect,Sheep,2,90,25,571.8,102.6,406.4,185.5,185.0,star,8.99
9.99,position,Sheep,2,90,25,571.8,219.0,465.1,178.9,114.0,,9.99
10.99,position,Sheep,2,80,25,503.4,258.0,499.2,214.2,44.0,,10.99
10.99,enemy_proximity,Sheep,2,80,25,503.4,258.0,499.2,214.2,44.0,,10.99
11.99,position,Sheep,2,81,25,377.4,237.0,490.9,262.6,116.3,,11.99
12.99,position,Sheep,2,82,25,257.4,120.0,431.4,269.3,229.3,,12.99
13.19,item_collect,Sheep,2,82,25,221.4,117.0,419.4,269.5,249.9,clock,13.19
14.0,position,Sheep,2,83,25,83.4,207.0,372.6,268.1,295.6,,14.0
14.99,position,Sheep,2,84,25,113.4,81.0,349.1,218.2,272.7,,14.99
15.7,item_collect,Sheep,2,100,25,26.4,132.0,311.0,205.4,294.0,heal,15.7
15.7,item_collect,Sheep,2,100,25,26.4,132.0,311.0,205.4,294.0,clock,15.7
15.98,position,Sheep,2,100,25,26.4,144.0,305.3,189.5,282.6,,15.98
16.37,item_collect,Sheep,2,100,25,122.4,162.0,302.3,166.8,179.9,wall,16.37
16.99,position,Sheep,2,100,25,266.4,258.0,295.2,167.0,95.4,,16.99
16.99,enemy_proximity,Sheep,2,100,25,266.4,258.0,295.2,167.0,95.4,,16.99
17.98,position,Sheep,2,100,25,265.0,268.0,299.0,212.8,64.8,,17.98
17.98,enemy_proximity,Sheep,2,100,25,265.0,268.0,299.0,212.8,64.8,,17.98
18.45,damage,Sheep,2,50,25,265.0,250.0,285.2,232.1,27.0,,18.45
18.97,position,Sheep,2,50,25,205.0,235.0,256.8,237.3,51.8,,18.97
18.97,enemy_proximity,Sheep,2,50,25,205.0,235.0,256.8,237.3,51.8,,18.97
19.96,position,Sheep,2,50,25,212.5,392.5,215.4,264.7,127.8,,19.96
20.96,position,Sheep,2,50,25,161.5,392.5,210.6,324.4,84.0,,20.96
20.96,enemy_proximity,Sheep,2,50,25,161.5,392.5,210.6,324.4,84.0,,20.96
21.23,item_collect,Sheep,4,50,25,113.5,371.5,210.4,336.4,103.0,star,21.23
21.97,position,Sheep,4,51,25,146.5,323.5,190.7,305.7,47.7,,21.97
21.97,enemy_proximity,Sheep,4,51,25,146.5,323.5,190.7,305.7,47.7,,21.97
22.97,position,Sheep,4,52,25,116.5,338.5,140.2,321.7,29.0,,22.97
22.97,enemy_proximity,Sheep,4,52,25,116.5,338.5,140.2,321.7,29.0,,22.97
22.99,damage,Sheep,4,2,25,119.5,341.5,139.2,322.1,27.7,,22.99
23.97,position,Sheep,4,2,25,182.5,401.5,122.8,375.1,65.2,,23.97
23.97,enemy_proximity,Sheep,4,2,25,182.5,401.5,122.8,375.1,65.2,,23.97
24.96,position,Sheep,4,2,25,254.5,353.5,180.7,388.1,81.5,,24.96
24.96,enemy_proximity,Sheep,4,2,25,254.5,353.5,180.7,388.1,81.5,,24.96
25.68,item_collect,Sheep,4,2,25,323.5,428.5,213.8,369.8,124.4,trap,25.68
25.96,position,Sheep,4,3,25,332.5,428.5,230.1,365.2,120.4,,25.96
26.89,item_collect,Sheep,4,3,25,368.5,479.5,277.3,380.7,134.5,clock,26.89
26.96,position,Sheep,4,4,25,392.5,473.5,281.0,382.2,144.1,,26.96
27.95,position,Sheep,4,5,25,554.5,413.5,325.2,414.8,229.3,,27.95
28.07,item_collect,Sheep,4,25,25,572.5,431.5,332.1,415.8,240.9,heal,28.07
28.8,item_collect,Sheep,4,45,25,656.5,461.5,332.2,454.1,324.4,heal,28.8
28.95,position,Sheep,4,46,25,656.5,419.5,331.4,463.1,328.0,,28.95
29.95,position,Sheep,4,47,25,617.5,362.5,353.5,473.0,286.2,,29.95
30.95,position,Sheep,4,48,25,533.5,335.5,377.1,477.2,211.0,,30.95
31.95,position,Sheep,4,49,25,500.5,323.5,401.1,478.8,184.4,,31.95
32.95,position,Sheep,4,50,25,413.5,290.5,418.1,426.4,135.9,,32.95
33.69,item_collect,Sheep,4,50,25,353.5,278.5,398.9,395.6,125.6,clock,33.69
33.94,position,Sheep,4,51,25,347.5,332.5,384.1,393.5,71.1,,33.94
33.94,enemy_proximity,Sheep,4,51,25,347.5,332.5,384.1,393.5,71.1,,33.94
34.93,position,Sheep,4,52,25,263.5,236.5,361.9,344.6,146.2,,34.93
35.93,position,Sheep,4,53,23.5,226.0,236.5,320.9,307.9,118.8,,35.93
36.93,position,Sheep,4,54,0.1,223.4,173.5,275.5,281.3,119.7,,36.93
37.93,position,Sheep,4,44,0.1,242.0,106.9,249.2,234.5,127.8,,37.93
38.92,position,Sheep,4,44,-0.5,320.3,84.7,239.0,192.6,135.1,,38.92
39.91,position,Sheep,4,45,3.1,420.8,98.2,212.8,144.5,213.0,,39.91
40.92,position,Sheep,4,46,1.9,606.8,144.7,258.8,122.3,348.7,,40.92
41.91,position,Sheep,4,47,7.9,624.8,270.7,288.6,149.8,357.2,,41.91
42.91,position,Sheep,4,48,0.1,533.3,338.2,310.7,200.7,261.7,,42.91
43.9,position,Sheep,4,49,5.5,473.3,438.7,353.8,230.6,239.9,,43.9
44.89,position,Sheep,4,50,11.5,473.3,432.7,364.5,287.0,181.8,,44.89
45.89,position,Sheep,4,51,17.5,482.3,525.7,360.5,346.8,216.4,,45.89
46.89,position,Sheep,4,52,23.5,542.3,489.7,390.2,384.8,184.7,,46.89
47.88,position,Sheep,4,53,25.0,656.3,348.7,417.0,368.6,240.1,,47.88
48.89,position,Sheep,4,54,25.0,662.3,264.7,452.3,334.2,221.2,,48.89
49.89,position,Sheep,4,55,25.0,656.3,264.7,512.1,330.5,158.5,,49.89
50.88,position,Sheep,4,56,25.0,656.3,264.7,560.5,304.9,103.8,,50.88
51.88,position,Sheep,4,57,25.0,656.3,186.7,608.1,278.3,103.5,,51.88
52.22,item_collect,Sheep,4,57,25.0,698.3,174.7,627.5,274.2,122.1,wall,52.22
52.88,position,Sheep,4,58,25.0,710.3,132.7,650.1,260.3,141.1,,52.88
53.05,item_collect,Sheep,4,58,25.0,710.3,102.7,653.9,251.1,158.8,trap,53.05
53.21,item_collect,Sheep,6,58,25.0,688.0,28.0,655.4,241.3,215.7,star,53.21
53.74,item_collect,Sheep,8,59,25.0,703.0,46.0,658.6,209.5,169.4,star,53.74
53.88,position,Sheep,8,59,25.0,721.0,46.0,659.0,201.5,167.4,,53.88
54.88,position,Sheep,8,60,25.0,680.5,122.5,634.0,153.1,55.6,,54.88
54.88,enemy_proximity,Sheep,8,60,25.0,680.5,122.5,634.0,153.1,55.6,,54.88
55.04,damage,Sheep,8,10,25.0,650.5,122.5,632.8,143.1,27.2,,55.04
55.44,item_collect,Sheep,10,10,25.0,623.5,71.5,631.2,121.2,50.3,star,55.44
55.87,position,Sheep,10,10,25.0,581.5,23.5,630.3,90.2,82.7,,55.87
55.87,enemy_proximity,Sheep,10,10,25.0,581.5,23.5,630.3,90.2,82.7,,55.87
55.87,item_collect,Sheep,12,10,25.0,581.5,23.5,630.3,90.2,82.7,star,55.87
56.87,position,Sheep,12,10,25.0,446.5,92.5,606.5,35.1,170.0,,56.87
57.49,item_collect,Sheep,14,10,25.0,389.5,128.5,561.1,30.9,197.4,star,57.49
57.86,position,Sheep,14,10,25.0,392.5,149.5,534.7,30.3,185.5,,57.86
58.86,position,Sheep,14,11,25.0,353.5,290.5,484.9,59.6,265.7,,58.86
59.86,position,Sheep,14,12,25.0,326.5,422.5,431.2,92.5,346.2,,59.86
60.86,position,Sheep,14,13,25.0,266.5,470.5,394.1,146.7,348.0,,60.86
61.35,item_collect,Sheep,16,14,25.0,251.5,542.5,391.1,182.6,386.1,star,61.35
61.85,position,Sheep,16,14,25.0,173.5,542.5,368.8,203.9,390.8,,61.85
62.79,item_collect,Sheep,16,15,25.0,101.5,446.5,308.4,221.3,305.8,shield,62.79
62.84,position,Sheep,16,15,25.0,92.5,446.5,307.0,224.6,308.6,,62.84
63.32,item_collect,Sheep,16,36,25.0,71.5,482.5,274.2,235.5,319.5,heal,63.32
63.63,item_collect,Sheep,16,36,25.0,23.5,488.5,251.6,238.3,338.6,clock,63.63
63.83,position,Sheep,16,36,25.0,23.5,542.5,237.2,238.9,371.3,,63.83
64.61,item_collect,Sheep,18,37,25.0,71.5,386.5,213.0,280.8,176.6,star,64.61
64.83,position,Sheep,18,37,25.0,125.5,386.5,201.6,289.6,123.2,,64.83
65.82,position,Sheep,18,38,25.0,212.5,371.5,182.0,303.3,74.7,,65.82
65.82,enemy_proximity,Sheep,18,38,25.0,212.5,371.5,182.0,303.3,74.7,,65.82
66.82,position,Sheep,18,39,25.0,131.5,392.5,208.0,358.4,83.8,,66.82
66.82,enemy_proximity,Sheep,18,39,25.0,131.5,392.5,208.0,358.4,83.8,,66.82
67.56,item_collect,Sheep,18,40,25.0,23.5,428.5,175.3,386.1,157.6,shield,67.56
67.82,position,Sheep,18,40,25.0,23.5,476.5,156.2,388.3,159.4,,67.82
68.81,position,Sheep,18,41,25.0,107.5,542.5,96.5,407.6,135.3,,68.81
69.81,position,Sheep,18,42,25.0,35.5,542.5,77.9,471.2,82.9,,69.81
69.81,enemy_proximity,Sheep,18,42,25.0,35.5,542.5,77.9,471.2,82.9,,69.81
70.8,position,Sheep,18,43,25.0,122.5,479.5,52.9,487.0,70.0,,70.8
70.8,enemy_proximity,Sheep,18,43,25.0,122.5,479.5,52.9,487.0,70.0,,70.8
71.79,position,Sheep,18,44,25.0,197.5,383.5,90.1,439.5,121.1,,71.79
72.78,position,Sheep,18,45,25.0,209.5,230.5,112.2,378.3,176.9,,72.78
73.33,item_collect,Sheep,20,46,25.0,209.5,131.5,121.6,341.6,227.7,star,73.33
73.49,item_collect,Sheep,20,46,25.0,209.5,101.5,134.4,336.4,246.6,wall,73.49
73.78,position,Sheep,20,46,25.0,191.5,53.5,142.7,317.1,268.1,,73.78
74.61,item_collect,Sheep,20,67,25.0,41.5,53.5,126.1,274.9,237.0,heal,74.61
74.78,position,Sheep,20,67,25.0,23.5,53.5,112.2,273.0,236.7,,74.78
75.76,position,Sheep,20,68,25.0,86.5,53.5,90.8,198.2,144.8,,75.76
76.76,position,Sheep,20,69,25.0,206.5,23.5,115.2,125.5,136.8,,76.76
77.75,position,Sheep,20,70,25.0,302.5,23.5,140.6,52.7,164.5,,77.75
78.74,position,Sheep,20,71,25.0,302.5,167.5,202.8,52.5,152.2,,78.74
79.74,position,Sheep,20,72,25.0,263.5,272.5,209.7,136.0,146.7,,79.74
80.32,item_collect,Sheep,22,73,25.0,278.5,299.5,209.9,185.0,133.5,star,80.32
80.74,position,Sheep,22,73,25.0,353.5,293.5,210.0,220.0,161.3,,80.74
81.73,position,Sheep,22,74,25.0,413.5,173.5,285.8,236.6,142.4,,81.73
82.74,position,Sheep,22,75,25.0,488.5,143.5,360.2,211.2,145.1,,82.74
83.72,position,Sheep,22,76,25.0,632.5,149.5,432.0,182.2,203.1,,83.72
84.07,item_collect,Sheep,24,77,25.0,641.5,182.5,461.4,180.8,180.1,star,84.07
84.72,position,Sheep,24,77,25.0,653.5,239.5,504.0,154.5,172.0,,84.72
85.73,position,Sheep,24,78,25.0,626.5,302.5,564.8,182.1,135.3,,85.73
86.72,position,Sheep,24,79,25.0,554.5,362.5,593.4,254.4,114.9,,86.72
87.32,item_collect,Sheep,26,80,25.0,584.5,374.5,580.3,293.4,81.2,star,87.32
87.72,position,Sheep,26,80,25.0,584.5,392.5,550.6,303.1,95.6,,87.72
87.72,enemy_proximity,Sheep,26,80,25.0,584.5,392.5,550.6,303.1,95.6,,87.72
88.71,position,Sheep,26,81,25.0,563.5,452.5,564.1,376.5,76.0,,88.71
88.71,enemy_proximity,Sheep,26,81,25.0,563.5,452.5,564.1,376.5,76.0,,88.71
89.7,position,Sheep,26,82,25.0,548.5,542.5,543.5,450.3,92.4,,89.7
89.7,enemy_proximity,Sheep,26,82,25.0,548.5,542.5,543.5,450.3,92.4,,89.7
89.72,item_collect,Sheep,28,82,25.0,551.5,542.5,543.3,451.7,91.2,star,89.72
90.7,position,Sheep,28,83,25.0,638.5,473.5,540.2,497.8,101.3,,90.7
91.7,position,Sheep,28,84,25.0,653.5,344.5,566.2,427.9,120.7,,91.7
92.03,item_collect,Sheep,30,85,25.0,698.5,323.5,568.8,400.0,150.6,star,92.03
92.68,position,Sheep,30,85,25.0,719.5,263.5,604.9,363.7,152.2,,92.68
93.68,position,Sheep,30,86,25.0,657.1,257.5,688.6,334.0,82.7,,93.68
93.68,enemy_proximity,Sheep,30,86,25.0,657.1,257.5,688.6,334.0,82.7,,93.68
94.68,position,Sheep,30,86,25.0,624.1,167.5,690.9,274.5,126.2,,94.68
95.68,position,Sheep,30,87,25.0,591.1,23.5,660.6,195.5,185.5,,95.68
96.66,position,Sheep,30,88,25.0,474.1,53.5,585.3,151.9,148.5,,96.66
97.66,position,Sheep,30,89,25.0,411.1,122.5,513.9,118.1,102.8,,97.66
98.65,position,Sheep,30,90,25.0,339.1,92.5,433.2,92.0,94.1,,98.65
98.65,enemy_proximity,Sheep,30,90,25.0,339.1,92.5,433.2,92.0,94.1,,98.65
99.65,position,Sheep,30,91,25.0,246.1,23.5,357.5,100.4,135.4,,99.65
100.65,position,Sheep,30,92,25.0,204.1,32.5,301.6,42.5,98.0,,100.65
100.65,enemy_proximity,Sheep,30,92,25.0,204.1,32.5,301.6,42.5,98.0,,100.65
101.03,item_collect,Sheep,30,93,25.0,204.1,68.5,266.3,33.3,71.5,wall,101.03
101.64,position,Sheep,30,93,25.0,96.1,113.5,244.0,31.3,169.2,,101.64
101.91,item_collect,Sheep,30,94,25.0,93.1,161.5,229.6,30.8,189.0,trap,101.91
102.64,position,Sheep,30,94,25.0,84.1,188.5,161.2,33.0,173.6,,102.64
102.99,item_collect,Sheep,30,95,25.0,84.1,218.5,137.1,52.9,173.9,trap,102.99
103.63,position,Sheep,30,95,25.0,84.1,332.5,121.6,110.8,224.8,,103.63
104.63,position,Sheep,30,96,25.0,150.1,332.5,97.4,189.3,152.6,,104.63
105.02,item_collect,Sheep,30,100,25.0,150.1,281.5,94.4,204.3,95.2,heal,105.02
105.62,position,Sheep,30,100,25.0,153.1,293.5,91.8,227.2,90.3,,105.62
105.62,enemy_proximity,Sheep,30,100,25.0,153.1,293.5,91.8,227.2,90.3,,105.62
106.62,position,Sheep,30,100,25.0,210.1,203.5,94.8,252.2,125.1,,106.62
107.62,position,Sheep,30,100,25.0,240.1,92.5,91.0,208.3,188.8,,107.62
108.61,position,Sheep,30,100,25.0,300.1,209.5,123.5,129.9,193.7,,108.61
109.59,position,Sheep,30,100,25.0,369.1,203.5,218.5,120.3,172.0,,109.59
110.58,position,Sheep,30,100,25.0,369.1,302.5,292.1,161.3,160.9,,110.58
111.57,position,Sheep,30,100,25.0,360.1,323.5,350.4,219.2,104.8,,111.57
111.68,item_collect,Sheep,30,100,25.0,360.1,338.5,353.8,229.7,109.0,trap,111.68
112.57,position,Sheep,30,100,25.0,294.1,422.5,359.7,314.2,126.6,,112.57
113.45,item_collect,Sheep,32,100,25.0,264.1,488.5,360.0,399.0,131.2,star,113.45
113.56,position,Sheep,32,100,25.0,264.1,509.5,355.7,407.5,137.1,,113.56
113.91,item_collect,Sheep,32,100,25.0,312.1,542.5,323.7,416.6,126.5,trap,113.91
114.57,damage,Sheep,32,50,25.0,360.1,491.5,341.9,470.7,27.7,,114.57
114.57,position,Sheep,32,50,25.0,360.1,491.5,341.9,470.7,27.7,,114.57
114.57,enemy_proximity,Sheep,32,50,25.0,360.1,491.5,341.9,470.7,27.7,,114.57
115.12,item_collect,Sheep,32,50,25.0,420.1,461.5,387.4,478.1,36.6,clock,115.12
115.36,item_collect,Sheep,32,50,25.0,420.1,371.5,398.9,478.8,109.3,wall,115.36
115.56,position,Sheep,32,50,25.0,420.1,299.5,405.3,476.8,177.9,,115.56
116.55,position,Sheep,32,50,25.0,360.1,83.5,415.4,446.3,367.0,,116.55
117.55,position,Sheep,32,51,25.0,402.1,23.5,419.0,408.1,385.0,,117.55
118.53,position,Sheep,32,52,25.0,420.1,80.5,419.9,345.7,265.2,,118.53
119.54,position,Sheep,32,53,25.0,474.1,92.5,417.1,251.6,169.1,,119.54
119.63,item_collect,Sheep,34,53,25.0,492.1,92.5,408.2,247.8,176.5,star,119.63
120.53,position,Sheep,34,54,25.0,516.1,152.5,417.3,185.2,104.1,,120.53
121.52,position,Sheep,34,55,25.0,573.1,152.5,500.8,155.0,72.4,,121.52
121.52,enemy_proximity,Sheep,34,55,25.0,573.1,152.5,500.8,155.0,72.4,,121.52
122.2,item_collect,Sheep,34,55,25.0,582.1,242.5,560.1,160.6,84.8,trap,122.2
122.52,position,Sheep,34,56,25.0,600.1,260.5,566.6,190.1,78.0,,122.52
122.52,enemy_proximity,Sheep,34,56,25.0,600.1,260.5,566.6,190.1,78.0,,122.52
123.51,position,Sheep,34,57,25.0,534.1,356.5,596.5,274.1,103.4,,123.51
124.02,item_collect,Sheep,34,77,25.0,612.1,362.5,561.8,296.4,83.1,heal,124.02
124.19,item_collect,Sheep,34,77,25.0,642.1,362.5,551.9,302.4,108.4,trap,124.19
124.5,position,Sheep,34,78,25.0,660.1,404.5,547.1,313.6,145.1,,124.5
124.85,item_collect,Sheep,36,78,25.0,669.1,416.5,544.9,326.8,153.2,star,124.85
125.5,position,Sheep,36,79,25.0,711.1,419.5,548.4,348.0,177.7,,125.5
126.49,position,Sheep,36,80,25.0,720.1,413.5,585.5,357.0,146.0,,126.49
127.48,position,Sheep,36,81,25.0,720.1,263.5,644.9,359.7,122.1,,127.48
128.47,position,Sheep,36,82,25.0,654.1,230.5,714.6,309.7,99.6,,128.47
128.47,enemy_proximity,Sheep,36,82,25.0,654.1,230.5,714.6,309.7,99.6,,128.47
129.47,position,Sheep,36,83,25.0,624.1,68.5,665.2,251.2,187.3,,129.47
130.46,position,Sheep,36,84,25.0,588.1,23.5,636.5,167.9,152.3,,130.46
131.45,position,Sheep,36,85,25.0,474.1,92.5,545.4,150.4,91.8,,131.45
131.45,enemy_proximity,Sheep,36,85,25.0,474.1,92.5,545.4,150.4,91.8,,131.45
132.44,position,Sheep,36,86,25.0,402.1,23.5,488.1,95.0,111.8,,132.44
133.44,position,Sheep,36,87,25.0,354.1,80.5,416.6,108.3,68.4,,133.44
133.44,enemy_proximity,Sheep,36,87,25.0,354.1,80.5,416.6,108.3,68.4,,133.44
133.61,item_collect,Sheep,38,87,25.0,342.1,92.5,401.8,114.3,63.6,star,133.61
134.43,position,Sheep,38,88,25.0,294.1,161.5,332.9,93.9,77.9,,134.43
134.43,enemy_proximity,Sheep,38,88,25.0,294.1,161.5,332.9,93.9,77.9,,134.43
135.43,position,Sheep,38,89,25.0,207.1,242.5,300.8,166.5,120.6,,135.43
135.85,item_collect,Sheep,40,89,25.0,192.1,293.5,300.2,206.5,138.7,star,135.85
136.44,position,Sheep,40,90,25.0,144.1,293.5,257.6,237.3,126.7,,136.44
137.27,item_collect,Sheep,40,90,25.0,84.1,251.5,204.3,288.4,125.7,trap,137.27
137.43,position,Sheep,40,91,25.0,81.1,221.5,187.5,294.6,129.1,,137.43
138.33,item_collect,Sheep,42,91,25.0,42.1,242.5,103.0,269.8,66.8,star,138.33
138.43,position,Sheep,42,92,25.0,27.1,242.5,98.7,259.9,73.7,,138.43
138.43,enemy_proximity,Sheep,42,92,25.0,27.1,242.5,98.7,259.9,73.7,,138.43
139.43,position,Sheep,42,93,25.0,45.1,332.5,42.9,242.9,89.6,,139.43
139.43,enemy_proximity,Sheep,42,93,25.0,45.1,332.5,42.9,242.9,89.6,,139.43
140.42,position,Sheep,42,94,25.0,150.1,290.5,32.6,257.4,122.0,,140.42
141.41,position,Sheep,42,95,25.0,210.1,269.5,69.9,243.4,142.6,,141.41
142.4,position,Sheep,42,96,25.0,210.1,89.5,91.1,162.1,139.4,,142.4
143.4,position,Sheep,42,97,25.0,210.1,173.5,181.1,121.2,59.8,,143.4
143.4,enemy_proximity,Sheep,42,97,25.0,210.1,173.5,181.1,121.2,59.8,,143.4
144.39,position,Sheep,42,98,25.0,210.1,353.5,209.5,212.1,141.4,,144.39
145.39,position,Sheep,42,99,25.0,105.1,392.5,176.5,295.9,120.1,,145.39
146.1,item_collect,Sheep,42,99,25.0,72.1,482.5,125.9,343.3,149.2,clock,146.1
146.38,position,Sheep,42,100,25.0,66.1,482.5,121.9,373.6,122.3,,146.38
146.73,item_collect,Sheep,42,100,25.0,120.1,458.5,98.0,398.8,63.6,wall,146.73
146.85,damage,Sheep,42,50,25.0,120.1,416.5,96.1,403.9,27.1,,146.85
147.38,position,Sheep,42,50,25.0,294.1,386.5,140.9,392.4,153.3,,147.38
148.37,position,Sheep,42,50,25.0,420.1,284.5,220.7,366.7,215.7,,148.37
149.36,position,Sheep,42,50,25.0,501.1,263.5,289.9,306.0,215.5,,149.36
150.12,item_collect,Sheep,42,71,25.0,477.1,278.5,360.6,280.4,116.5,heal,150.12
150.35,position,Sheep,42,71,25.0,474.1,320.5,382.5,278.1,100.9,,150.35
151.35,position,Sheep,42,72,25.0,474.1,500.5,422.3,360.2,149.5,,151.35
152.34,position,Sheep,42,73,25.0,482.3,500.5,450.7,445.3,63.6,,152.34
152.34,enemy_proximity,Sheep,42,73,25.0,482.3,500.5,450.7,445.3,63.6,,152.34
152.64,damage,Sheep,42,23,25.0,482.3,488.5,472.5,463.9,26.5,,152.64
153.22,item_collect,Sheep,42,23,25.0,521.3,512.5,477.3,492.2,48.5,clock,153.22
153.34,position,Sheep,42,23,25.0,539.3,512.5,487.3,498.8,53.8,,153.34
153.34,enemy_proximity,Sheep,42,23,25.0,539.3,512.5,487.3,498.8,53.8,,153.34
154.34,position,Sheep,42,23,25.0,539.3,416.5,539.0,441.5,25.0,,154.34
154.34,enemy_proximity,Sheep,42,23,25.0,539.3,416.5,539.0,441.5,25.0,,154.34
154.63,damage,Sheep,42,-27,25.0,569.3,416.5,552.7,427.1,19.7,,154.63
154.63,game_over,Sheep,42,0,25.0,569.3,416.5,552.7,427.1,19.7,,154.63
1.07,position,Rabbit,0,200,75,390,270,73.6,57.0,381.4,,1.07
2.06,position,Rabbit,0,200,75,390,270,114.2,86.1,331.5,,2.06
3.06,position,Rabbit,0,200,75,435,270,156.3,116.3,318.3,,3.06
4.06,position,Rabbit,0,200,75,411,300,206.9,130.2,265.5,,4.06
5.05,position,Rabbit,0,200,75,420,345,209.6,190.1,261.2,,5.05
6.04,position,Rabbit,0,200,75,435,330,233.9,233.4,223.1,,6.04
6.18,item_collect,Rabbit,1,200,75,459,330,241.8,234.8,237.2,star,6.18
6.68,item_collect,Rabbit,1,200,75,540,312,261.8,252.5,284.5,shield,6.68
7.05,position,Rabbit,1,200,75,585,294,265.8,274.1,319.8,,7.05
8.03,position,Rabbit,1,200,75,573,234,314.5,297.6,266.3,,8.03
9.02,position,Rabbit,1,200,75,471,180,354.8,271.5,147.8,,9.02
10.02,position,Rabbit,1,200,75,372,117,370.2,218.8,101.8,,10.02
11.01,position,Rabbit,1,200,75,297,90,388.2,163.9,117.4,,11.01
11.71,item_collect,Rabbit,1,200,75,222,114,364.9,132.5,144.1,clock,11.71
12.01,position,Rabbit,1,200,75,144,120,362.9,114.6,218.9,,12.01
13.0,position,Rabbit,1,200,75,216,120,314.5,91.9,102.4,,13.0
13.82,item_collect,Rabbit,1,200,75,204,219,275.5,115.4,125.9,heal,13.82
14.0,position,Rabbit,1,200,75,204,252,264.6,116.8,148.1,,14.0
14.99,position,Rabbit,1,200,75,240,207,216.7,137.0,73.8,,14.99
14.99,enemy_proximity,Rabbit,1,200,75,240,207,216.7,137.0,73.8,,14.99
15.94,item_collect,Rabbit,2,200,75,309,204,210.9,193.6,98.7,star,15.94
15.99,position,Rabbit,2,200,75,318,204,212.6,195.6,105.8,,15.99
16.97,position,Rabbit,2,200,75,438,270,253.9,233.2,187.7,,16.97
17.97,position,Rabbit,2,200,75,481.5,300,304.5,219.4,194.5,,17.97
18.97,position,Rabbit,2,200,75,514.5,324,352.3,229.1,187.9,,18.97
19.51,item_collect,Rabbit,3,200,75,550.5,294,363.4,257.6,190.6,star,19.51
19.96,position,Rabbit,3,200,75,535.5,294,389.1,265.1,149.2,,19.96
20.96,position,Rabbit,3,200,75,541.5,324,411.9,309.8,130.3,,20.96
21.96,position,Rabbit,3,200,75,547.5,360,466.7,327.8,87.0,,21.96
21.96,enemy_proximity,Rabbit,3,200,75,547.5,360,466.7,327.8,87.0,,21.96
22.17,item_collect,Rabbit,3,200,75,550.5,360,479.6,328.5,77.6,clock,22.17
22.57,item_collect,Rabbit,4,200,75,598.5,372,503.6,329.4,104.0,star,22.57
22.96,position,Rabbit,4,200,75,568.5,390,525.5,331.5,72.6,,22.96
22.96,enemy_proximity,Rabbit,4,200,75,568.5,390,525.5,331.5,72.6,,22.96
23.94,item_collect,Rabbit,5,200,75,640.5,480,562.4,372.5,132.8,star,23.94
23.96,position,Rabbit,5,200,75,646.5,480,562.8,373.5,135.5,,23.96
24.95,position,Rabbit,5,200,75,640.5,474,569.1,433.0,82.3,,24.95
24.95,enemy_proximity,Rabbit,5,200,75,640.5,474,569.1,433.0,82.3,,24.95
25.94,position,Rabbit,5,200,75,658.5,378,609.9,471.2,105.1,,25.94
26.14,item_collect,Rabbit,5,200,75,658.5,342,621.4,474.3,137.4,clock,26.14
26.95,position,Rabbit,5,200,75,688.5,324,653.7,454.9,135.4,,26.95
27.95,position,Rabbit,5,200,75,634.5,264,659.4,395.3,133.6,,27.95
28.94,position,Rabbit,5,200,75,595.5,240,628.3,362.1,126.5,,28.94
29.17,item_collect,Rabbit,5,200,75,553.5,240,614.4,361.1,135.5,clock,29.17
29.93,position,Rabbit,5,200,75,475.5,204,568.4,360.2,181.7,,29.93
30.72,item_collect,Rabbit,6,200,75,523.5,114,543.1,329.8,216.7,star,30.72
30.92,position,Rabbit,6,200,75,505.5,114,531.1,329.9,217.4,,30.92
31.91,position,Rabbit,6,200,75,415.5,114,472.4,329.0,222.4,,31.91
32.9,position,Rabbit,6,200,75,355.5,78,423.2,312.3,243.9,,32.9
33.89,position,Rabbit,6,200,75,379.5,126,393.3,267.7,142.4,,33.89
34.89,position,Rabbit,6,200,75,457.5,84,390.3,207.8,140.9,,34.89
35.88,position,Rabbit,6,200,75,511.5,108,408.8,174.4,122.2,,35.88
36.76,item_collect,Rabbit,6,200,75,571.5,102,461.6,179.1,134.3,clock,36.76
36.88,position,Rabbit,6,200,75,571.5,60,466.4,175.7,156.3,,36.88
37.87,position,Rabbit,6,200,75,631.5,168,516.3,152.0,116.3,,37.87
38.86,position,Rabbit,6,200,75,715.5,210,576.3,150.2,151.5,,38.86
39.85,position,Rabbit,6,200,75,661.5,174,627.3,166.5,35.0,,39.85
39.85,enemy_proximity,Rabbit,6,200,75,661.5,174,627.3,166.5,35.0,,39.85
39.89,damage,Rabbit,6,175,75,655.5,174,629.1,167.3,27.2,,39.89
40.85,position,Rabbit,6,175,75,661.5,210,629.1,167.3,53.6,,40.85
40.85,enemy_proximity,Rabbit,6,175,75,661.5,210,629.1,167.3,53.6,,40.85
41.52,item_collect,Rabbit,6,195,75,595.5,279,629.1,167.3,116.7,heal,41.52
41.84,position,Rabbit,6,195,75,595.5,288,629.1,167.3,125.3,,41.84
42.83,position,Rabbit,6,195,75,535.5,309,656.1,212.8,154.2,,42.83
43.82,position,Rabbit,6,196,75,535.5,351,643.3,263.0,139.1,,43.82
44.82,position,Rabbit,6,187,75,489.9,324,595.6,289.1,111.3,,44.82
45.81,position,Rabbit,6,177,75,489.9,332.4,547.1,313.7,60.2,,45.81
45.81,enemy_proximity,Rabbit,6,177,75,489.9,332.4,547.1,313.7,60.2,,45.81
46.79,position,Rabbit,6,177,75,474.3,409.8,492.3,331.8,80.0,,46.79
46.79,enemy_proximity,Rabbit,6,177,75,474.3,409.8,492.3,331.8,80.0,,46.79
47.79,position,Rabbit,6,178,75,465.3,451.8,481.5,390.3,63.6,,47.79
47.79,enemy_proximity,Rabbit,6,178,75,465.3,451.8,481.5,390.3,63.6,,47.79
48.44,item_collect,Rabbit,6,179,59.0,417.3,492.3,480.4,429.3,89.1,shield,48.44
48.79,position,Rabbit,6,179,57.5,414.3,496.8,466.1,441.7,75.6,,48.79
48.79,enemy_proximity,Rabbit,6,179,57.5,414.3,496.8,466.1,441.7,75.6,,48.79
49.4,damage,Rabbit,6,155,58.2,414.3,472.8,432.2,451.5,27.8,,49.4
49.79,position,Rabbit,6,155,54.5,414.3,490.8,432.2,451.5,43.2,,49.79
49.79,enemy_proximity,Rabbit,6,155,54.5,414.3,490.8,432.2,451.5,43.2,,49.79
50.6,item_collect,Rabbit,7,155,58.2,372.3,478.8,432.2,451.5,65.8,star,50.6
50.79,position,Rabbit,7,155,54.5,327.3,478.8,432.2,451.5,108.4,,50.79
51.72,item_collect,Rabbit,7,155,34.9,360.3,399.3,425.3,433.8,73.6,shield,51.72
51.79,position,Rabbit,7,155,32.9,360.3,381.3,424.9,429.8,80.7,,51.79
51.79,enemy_proximity,Rabbit,7,155,32.9,360.3,381.3,424.9,429.8,80.7,,51.79
52.78,position,Rabbit,7,156,2.9,360.3,214.8,389.5,394.0,181.6,,52.78
53.77,position,Rabbit,7,157,4.1,475.8,157.8,362.6,349.7,222.8,,53.77
54.77,position,Rabbit,7,158,10.1,481.8,211.8,360.3,289.8,144.4,,54.77
55.02,item_collect,Rabbit,7,178,11.6,490.8,211.8,360.1,274.8,145.0,heal,55.02
55.77,position,Rabbit,7,179,16.1,511.8,250.8,404.0,270.7,109.6,,55.77
56.77,position,Rabbit,7,180,22.1,601.8,250.8,464.0,270.1,139.1,,56.77
57.76,position,Rabbit,7,181,28.1,631.8,292.8,482.7,316.6,150.9,,57.76
58.76,position,Rabbit,7,182,34.1,673.8,265.8,532.6,313.4,149.0,,58.76
59.76,position,Rabbit,7,183,40.1,652.8,175.8,587.2,295.7,136.7,,59.76
60.47,item_collect,Rabbit,7,200,44.4,670.8,115.8,597.8,254.5,156.7,heal,60.47
60.75,position,Rabbit,7,200,46.1,691.8,115.8,583.5,246.5,169.8,,60.75
61.75,position,Rabbit,7,200,52.1,583.8,25.8,571.3,188.3,163.0,,61.75
62.35,item_collect,Rabbit,7,200,55.7,475.8,40.8,563.7,157.3,145.9,wall,62.35
62.75,position,Rabbit,7,200,58.1,403.8,55.8,551.2,153.9,177.0,,62.75
63.74,position,Rabbit,7,200,64.1,262.8,121.8,506.0,145.4,244.4,,63.74
64.57,item_collect,Rabbit,7,200,69.1,301.8,160.8,469.0,171.8,167.5,trap,64.57
64.73,position,Rabbit,7,200,70.1,301.8,163.8,459.5,174.7,158.1,,64.73
65.72,position,Rabbit,7,200,75.0,193.8,121.8,402.0,175.8,215.1,,65.72
66.72,position,Rabbit,7,200,75.0,211.8,151.8,365.6,134.4,154.8,,66.72
67.71,position,Rabbit,7,200,75.0,205.8,328.8,334.4,94.6,267.2,,67.71
68.7,position,Rabbit,7,200,75.0,202.8,301.8,284.4,114.0,204.8,,68.7
69.13,item_collect,Rabbit,8,200,75.0,160.8,301.8,258.7,117.6,208.6,star,69.13
69.69,position,Rabbit,8,200,75.0,208.8,301.8,229.5,119.2,183.8,,69.69
70.68,position,Rabbit,8,200,75.0,271.8,391.8,216.8,136.3,261.3,,70.68
71.05,item_collect,Rabbit,9,200,75.0,301.8,400.8,215.5,145.0,270.0,star,71.05
71.68,position,Rabbit,9,200,75.0,331.8,433.8,213.1,160.0,298.4,,71.68
72.68,position,Rabbit,9,200,75.0,361.8,373.8,211.1,188.8,238.6,,72.68
73.69,position,Rabbit,9,200,75.0,361.8,394.8,232.4,233.4,206.9,,73.69
74.68,position,Rabbit,9,200,75.0,361.8,397.8,265.5,273.0,157.6,,74.68
75.31,item_collect,Rabbit,10,200,75.0,370.8,385.8,291.6,294.0,121.3,star,75.31
75.68,position,Rabbit,10,200,75.0,379.8,385.8,316.1,299.8,107.0,,75.68
76.66,position,Rabbit,10,200,75.0,307.8,451.8,354.9,354.0,108.5,,76.66
77.65,position,Rabbit,10,200,75.0,358.8,514.8,342.2,416.1,100.1,,77.65
77.92,item_collect,Rabbit,10,200,75.0,340.8,538.8,335.7,434.2,104.7,heal,77.92
78.58,item_collect,Rabbit,11,200,75.0,220.8,538.8,296.5,448.5,117.8,star,78.58
78.65,position,Rabbit,11,200,75.0,208.8,538.8,291.7,448.8,122.4,,78.65
78.88,item_collect,Rabbit,11,200,75.0,175.8,523.8,274.9,449.4,123.9,shield,78.88
79.34,item_collect,Rabbit,11,200,75.0,160.8,448.8,248.5,460.8,88.5,wall,79.34
79.65,position,Rabbit,11,200,75.0,106.8,448.8,230.5,471.2,125.7,,79.65
80.64,position,Rabbit,11,200,75.0,58.0,325.0,185.3,458.2,184.3,,80.64
81.16,item_collect,Rabbit,12,200,75.0,85.0,283.0,181.3,421.3,168.5,star,81.16
81.56,item_collect,Rabbit,13,200,75.0,130.0,268.0,170.7,399.0,137.1,star,81.56
81.64,position,Rabbit,13,200,75.0,145.0,268.0,165.2,396.6,130.2,,81.64
82.63,position,Rabbit,13,200,75.0,85.0,157.0,123.0,353.8,200.5,,82.63
83.33,item_collect,Rabbit,13,200,75.0,121.0,133.0,96.5,316.8,185.4,wall,83.33
83.63,position,Rabbit,13,200,75.0,136.0,100.0,94.4,306.3,210.4,,83.63
84.64,position,Rabbit,13,200,75.0,150.4,192.4,90.9,264.4,93.4,,84.64
84.64,enemy_proximity,Rabbit,13,200,75.0,150.4,192.4,90.9,264.4,93.4,,84.64
85.63,position,Rabbit,13,200,75.0,242.2,240.4,91.1,193.1,158.3,,85.63
86.62,position,Rabbit,13,200,75.0,263.2,240.4,153.1,199.4,117.5,,86.62
86.88,item_collect,Rabbit,13,200,75.0,263.2,249.4,171.4,204.8,102.1,shield,86.88
87.32,item_collect,Rabbit,13,200,75.0,263.2,309.4,198.2,214.5,115.0,clock,87.32
87.61,position,Rabbit,13,200,75.0,263.2,387.4,204.4,235.0,163.4,,87.61
88.11,item_collect,Rabbit,13,200,75.0,299.2,399.4,208.5,270.7,157.5,wall,88.11
88.61,position,Rabbit,13,200,75.0,270.4,423.4,209.3,292.3,144.6,,88.61
88.69,item_collect,Rabbit,14,200,75.0,270.4,430.6,209.3,292.3,151.2,star,88.69
89.59,position,Rabbit,14,200,75.0,318.4,449.8,220.7,350.4,139.4,,89.59
90.6,position,Rabbit,14,200,75.0,360.4,482.8,279.5,381.6,129.6,,90.6
91.44,item_collect,Rabbit,15,200,75.0,354.4,488.8,300.0,435.7,76.0,star,91.44
91.59,position,Rabbit,15,200,75.0,354.4,506.8,309.8,440.3,80.1,,91.59
91.59,enemy_proximity,Rabbit,15,200,75.0,354.4,506.8,309.8,440.3,80.1,,91.59
92.4,item_collect,Rabbit,15,200,75.0,420.4,488.8,351.6,474.4,70.3,heal,92.4
92.57,item_collect,Rabbit,16,200,75.0,420.4,518.8,363.4,476.2,71.1,star,92.57
92.59,position,Rabbit,16,200,75.0,420.4,521.8,364.6,476.3,72.0,,92.59
92.59,enemy_proximity,Rabbit,16,200,75.0,420.4,521.8,364.6,476.3,72.0,,92.59
93.58,position,Rabbit,16,200,75.0,480.4,500.8,420.1,461.3,72.1,,93.58
93.58,enemy_proximity,Rabbit,16,200,75.0,480.4,500.8,420.1,461.3,72.1,,93.58
94.57,position,Rabbit,16,200,75.0,480.4,509.8,473.7,476.4,34.1,,94.57
94.57,enemy_proximity,Rabbit,16,200,75.0,480.4,509.8,473.7,476.4,34.1,,94.57
95.44,item_collect,Rabbit,16,200,75.0,552.4,434.8,520.3,506.7,78.8,shield,95.44
95.55,position,Rabbit,16,200,75.0,561.4,428.8,526.8,504.4,83.1,,95.55
95.55,enemy_proximity,Rabbit,16,200,75.0,561.4,428.8,526.8,504.4,83.1,,95.55
96.47,item_collect,Rabbit,17,200,75.0,552.4,362.8,538.9,440.3,78.6,star,96.47
96.56,position,Rabbit,17,200,75.0,537.4,362.8,539.3,434.3,71.5,,96.56
96.56,enemy_proximity,Rabbit,17,200,75.0,537.4,362.8,539.3,434.3,71.5,,96.56
97.37,item_collect,Rabbit,18,200,75.0,579.4,293.8,566.5,387.8,94.9,star,97.37
97.55,position,Rabbit,18,200,75.0,588.4,293.8,568.1,374.7,83.4,,97.55
97.55,enemy_proximity,Rabbit,18,200,75.0,588.4,293.8,568.1,374.7,83.4,,97.55
98.55,position,Rabbit,18,200,75.0,594.4,245.8,541.6,313.9,86.2,,98.55
98.55,enemy_proximity,Rabbit,18,200,75.0,594.4,245.8,541.6,313.9,86.2,,98.55
99.54,position,Rabbit,18,200,75.0,564.4,221.8,594.4,277.3,63.1,,99.54
99.54,enemy_proximity,Rabbit,18,200,75.0,564.4,221.8,594.4,277.3,63.1,,99.54
100.04,item_collect,Rabbit,19,200,75.0,564.4,131.8,587.2,248.3,118.7,star,100.04
100.54,position,Rabbit,19,200,75.0,552.4,113.8,574.2,216.0,104.5,,100.54
101.4,item_collect,Rabbit,19,200,75.0,570.4,71.8,570.4,153.8,82.0,trap,101.4
101.53,position,Rabbit,19,200,75.0,570.4,47.8,570.3,144.2,96.4,,101.53
101.53,enemy_proximity,Rabbit,19,200,75.0,570.4,47.8,570.3,144.2,96.4,,101.53
102.52,position,Rabbit,19,200,75.0,522.4,23.8,570.0,72.2,67.9,,102.52
102.52,enemy_proximity,Rabbit,19,200,75.0,522.4,23.8,570.0,72.2,67.9,,102.52
103.52,position,Rabbit,19,200,75.0,444.4,83.8,547.1,35.2,113.6,,103.52
104.52,position,Rabbit,19,200,75.0,414.4,53.8,518.6,31.7,106.5,,104.52
105.52,position,Rabbit,19,200,75.0,399.4,116.8,492.0,34.1,124.2,,105.52
106.34,item_collect,Rabbit,19,200,75.0,387.4,158.8,483.7,67.1,133.0,shield,106.34
106.53,position,Rabbit,19,200,75.0,387.4,191.8,477.1,76.8,145.9,,106.53
106.68,item_collect,Rabbit,20,200,75.0,387.4,218.8,467.4,81.5,158.9,star,106.68
106.84,item_collect,Rabbit,21,200,75.0,372.4,233.8,454.1,84.8,170.0,star,106.84
107.32,item_collect,Rabbit,21,200,75.0,399.4,233.8,425.1,105.3,131.1,wall,107.32
107.52,position,Rabbit,21,200,75.0,435.4,230.8,410.9,111.2,122.0,,107.52
108.51,position,Rabbit,21,200,75.0,564.4,173.8,394.1,148.1,172.3,,108.51
109.51,position,Rabbit,21,200,75.0,600.4,272.8,456.9,178.5,171.7,,109.51
109.74,item_collect,Rabbit,21,200,75.0,639.4,263.8,470.1,189.2,185.0,trap,109.74
110.51,position,Rabbit,21,200,75.0,600.4,263.8,514.8,229.1,92.4,,110.51
110.51,enemy_proximity,Rabbit,21,200,75.0,600.4,263.8,514.8,229.1,92.4,,110.51
111.51,position,Rabbit,21,200,75.0,702.4,263.8,590.5,250.6,112.7,,111.51
112.4,item_collect,Rabbit,22,200,75.0,720.4,398.8,634.0,266.3,158.2,star,112.4
112.5,position,Rabbit,22,200,75.0,720.4,416.8,637.3,266.8,171.5,,112.5
112.97,item_collect,Rabbit,22,200,75.0,654.4,401.8,652.9,268.2,133.6,heal,112.97
113.5,position,Rabbit,22,200,75.0,654.4,458.8,670.8,269.1,190.4,,113.5
114.1,item_collect,Rabbit,23,200,75.0,594.4,461.8,691.5,269.5,215.4,star,114.1
114.49,position,Rabbit,23,200,75.0,567.4,443.8,697.7,269.7,217.4,,114.49
115.48,position,Rabbit,23,200,75.0,474.4,440.8,631.3,270.0,231.9,,115.48
116.48,position,Rabbit,23,200,75.0,414.4,395.8,558.8,297.4,174.7,,116.48
116.61,item_collect,Rabbit,23,200,75.0,414.4,371.8,551.1,303.4,152.9,heal,116.61
117.47,position,Rabbit,23,200,75.0,354.4,290.8,488.2,328.5,139.0,,117.47
118.11,item_collect,Rabbit,24,200,75.0,282.4,296.8,435.0,329.8,156.2,star,118.11
118.47,position,Rabbit,24,200,75.0,264.4,341.8,415.6,309.4,154.6,,118.47
119.47,position,Rabbit,24,200,75.0,162.4,389.8,332.6,300.4,192.2,,119.47
120.14,item_collect,Rabbit,24,200,75.0,42.4,389.8,280.7,306.4,252.4,clock,120.14
120.26,item_collect,Rabbit,25,200,75.0,24.4,401.8,277.0,315.5,266.9,star,120.26
120.47,position,Rabbit,25,200,75.0,24.4,479.8,274.2,333.4,289.5,,120.47
120.71,item_collect,Rabbit,25,200,75.0,42.4,539.8,264.9,348.1,293.6,clock,120.71
120.79,item_collect,Rabbit,25,200,75.0,72.4,539.8,258.5,351.1,265.0,trap,120.79
121.47,position,Rabbit,25,200,75.0,120.4,443.8,213.6,376.0,115.2,,121.47
122.46,position,Rabbit,25,200,75.0,84.4,401.8,182.1,428.0,101.2,,122.46
123.46,position,Rabbit,25,200,75.0,111.4,326.8,172.1,400.0,95.1,,123.46
123.46,enemy_proximity,Rabbit,25,200,75.0,111.4,326.8,172.1,400.0,95.1,,123.46
123.64,item_collect,Rabbit,26,200,75.0,102.4,323.8,166.5,397.5,97.6,star,123.64
124.46,position,Rabbit,26,200,75.0,96.4,323.8,139.6,392.8,81.4,,124.46
124.46,enemy_proximity,Rabbit,26,200,75.0,96.4,323.8,139.6,392.8,81.4,,124.46
125.45,position,Rabbit,26,200,75.0,90.4,254.8,123.5,356.1,106.6,,125.45
126.31,item_collect,Rabbit,26,200,75.0,129.4,269.8,93.3,297.0,45.2,trap,126.31
126.44,position,Rabbit,26,200,75.0,150.4,269.8,91.9,285.9,60.7,,126.44
126.44,enemy_proximity,Rabbit,26,200,75.0,150.4,269.8,91.9,285.9,60.7,,126.44
127.12,damage,Rabbit,26,175,75.0,150.4,305.8,139.5,281.0,27.1,,127.12
127.44,position,Rabbit,26,175,75.0,150.4,278.8,139.5,281.0,11.2,,127.44
127.44,enemy_proximity,Rabbit,26,175,75.0,150.4,278.8,139.5,281.0,11.2,,127.44
128.44,position,Rabbit,26,175,75.0,156.4,302.8,139.5,281.0,27.6,,128.44
128.44,enemy_proximity,Rabbit,26,175,75.0,156.4,302.8,139.5,281.0,27.6,,128.44
128.84,item_collect,Rabbit,27,175,75.0,207.4,308.8,139.5,281.0,73.4,star,128.84
129.44,position,Rabbit,27,175,75.0,210.4,272.8,147.6,286.9,64.4,,129.44
129.44,enemy_proximity,Rabbit,27,175,75.0,210.4,272.8,147.6,286.9,64.4,,129.44
130.43,position,Rabbit,27,176,75.0,204.4,209.8,179.7,295.8,89.5,,130.43
130.43,enemy_proximity,Rabbit,27,176,75.0,204.4,209.8,179.7,295.8,89.5,,130.43
130.88,item_collect,Rabbit,28,176,75.0,144.4,191.8,194.4,297.3,116.8,star,130.88
131.42,position,Rabbit,28,177,75.0,108.4,155.8,202.7,280.9,156.7,,131.42
132.41,position,Rabbit,28,178,75.0,135.4,113.8,208.8,231.8,139.0,,132.41
133.4,position,Rabbit,28,179,75.0,120.4,62.8,154.8,193.3,135.0,,133.4
133.51,item_collect,Rabbit,28,179,75.0,129.4,53.8,145.6,189.8,137.0,shield,133.51
133.86,item_collect,Rabbit,29,179,75.0,147.4,41.8,127.7,169.7,129.4,star,133.86
134.39,position,Rabbit,29,180,75.0,117.4,59.8,121.4,125.6,65.9,,134.39
134.39,enemy_proximity,Rabbit,29,180,75.0,117.4,59.8,121.4,125.6,65.9,,134.39
134.82,item_collect,Rabbit,29,180,75.0,60.4,41.8,120.3,89.2,76.4,wall,134.82
135.39,position,Rabbit,29,181,75.0,123.4,23.8,112.5,70.3,47.8,,135.39
135.39,enemy_proximity,Rabbit,29,181,75.0,123.4,23.8,112.5,70.3,47.8,,135.39
136.38,position,Rabbit,29,182,75.0,297.4,38.8,176.3,34.0,121.2,,136.38
137.38,position,Rabbit,29,183,75.0,360.4,32.8,260.2,30.2,100.3,,137.38
137.51,item_collect,Rabbit,29,183,75.0,369.4,23.8,271.4,30.1,98.2,clock,137.51
137.59,item_collect,Rabbit,30,183,75.0,399.4,23.8,278.4,30.1,121.2,star,137.59
138.37,position,Rabbit,30,184,75.0,357.4,131.8,317.7,83.1,62.9,,138.37
138.37,enemy_proximity,Rabbit,30,184,75.0,357.4,131.8,317.7,83.1,62.9,,138.37
139.36,position,Rabbit,30,185,75.0,387.4,197.8,375.0,143.0,56.2,,139.36
139.36,enemy_proximity,Rabbit,30,185,75.0,387.4,197.8,375.0,143.0,56.2,,139.36
140.36,position,Rabbit,30,186,75.0,420.4,257.8,398.9,230.8,34.5,,140.36
140.36,enemy_proximity,Rabbit,30,186,75.0,420.4,257.8,398.9,230.8,34.5,,140.36
141.31,damage,Rabbit,30,162,75.0,486.4,272.8,459.9,268.6,26.8,,141.31
141.35,position,Rabbit,30,162,75.0,486.4,272.8,459.9,268.6,26.8,,141.35
141.35,enemy_proximity,Rabbit,30,162,75.0,486.4,272.8,459.9,268.6,26.8,,141.35
141.56,item_collect,Rabbit,30,162,75.0,477.4,278.8,459.9,268.6,20.3,trap,141.56
141.73,item_collect,Rabbit,30,162,75.0,474.4,308.8,459.9,268.6,42.7,shield,141.73
142.34,position,Rabbit,30,162,75.0,474.4,332.8,459.9,268.6,65.8,,142.34
142.34,enemy_proximity,Rabbit,30,162,75.0,474.4,332.8,459.9,268.6,65.8,,142.34
143.33,position,Rabbit,30,162,75.0,474.4,341.8,463.1,268.8,73.8,,143.33
143.33,enemy_proximity,Rabbit,30,162,75.0,474.4,341.8,463.1,268.8,73.8,,143.33
144.08,item_collect,Rabbit,31,162,75.0,402.4,293.8,472.4,317.0,73.7,star,144.08
144.33,position,Rabbit,31,163,75.0,375.4,287.8,464.1,321.8,95.0,,144.33
144.33,enemy_proximity,Rabbit,31,163,75.0,375.4,287.8,464.1,321.8,95.0,,144.33
145.33,position,Rabbit,31,164,75.0,420.4,179.8,430.5,320.6,141.2,,145.33
145.64,item_collect,Rabbit,32,164,75.0,477.4,188.8,426.3,309.4,130.9,star,145.64
146.33,position,Rabbit,32,165,75.0,480.4,200.8,422.1,283.4,101.1,,146.33
147.32,position,Rabbit,32,166,75.0,570.4,134.8,396.1,226.5,196.9,,147.32
147.84,item_collect,Rabbit,32,186,75.0,579.4,149.8,407.7,186.7,175.6,heal,147.84
148.31,position,Rabbit,32,187,75.0,630.4,131.8,452.2,181.5,185.0,,148.31
149.0,item_collect,Rabbit,33,187,75.0,612.4,23.8,499.5,144.0,164.9,star,149.0
149.3,position,Rabbit,33,188,75.0,558.4,23.8,520.4,127.5,110.4,,149.3
150.3,position,Rabbit,33,189,75.0,570.4,68.8,482.4,50.0,90.0,,150.3
150.3,enemy_proximity,Rabbit,33,189,75.0,570.4,68.8,482.4,50.0,90.0,,150.3
151.3,position,Rabbit,33,190,75.0,579.4,242.8,503.8,104.8,157.4,,151.3
152.31,position,Rabbit,33,191,75.0,660.4,254.8,571.3,148.5,138.6,,152.31
152.39,item_collect,Rabbit,33,191,75.0,669.4,269.8,571.0,156.5,150.0,clock,152.39
153.3,position,Rabbit,33,192,75.0,669.4,419.8,585.7,235.3,202.6,,153.3
154.3,position,Rabbit,33,193,75.0,591.4,443.8,555.5,297.3,150.8,,154.3
154.8,item_collect,Rabbit,33,193,75.0,534.4,488.8,542.5,342.2,146.9,shield,154.8
155.3,position,Rabbit,33,194,75.0,540.4,518.8,564.6,380.7,140.2,,155.3
155.63,item_collect,Rabbit,33,200,75.0,549.4,539.8,560.9,408.3,132.0,heal,155.63
156.3,position,Rabbit,33,200,75.0,543.4,533.8,546.6,462.0,71.9,,156.3
156.3,enemy_proximity,Rabbit,33,200,75.0,543.4,533.8,546.6,462.0,71.9,,156.3
157.3,position,Rabbit,33,200,75.0,414.4,533.8,488.7,518.6,75.8,,157.3
157.3,enemy_proximity,Rabbit,33,200,75.0,414.4,533.8,488.7,518.6,75.8,,157.3
157.69,item_collect,Rabbit,33,200,75.0,414.4,461.8,456.4,535.4,84.7,heal,157.69
158.13,item_collect,Rabbit,34,200,75.0,402.4,383.8,425.9,522.2,140.4,star,158.13
158.29,position,Rabbit,34,200,75.0,372.4,383.8,423.7,506.3,132.8,,158.29
159.29,position,Rabbit,34,200,75.0,264.4,302.8,420.1,410.5,189.3,,159.29
159.33,item_collect,Rabbit,34,200,75.0,264.4,308.8,420.1,407.3,184.2,heal,159.33
160.29,position,Rabbit,34,200,75.0,207.4,224.8,363.0,353.6,202.0,,160.29
160.58,item_collect,Rabbit,34,200,75.0,219.4,179.8,345.2,336.0,200.6,wall,160.58
160.97,item_collect,Rabbit,34,200,75.0,204.4,161.8,324.6,309.2,190.2,heal,160.97
161.28,position,Rabbit,34,200,75.0,204.4,104.8,295.1,302.8,217.7,,161.28
161.93,item_collect,Rabbit,34,200,75.0,250.0,25.0,273.5,265.0,241.1,clock,161.93
161.93,item_collect,Rabbit,35,200,75.0,250.0,25.0,273.5,265.0,241.1,star,161.93
162.28,position,Rabbit,35,200,75.0,298.0,67.0,287.9,240.1,173.4,,162.28
163.28,position,Rabbit,35,200,75.0,298.0,73.0,299.7,145.6,72.6,,163.28
163.28,enemy_proximity,Rabbit,35,200,75.0,298.0,73.0,299.7,145.6,72.6,,163.28
164.27,position,Rabbit,35,200,75.0,226.0,25.0,300.0,49.6,78.0,,164.27
164.27,enemy_proximity,Rabbit,35,200,75.0,226.0,25.0,300.0,49.6,78.0,,164.27
165.27,position,Rabbit,35,200,75.0,151.0,34.0,212.2,30.4,61.3,,165.27
165.27,enemy_proximity,Rabbit,35,200,75.0,151.0,34.0,212.2,30.4,61.3,,165.27
166.26,position,Rabbit,35,200,75.0,115.0,94.0,131.1,59.2,38.4,,166.26
166.26,enemy_proximity,Rabbit,35,200,75.0,115.0,94.0,131.1,59.2,38.4,,166.26
166.51,item_collect,Rabbit,35,200,75.0,130.0,118.0,124.7,82.2,36.2,trap,166.51
167.25,position,Rabbit,35,200,75.0,265.0,118.0,169.2,117.4,95.8,,167.25
167.25,enemy_proximity,Rabbit,35,200,75.0,265.0,118.0,169.2,117.4,95.8,,167.25
168.25,position,Rabbit,35,200,75.0,301.0,70.0,260.3,119.9,64.4,,168.25
168.25,enemy_proximity,Rabbit,35,200,75.0,301.0,70.0,260.3,119.9,64.4,,168.25
169.25,position,Rabbit,35,200,75.0,355.0,40.0,290.9,107.0,92.7,,169.25
169.25,enemy_proximity,Rabbit,35,200,75.0,355.0,40.0,290.9,107.0,92.7,,169.25
170.24,position,Rabbit,35,200,75.0,421.0,76.0,325.8,94.3,96.9,,170.24
170.24,enemy_proximity,Rabbit,35,200,75.0,421.0,76.0,325.8,94.3,96.9,,170.24
171.24,position,Rabbit,35,200,75.0,490.0,85.0,360.9,108.2,131.1,,171.24
171.5,item_collect,Rabbit,36,200,75.0,475.0,73.0,385.4,115.2,99.1,star,171.5
172.23,position,Rabbit,36,200,75.0,511.0,97.0,445.9,94.2,65.2,,172.23
172.23,enemy_proximity,Rabbit,36,200,75.0,511.0,97.0,445.9,94.2,65.2,,172.23
172.6,item_collect,Rabbit,37,200,75.0,493.0,151.0,480.9,91.2,61.0,star,172.6
172.99,item_collect,Rabbit,37,200,75.0,475.0,190.0,503.5,111.2,83.8,clock,172.99
173.24,position,Rabbit,37,200,75.0,475.0,196.0,507.5,134.9,69.2,,173.24
173.24,enemy_proximity,Rabbit,37,200,75.0,475.0,196.0,507.5,134.9,69.2,,173.24
173.35,damage,Rabbit,37,175,75.0,475.0,154.0,497.7,140.3,26.5,,173.35
174.23,position,Rabbit,37,175,75.0,451.0,178.0,497.7,140.3,60.0,,174.23
174.23,enemy_proximity,Rabbit,37,175,75.0,451.0,178.0,497.7,140.3,60.0,,174.23
175.23,position,Rabbit,37,175,75.0,505.0,211.0,497.7,140.3,71.1,,175.23
175.23,enemy_proximity,Rabbit,37,175,75.0,505.0,211.0,497.7,140.3,71.1,,175.23
175.33,item_collect,Rabbit,38,175,75.0,505.0,220.0,497.7,140.3,80.0,star,175.33
176.22,position,Rabbit,38,175,75.0,391.0,259.0,498.8,212.4,117.4,,176.22
177.0,item_collect,Rabbit,38,176,75.0,391.0,193.0,440.6,182.3,50.7,clock,177.0
177.21,position,Rabbit,38,176,75.0,391.0,211.0,419.9,181.0,41.6,,177.21
177.21,enemy_proximity,Rabbit,38,176,75.0,391.0,211.0,419.9,181.0,41.6,,177.21
178.2,position,Rabbit,38,177,75.0,331.0,295.0,363.7,241.5,62.7,,178.2
178.2,enemy_proximity,Rabbit,38,177,75.0,331.0,295.0,363.7,241.5,62.7,,178.2
179.2,position,Rabbit,38,178,75.0,265.0,349.0,310.3,298.0,68.2,,179.2
179.2,enemy_proximity,Rabbit,38,178,75.0,265.0,349.0,310.3,298.0,68.2,,179.2
180.2,position,Rabbit,38,179,75.0,196.0,391.0,252.1,353.5,67.5,,180.2
180.2,enemy_proximity,Rabbit,38,179,75.0,196.0,391.0,252.1,353.5,67.5,,180.2
180.22,item_collect,Rabbit,39,179,75.0,193.0,391.0,250.5,353.8,68.5,star,180.22
180.93,damage,Rabbit,39,130,75.0,169.0,391.0,194.7,383.6,26.8,,180.93
181.2,position,Rabbit,39,130,75.0,169.0,391.0,193.3,384.3,25.2,,181.2
181.2,enemy_proximity,Rabbit,39,130,75.0,169.0,391.0,193.3,384.3,25.2,,181.2
182.19,position,Rabbit,39,130,75.0,211.0,475.0,184.9,466.5,27.5,,182.19
182.19,enemy_proximity,Rabbit,39,130,75.0,211.0,475.0,184.9,466.5,27.5,,182.19
182.82,item_collect,Rabbit,39,150,75.0,253.0,445.0,234.0,462.7,26.0,heal,182.82
182.82,item_collect,Rabbit,39,150,75.0,253.0,445.0,234.0,462.7,26.0,wall,182.82
182.92,damage,Rabbit,39,100,75.0,235.0,445.0,234.0,462.7,17.8,,182.92
183.18,position,Rabbit,39,100,75.0,199.0,415.0,234.0,462.7,59.2,,183.18
183.18,enemy_proximity,Rabbit,39,100,75.0,199.0,415.0,234.0,462.7,59.2,,183.18
184.17,position,Rabbit,39,100,75.0,292.0,391.0,184.0,445.6,121.0,,184.17
184.5,item_collect,Rabbit,40,100,75.0,340.0,415.0,181.1,464.8,166.5,star,184.5
185.04,item_collect,Rabbit,41,100,75.0,361.0,373.0,230.5,467.9,161.4,star,185.04
185.17,position,Rabbit,41,100,75.0,355.0,349.0,241.5,460.1,158.9,,185.17
186.16,position,Rabbit,41,101,75.0,394.0,175.0,335.2,423.0,254.9,,186.16
186.2,item_collect,Rabbit,41,121,75.0,400.0,175.0,338.8,422.6,255.0,heal,186.2
186.86,item_collect,Rabbit,41,121,75.0,385.0,133.0,358.8,357.9,226.4,clock,186.86
186.99,item_collect,Rabbit,41,142,75.0,373.0,115.0,359.4,343.5,228.9,heal,186.99
187.15,position,Rabbit,41,142,75.0,355.0,109.0,359.7,325.5,216.6,,187.15
188.15,position,Rabbit,41,143,75.0,355.0,97.0,365.0,220.8,124.2,,188.15
189.15,position,Rabbit,41,144,75.0,295.0,37.0,364.7,132.6,118.3,,189.15
189.59,item_collect,Rabbit,42,144,75.0,283.0,25.0,343.5,96.0,93.2,star,189.59
189.92,item_collect,Rabbit,42,145,75.0,223.0,25.0,311.1,86.8,107.6,trap,189.92
190.14,position,Rabbit,42,145,75.0,184.0,25.0,304.4,64.6,126.8,,190.14
191.13,position,Rabbit,42,146,75.0,139.0,61.0,217.1,30.4,83.8,,191.13
191.13,enemy_proximity,Rabbit,42,146,75.0,139.0,61.0,217.1,30.4,83.8,,191.13
191.16,item_collect,Rabbit,43,146,75.0,133.0,61.0,213.5,30.4,86.1,star,191.16
192.12,position,Rabbit,43,147,75.0,91.0,181.0,143.5,50.1,141.0,,192.12
192.97,item_collect,Rabbit,44,148,75.0,25.0,250.0,125.3,78.8,198.4,star,192.97
193.12,position,Rabbit,44,148,75.0,25.0,277.0,124.5,85.2,216.0,,193.12
193.14,item_collect,Rabbit,44,168,75.0,25.0,280.0,124.4,86.0,218.0,heal,193.14
194.12,position,Rabbit,44,169,75.0,151.0,316.0,121.0,128.3,190.1,,194.12
195.11,position,Rabbit,44,170,75.0,211.0,265.0,140.0,185.4,106.6,,195.11
196.11,position,Rabbit,44,171,75.0,298.0,181.0,227.2,234.1,88.5,,196.11
196.11,enemy_proximity,Rabbit,44,171,75.0,298.0,181.0,227.2,234.1,88.5,,196.11
196.2,item_collect,Rabbit,44,171,75.0,298.0,163.0,237.9,235.6,94.2,wall,196.2
197.1,position,Rabbit,44,172,75.0,445.0,136.0,286.2,236.1,187.7,,197.1
197.2,item_collect,Rabbit,45,172,75.0,448.0,88.0,287.1,234.5,217.7,star,197.2
198.09,position,Rabbit,45,173,75.0,421.0,70.0,374.9,209.0,146.5,,198.09
199.09,position,Rabbit,45,174,75.0,493.0,25.0,409.4,114.7,122.6,,199.09
199.57,item_collect,Rabbit,45,194,75.0,580.0,25.0,452.5,93.4,144.7,heal,199.57
200.09,position,Rabbit,45,195,75.0,631.0,82.0,476.9,50.8,157.2,,200.09
201.08,position,Rabbit,45,196,75.0,706.0,121.0,577.0,30.4,157.7,,201.08
201.69,item_collect,Rabbit,45,196,75.0,721.0,103.0,624.0,55.2,108.2,wall,201.69
202.08,position,Rabbit,45,197,75.0,721.0,121.0,628.7,98.0,95.1,,202.08
202.08,enemy_proximity,Rabbit,45,197,75.0,721.0,121.0,628.7,98.0,95.1,,202.08
202.95,damage,Rabbit,45,148,75.0,623.5,182.5,629.8,155.6,27.6,,202.95
203.08,position,Rabbit,45,148,75.0,623.5,182.5,629.9,164.6,19.0,,203.08
203.08,enemy_proximity,Rabbit,45,148,75.0,623.5,182.5,629.9,164.6,19.0,,203.08
204.08,position,Rabbit,45,148,75.0,527.5,152.5,577.6,151.5,50.1,,204.08
204.08,enemy_proximity,Rabbit,45,148,75.0,527.5,152.5,577.6,151.5,50.1,,204.08
205.06,position,Rabbit,45,148,75.0,383.5,200.5,479.9,167.6,101.9,,205.06
205.59,item_collect,Rabbit,45,148,75.0,401.5,263.5,423.9,178.7,87.7,clock,205.59
205.64,item_collect,Rabbit,46,148,75.0,419.5,281.5,418.5,178.9,102.6,star,205.64
206.06,position,Rabbit,46,149,75.0,419.5,401.5,394.5,207.0,196.1,,206.06
207.06,position,Rabbit,46,150,75.0,425.5,533.5,410.0,305.2,228.9,,207.06
208.05,position,Rabbit,46,151,75.0,542.5,476.5,419.8,412.1,138.6,,208.05
208.47,item_collect,Rabbit,47,151,75.0,572.5,401.5,439.8,443.4,139.1,star,208.47
209.05,position,Rabbit,47,152,75.0,539.5,314.5,476.2,412.0,116.3,,209.05
209.13,item_collect,Rabbit,47,152,75.0,548.5,299.5,477.7,403.2,125.5,shield,209.13
209.46,item_collect,Rabbit,48,152,75.0,608.5,293.5,479.4,367.2,148.6,star,209.46
210.04,position,Rabbit,48,153,75.0,593.5,251.5,517.6,333.5,111.7,,210.04
211.04,position,Rabbit,48,154,75.0,452.5,263.5,482.6,287.9,38.8,,211.04
211.04,enemy_proximity,Rabbit,48,154,75.0,452.5,263.5,482.6,287.9,38.8,,211.04
211.64,item_collect,Rabbit,48,154,75.0,341.5,302.5,422.2,271.2,86.6,shield,211.64
212.03,position,Rabbit,48,155,75.0,272.5,302.5,380.9,270.2,113.1,,212.03
212.77,item_collect,Rabbit,48,155,75.0,206.5,368.5,313.2,298.3,127.8,wall,212.77
213.03,position,Rabbit,48,156,75.0,194.5,416.5,289.9,299.2,151.2,,213.03
213.25,item_collect,Rabbit,48,156,75.0,155.5,431.5,279.2,307.8,174.9,clock,213.25
214.03,position,Rabbit,48,156,75.0,121.9,532.3,234.8,356.5,208.9,,214.03
215.02,position,Rabbit,48,156,75.0,229.9,478.3,181.7,435.5,64.5,,215.02
215.02,enemy_proximity,Rabbit,48,156,75.0,229.9,478.3,181.7,435.5,64.5,,215.02
216.01,position,Rabbit,48,157,75.0,376.9,385.3,248.1,457.7,147.8,,216.01
216.71,item_collect,Rabbit,48,158,75.0,430.9,331.3,310.4,427.4,154.1,wall,216.71
216.71,item_collect,Rabbit,48,158,75.0,430.9,331.3,310.4,427.4,154.1,trap,216.71
216.71,item_collect,Rabbit,49,158,75.0,430.9,331.3,310.4,427.4,154.1,star,216.71
217.01,position,Rabbit,49,158,75.0,466.9,331.3,342.3,422.2,154.2,,217.01
218.0,position,Rabbit,49,159,75.0,487.9,331.3,415.5,361.8,78.6,,218.0
218.0,enemy_proximity,Rabbit,49,159,75.0,487.9,331.3,415.5,361.8,78.6,,218.0
218.78,item_collect,Rabbit,49,160,75.0,610.9,295.3,454.8,333.7,160.8,clock,218.78
218.99,position,Rabbit,49,160,75.0,634.9,271.3,464.1,332.4,181.4,,218.99
219.86,item_collect,Rabbit,49,181,75.0,718.9,373.3,501.5,330.7,221.6,heal,219.86
220.0,position,Rabbit,49,181,75.0,718.9,421.3,507.2,330.6,230.3,,220.0
221.0,position,Rabbit,49,172,75.0,622.9,538.9,541.1,348.1,207.5,,221.0
221.99,position,Rabbit,49,172,75.0,534.1,538.9,553.0,414.1,126.3,,221.99
222.99,position,Rabbit,49,163,62.0,632.8,510.7,540.3,520.5,93.1,,222.99
222.99,enemy_proximity,Rabbit,49,163,62.0,632.8,510.7,540.3,520.5,93.1,,222.99
223.98,position,Rabbit,49,163,37.4,602.8,443.2,624.7,514.2,74.3,,223.98
223.98,enemy_proximity,Rabbit,49,163,37.4,602.8,443.2,624.7,514.2,74.3,,223.98
224.85,item_collect,Rabbit,50,164,32.5,493.3,414.7,573.6,453.6,89.2,star,224.85
224.97,position,Rabbit,50,164,29.0,475.3,414.7,559.9,452.1,92.5,,224.97
224.97,enemy_proximity,Rabbit,50,164,29.0,475.3,414.7,559.9,452.1,92.5,,224.97
225.28,item_collect,Rabbit,50,164,28.5,475.3,402.7,534.6,429.0,64.9,wall,225.28
225.57,damage,Rabbit,50,115,30.2,475.3,417.7,501.4,422.4,26.6,,225.57
225.64,item_collect,Rabbit,50,115,30.6,475.3,429.7,493.5,421.5,19.9,trap,225.64
225.97,position,Rabbit,50,115,32.6,463.3,489.7,484.9,450.0,45.2,,225.97
225.97,enemy_proximity,Rabbit,50,115,32.6,463.3,489.7,484.9,450.0,45.2,,225.97
226.97,position,Rabbit,50,115,38.6,349.0,415.0,394.7,475.7,76.0,,226.97
226.97,enemy_proximity,Rabbit,50,115,38.6,349.0,415.0,394.7,475.7,76.0,,226.97
227.15,item_collect,Rabbit,50,135,39.7,370.0,385.0,372.8,478.4,93.5,heal,227.15
227.97,position,Rabbit,50,135,44.6,355.0,385.0,334.5,452.7,70.7,,227.97
227.97,enemy_proximity,Rabbit,50,135,44.6,355.0,385.0,334.5,452.7,70.7,,227.97
228.96,position,Rabbit,50,136,50.6,265.0,292.0,326.2,425.2,146.5,,228.96
229.56,item_collect,Rabbit,51,137,54.2,205.0,250.0,307.5,407.9,188.2,star,229.56
229.96,position,Rabbit,51,137,56.6,205.0,235.0,292.2,398.4,185.2,,229.96
230.46,item_collect,Rabbit,51,157,59.6,193.0,205.0,277.0,377.8,192.1,heal,230.46
230.46,item_collect,Rabbit,51,157,59.6,193.0,205.0,277.0,377.8,192.1,wall,230.46
230.95,position,Rabbit,51,158,62.6,184.0,196.0,222.3,361.2,169.6,,230.95
231.95,position,Rabbit,51,159,68.6,202.0,124.0,210.2,258.9,135.1,,231.95
232.75,item_collect,Rabbit,51,160,73.4,208.0,130.0,210.0,162.9,32.9,clock,232.75
232.76,damage,Rabbit,51,110,73.5,208.0,136.0,210.0,162.9,26.9,,232.76
232.94,position,Rabbit,51,110,74.6,208.0,166.0,210.0,164.9,2.3,,232.94
232.94,enemy_proximity,Rabbit,51,110,74.6,208.0,166.0,210.0,164.9,2.3,,232.94
233.94,position,Rabbit,51,110,75.0,238.0,214.0,212.9,174.6,46.7,,233.94
233.94,enemy_proximity,Rabbit,51,110,75.0,238.0,214.0,212.9,174.6,46.7,,233.94
234.92,damage,Rabbit,51,60,75.0,302.5,242.5,276.1,238.5,26.7,,234.92
234.94,position,Rabbit,51,60,75.0,302.5,242.5,278.1,238.7,24.7,,234.94
234.94,enemy_proximity,Rabbit,51,60,75.0,302.5,242.5,278.1,238.7,24.7,,234.94
235.93,position,Rabbit,51,60,75.0,323.5,203.5,300.0,221.2,29.4,,235.93
235.93,enemy_proximity,Rabbit,51,60,75.0,323.5,203.5,300.0,221.2,29.4,,235.93
236.45,item_collect,Rabbit,51,60,75.0,413.5,248.5,353.3,225.0,64.7,wall,236.45
236.86,item_collect,Rabbit,51,80,75.0,443.5,308.5,363.1,250.0,99.4,heal,236.86
236.92,position,Rabbit,51,80,75.0,431.5,320.5,362.5,254.0,95.8,,236.92
236.92,enemy_proximity,Rabbit,51,80,75.0,431.5,320.5,362.5,254.0,95.8,,236.92
237.92,position,Rabbit,51,81,75.0,421.0,430.0,360.1,349.9,100.6,,237.92
238.43,item_collect,Rabbit,51,81,75.0,490.0,415.0,394.3,385.9,100.1,trap,238.43
238.92,position,Rabbit,51,82,75.0,571.0,400.0,417.3,433.1,157.2,,238.92
239.1,item_collect,Rabbit,51,82,75.0,580.0,367.0,435.8,443.4,163.2,shield,239.1
239.91,position,Rabbit,51,83,75.0,556.0,355.0,520.7,421.7,75.5,,239.91
239.91,enemy_proximity,Rabbit,51,83,75.0,556.0,355.0,520.7,421.7,75.5,,239.91
240.91,position,Rabbit,51,84,75.0,538.0,322.0,483.3,385.6,83.9,,240.91
240.91,enemy_proximity,Rabbit,51,84,75.0,538.0,322.0,483.3,385.6,83.9,,240.91
241.9,position,Rabbit,51,85,75.0,628.0,298.0,543.5,309.2,85.2,,241.9
241.9,enemy_proximity,Rabbit,51,85,75.0,628.0,298.0,543.5,309.2,85.2,,241.9
241.98,item_collect,Rabbit,52,85,75.0,631.0,283.0,553.0,305.9,81.3,star,241.98
242.68,damage,Rabbit,52,60,75.0,577.0,235.0,598.2,252.1,27.2,,242.68
242.89,position,Rabbit,52,60,75.0,568.0,229.0,598.2,252.1,38.0,,242.89
242.89,enemy_proximity,Rabbit,52,60,75.0,568.0,229.0,598.2,252.1,38.0,,242.89
242.93,item_collect,Rabbit,52,60,75.0,565.0,223.0,598.2,252.1,44.1,clock,242.93
243.71,item_collect,Rabbit,53,60,75.0,523.0,25.0,598.2,252.1,239.2,star,243.71
243.89,position,Rabbit,53,60,75.0,475.0,25.0,598.2,252.1,258.4,,243.89
244.31,item_collect,Rabbit,53,60,75.0,415.0,103.0,598.2,252.1,236.2,wall,244.31
244.88,position,Rabbit,53,60,75.0,205.0,109.0,573.6,244.5,392.7,,244.88
245.88,position,Rabbit,53,61,75.0,25.0,34.0,492.9,214.5,501.5,,245.88
246.08,item_collect,Rabbit,54,61,75.0,40.0,25.0,483.3,193.1,474.1,star,246.08
246.88,position,Rabbit,54,62,75.0,25.0,136.0,397.9,171.4,374.6,,246.88
247.64,item_collect,Rabbit,54,63,75.0,70.0,217.0,327.4,208.8,257.5,clock,247.64
247.77,item_collect,Rabbit,54,83,75.0,28.0,253.0,312.6,211.3,287.6,heal,247.77
247.85,item_collect,Rabbit,54,83,75.0,28.0,283.0,308.6,220.4,287.5,wall,247.85
247.87,position,Rabbit,54,83,75.0,28.0,283.0,307.8,222.3,286.3,,247.87
248.25,item_collect,Rabbit,54,83,75.0,64.0,373.0,275.2,235.4,252.0,trap,248.25
248.52,item_collect,Rabbit,54,103,75.0,160.0,469.0,253.3,238.3,248.9,heal,248.52
248.86,position,Rabbit,54,104,75.0,232.0,541.0,221.8,243.1,298.1,,248.86
249.04,item_collect,Rabbit,54,104,75.0,250.0,541.0,215.5,264.0,279.1,wall,249.04
249.31,item_collect,Rabbit,55,104,75.0,340.0,541.0,211.7,295.7,276.8,star,249.31
249.87,position,Rabbit,55,105,75.0,478.0,433.0,210.4,337.7,284.1,,249.87
250.86,position,Rabbit,55,106,75.0,487.0,328.0,273.5,310.0,214.3,,250.86
251.37,item_collect,Rabbit,56,106,75.0,475.0,313.0,334.4,301.1,141.1,star,251.37
251.78,item_collect,Rabbit,56,107,75.0,475.0,340.0,384.4,300.2,98.9,shield,251.78
251.85,position,Rabbit,56,107,75.0,475.0,340.0,392.4,300.1,91.7,,251.85
251.85,enemy_proximity,Rabbit,56,107,75.0,475.0,340.0,392.4,300.1,91.7,,251.85
252.45,damage,Rabbit,56,82,75.0,481.0,322.0,453.8,326.2,27.5,,252.45
252.86,position,Rabbit,56,82,75.0,541.0,346.0,453.8,326.2,89.4,,252.86
252.86,enemy_proximity,Rabbit,56,82,75.0,541.0,346.0,453.8,326.2,89.4,,252.86
253.86,position,Rabbit,56,82,75.0,581.5,392.5,453.8,326.2,143.9,,253.86
254.05,item_collect,Rabbit,56,82,75.0,551.5,422.5,453.8,326.2,137.1,trap,254.05
254.67,item_collect,Rabbit,57,82,75.0,521.5,419.5,471.4,340.7,93.4,star,254.67
254.83,item_collect,Rabbit,57,82,75.0,491.5,419.5,475.4,360.2,61.4,wall,254.83
254.85,position,Rabbit,57,82,75.0,488.5,419.5,475.7,362.2,58.7,,254.85
254.85,enemy_proximity,Rabbit,57,82,75.0,488.5,419.5,475.7,362.2,58.7,,254.85
255.2,item_collect,Rabbit,57,82,75.0,425.5,461.5,478.7,396.0,84.4,trap,255.2
255.84,position,Rabbit,57,83,75.0,308.5,437.5,470.4,440.4,161.9,,255.84
256.31,item_collect,Rabbit,57,103,75.0,308.5,446.5,448.8,445.7,140.3,heal,256.31
256.83,position,Rabbit,57,104,75.0,257.5,446.5,429.7,457.5,172.5,,256.83
257.74,item_collect,Rabbit,57,105,75.0,266.5,488.5,392.2,475.7,126.4,shield,257.74
257.83,position,Rabbit,57,105,75.0,272.5,503.5,388.2,476.3,118.9,,257.83
258.82,position,Rabbit,57,106,75.0,233.5,443.5,340.7,473.3,111.3,,258.82
259.82,position,Rabbit,57,107,75.0,173.5,455.5,272.4,451.1,99.0,,259.82
259.82,enemy_proximity,Rabbit,57,107,75.0,173.5,455.5,272.4,451.1,99.0,,259.82
260.81,position,Rabbit,57,108,75.0,122.5,380.5,234.5,469.6,143.1,,260.81
261.03,item_collect,Rabbit,58,108,75.0,122.5,341.5,224.9,473.7,167.2,star,261.03
261.82,position,Rabbit,58,109,75.0,95.5,260.5,190.9,473.2,233.1,,261.82
262.81,position,Rabbit,58,110,75.0,122.5,164.5,162.3,395.4,234.3,,262.81
263.26,item_collect,Rabbit,58,110,75.0,191.5,212.5,168.4,390.8,179.8,shield,263.26
263.81,position,Rabbit,58,111,75.0,209.5,167.5,206.6,352.7,185.3,,263.81
264.81,position,Rabbit,58,112,75.0,290.5,122.5,210.0,232.9,136.6,,264.81
265.29,item_collect,Rabbit,58,112,75.0,362.5,104.5,210.0,174.9,168.0,shield,265.29
265.44,item_collect,Rabbit,58,133,75.0,383.5,131.5,210.0,156.9,175.3,heal,265.44
265.44,item_collect,Rabbit,59,133,75.0,383.5,131.5,210.0,156.9,175.3,star,265.44
265.81,position,Rabbit,59,133,75.0,383.5,197.5,228.7,126.0,170.6,,265.81
265.89,item_collect,Rabbit,59,133,75.0,371.5,212.5,238.6,124.6,159.4,shield,265.89
266.81,position,Rabbit,59,134,75.0,341.5,206.5,299.6,195.1,43.4,,266.81
266.81,enemy_proximity,Rabbit,59,134,75.0,341.5,206.5,299.6,195.1,43.4,,266.81
267.71,item_collect,Rabbit,59,135,75.0,419.5,278.5,366.9,259.8,55.8,clock,267.71
267.81,position,Rabbit,59,135,75.0,389.5,302.5,366.6,270.3,39.5,,267.81
267.81,enemy_proximity,Rabbit,59,135,75.0,389.5,302.5,366.6,270.3,39.5,,267.81
268.26,item_collect,Rabbit,59,155,75.0,479.5,398.5,401.0,296.3,128.9,heal,268.26
268.43,item_collect,Rabbit,59,156,75.0,479.5,458.5,411.6,311.6,161.8,wall,268.43
268.81,position,Rabbit,59,156,75.0,461.5,542.5,418.0,350.9,196.5,,268.81
269.8,position,Rabbit,59,157,75.0,661.0,364.0,419.9,344.9,241.8,,269.8
270.5,item_collect,Rabbit,60,158,75.0,670.0,481.0,481.1,349.3,230.3,star,270.5
270.8,position,Rabbit,60,158,75.0,670.0,481.0,480.3,388.7,211.0,,270.8
271.79,position,Rabbit,60,159,75.0,661.0,385.0,567.8,430.1,103.6,,271.79
272.79,position,Rabbit,60,160,75.0,688.0,265.0,642.9,360.8,105.9,,272.79
273.79,position,Rabbit,60,161,75.0,604.0,145.0,712.0,280.6,173.4,,273.79
274.78,position,Rabbit,60,162,75.0,721.0,79.0,650.3,188.3,130.1,,274.78
274.82,item_collect,Rabbit,61,162,75.0,721.0,73.0,646.3,186.6,136.0,star,274.82
275.11,item_collect,Rabbit,61,162,75.0,703.0,25.0,633.1,151.2,144.2,trap,275.11
275.78,position,Rabbit,61,163,75.0,688.0,25.0,699.9,121.0,96.8,,275.78
275.78,enemy_proximity,Rabbit,61,163,75.0,688.0,25.0,699.9,121.0,96.8,,275.78
276.39,damage,Rabbit,61,139,75.0,721.0,25.0,715.9,50.6,26.1,,276.39
276.77,position,Rabbit,61,139,75.0,721.0,94.0,715.9,50.6,43.7,,276.77
276.77,enemy_proximity,Rabbit,61,139,75.0,721.0,94.0,715.9,50.6,43.7,,276.77
277.77,position,Rabbit,61,139,75.0,625.0,52.0,715.9,50.6,90.9,,277.77
277.77,enemy_proximity,Rabbit,61,139,75.0,625.0,52.0,715.9,50.6,90.9,,277.77
278.76,position,Rabbit,61,139,75.0,475.0,49.0,719.3,101.0,249.8,,278.76
279.75,position,Rabbit,61,129,75.0,451.0,92.2,606.8,145.5,164.7,,279.75
280.74,position,Rabbit,61,129,75.0,355.0,104.2,484.6,165.0,143.2,,280.74
281.73,position,Rabbit,61,130,75.0,352.0,92.2,371.0,148.8,59.8,,281.73
281.73,enemy_proximity,Rabbit,61,130,75.0,352.0,92.2,371.0,148.8,59.8,,281.73
282.72,position,Rabbit,61,131,75.0,229.0,98.2,288.1,113.0,60.9,,282.72
282.72,enemy_proximity,Rabbit,61,131,75.0,229.0,98.2,288.1,113.0,60.9,,282.72
282.77,item_collect,Rabbit,61,131,75.0,220.0,95.2,281.8,114.8,64.8,clock,282.77
283.72,position,Rabbit,61,132,75.0,118.0,83.2,205.2,108.4,90.8,,283.72
283.72,enemy_proximity,Rabbit,61,132,75.0,118.0,83.2,205.2,108.4,90.8,,283.72
283.83,item_collect,Rabbit,61,153,75.0,100.0,53.2,191.1,114.2,109.6,heal,283.83
283.92,item_collect,Rabbit,61,153,75.0,70.0,53.2,180.2,115.7,126.7,wall,283.92
284.0,item_collect,Rabbit,62,153,75.0,40.0,53.2,169.3,117.3,144.3,star,284.0
284.55,item_collect,Rabbit,62,153,75.0,28.0,131.2,123.2,85.7,105.5,shield,284.55
284.72,position,Rabbit,62,153,75.0,28.0,191.2,122.2,96.7,133.4,,284.72
285.71,position,Rabbit,62,154,75.0,82.0,332.2,91.6,198.9,133.7,,285.71
285.81,item_collect,Rabbit,62,155,75.0,100.0,332.2,91.1,212.1,120.5,shield,285.81
286.7,position,Rabbit,62,155,75.0,187.0,293.2,151.2,288.6,36.1,,286.7
286.7,enemy_proximity,Rabbit,62,155,75.0,187.0,293.2,151.2,288.6,36.1,,286.7
287.36,damage,Rabbit,62,131,75.0,214.0,365.2,206.7,338.3,27.9,,287.36
287.7,position,Rabbit,62,131,75.0,271.0,353.2,206.7,338.3,66.0,,287.7
287.7,enemy_proximity,Rabbit,62,131,75.0,271.0,353.2,206.7,338.3,66.0,,287.7
287.86,item_collect,Rabbit,63,131,75.0,271.0,341.2,206.7,338.3,64.3,star,287.86
288.31,item_collect,Rabbit,64,131,75.0,310.0,293.2,206.7,338.3,112.7,star,288.31
288.69,position,Rabbit,64,131,75.0,379.0,278.2,206.7,338.3,182.4,,288.69
289.3,item_collect,Rabbit,65,131,75.0,313.0,203.2,206.7,338.3,171.9,star,289.3
289.68,position,Rabbit,65,131,75.0,295.0,143.2,209.4,294.4,173.7,,289.68
290.59,item_collect,Rabbit,65,132,75.0,193.0,23.2,210.0,173.4,151.1,shield,290.59
290.67,position,Rabbit,65,132,75.0,178.0,23.2,210.0,162.4,142.8,,290.67
291.67,position,Rabbit,65,133,75.0,301.0,71.2,222.0,38.1,85.6,,291.67
291.67,enemy_proximity,Rabbit,65,133,75.0,301.0,71.2,222.0,38.1,85.6,,291.67
292.51,damage,Rabbit,65,109,75.0,301.0,101.2,297.4,74.9,26.6,,292.51
292.66,position,Rabbit,65,109,75.0,322.0,83.2,297.4,74.9,26.0,,292.66
292.66,enemy_proximity,Rabbit,65,109,75.0,322.0,83.2,297.4,74.9,26.0,,292.66
293.46,item_collect,Rabbit,65,109,75.0,400.0,23.2,297.4,74.9,114.9,clock,293.46
293.66,position,Rabbit,65,109,75.0,418.0,59.2,297.4,74.9,121.6,,293.66
294.56,item_collect,Rabbit,65,109,75.0,568.0,161.2,303.4,77.7,277.5,wall,294.56
294.66,position,Rabbit,65,109,75.0,568.0,197.2,315.4,83.2,277.2,,294.66
295.06,item_collect,Rabbit,66,109,75.0,622.0,341.2,345.8,87.8,374.8,star,295.06
295.66,position,Rabbit,66,99,75.0,560.8,353.2,378.8,151.2,271.9,,295.66
296.12,item_collect,Rabbit,66,99,75.0,533.8,341.2,388.9,211.5,194.5,wall,296.12
296.66,position,Rabbit,66,99,75.0,452.8,353.2,389.9,266.4,107.2,,296.66
297.39,item_collect,Rabbit,66,120,75.0,473.8,371.2,430.4,321.7,65.8,heal,297.39
297.55,damage,Rabbit,66,70,75.0,473.8,341.2,451.9,325.9,26.7,,297.55
297.65,position,Rabbit,66,70,75.0,482.8,323.2,464.9,327.8,18.5,,297.65
297.65,enemy_proximity,Rabbit,66,70,75.0,482.8,323.2,464.9,327.8,18.5,,297.65
298.64,position,Rabbit,66,70,75.0,500.8,326.2,469.3,328.0,31.5,,298.64
298.64,enemy_proximity,Rabbit,66,70,75.0,500.8,326.2,469.3,328.0,31.5,,298.64
299.42,item_collect,Rabbit,66,70,75.0,566.8,368.2,540.6,348.6,32.7,trap,299.42
299.64,position,Rabbit,66,70,75.0,596.8,392.2,560.1,366.3,44.9,,299.64
299.64,enemy_proximity,Rabbit,66,70,75.0,596.8,392.2,560.1,366.3,44.9,,299.64
299.76,damage,Rabbit,66,20,75.0,587.8,392.2,569.5,377.0,23.7,,299.76
300.19,item_collect,Rabbit,66,20,75.0,533.8,458.2,559.9,410.4,54.5,clock,300.19
300.64,position,Rabbit,66,20,75.0,527.8,512.2,541.9,464.3,50.0,,300.64
300.64,enemy_proximity,Rabbit,66,20,75.0,527.8,512.2,541.9,464.3,50.0,,300.64
301.64,position,Rabbit,66,20,75.0,473.8,530.2,502.3,506.7,37.0,,301.64
301.64,enemy_proximity,Rabbit,66,20,75.0,473.8,530.2,502.3,506.7,37.0,,301.64
302.14,item_collect,Rabbit,66,20,75.0,399.4,475.0,487.6,515.8,97.1,shield,302.14
302.63,position,Rabbit,66,20,75.0,323.6,482.5,482.6,489.9,159.1,,302.63
303.56,item_collect,Rabbit,66,21,75.0,281.6,542.5,459.6,455.5,198.1,wall,303.56
303.63,position,Rabbit,66,21,75.0,269.6,542.5,456.1,455.0,206.0,,303.63
304.62,position,Rabbit,66,22,75.0,88.0,388.0,406.3,473.7,329.6,,304.62
305.26,item_collect,Rabbit,67,23,75.0,100.0,385.0,333.8,462.7,246.4,star,305.26
305.62,position,Rabbit,67,23,75.0,133.0,385.0,287.0,451.9,167.9,,305.62
305.77,item_collect,Rabbit,68,24,75.0,115.0,373.0,267.2,450.9,171.0,star,305.77
306.61,position,Rabbit,68,24,75.0,115.0,265.0,184.6,453.6,201.0,,306.61
307.12,item_collect,Rabbit,68,25,75.0,85.0,193.0,164.4,396.2,218.2,trap,307.12
307.6,position,Rabbit,68,25,75.0,121.0,151.0,123.6,362.0,211.0,,307.6
308.59,position,Rabbit,68,26,75.0,130.0,181.0,90.4,244.4,74.8,,308.59
308.59,enemy_proximity,Rabbit,68,26,75.0,130.0,181.0,90.4,244.4,74.8,,308.59
308.59,item_collect,Rabbit,68,46,75.0,130.0,181.0,90.4,244.4,74.8,heal,308.59
309.59,position,Rabbit,68,47,75.0,241.0,217.0,118.3,185.0,126.8,,309.59
310.22,item_collect,Rabbit,69,48,75.0,193.0,301.0,144.1,195.7,116.1,star,310.22
310.58,position,Rabbit,69,48,75.0,178.0,301.0,162.1,202.9,99.4,,310.58
310.58,enemy_proximity,Rabbit,69,48,75.0,178.0,301.0,162.1,202.9,99.4,,310.58
311.49,item_collect,Rabbit,70,49,75.0,175.0,430.0,201.2,222.1,209.6,star,311.49
311.57,position,Rabbit,70,49,75.0,175.0,445.0,202.7,226.5,220.3,,311.57
312.56,position,Rabbit,70,50,75.0,73.0,481.0,185.1,304.6,209.0,,312.56
312.73,item_collect,Rabbit,70,51,75.0,43.0,481.0,162.6,303.9,213.7,clock,312.73
313.34,damage,Rabbit,70,26,75.0,97.0,385.0,122.0,373.6,27.5,,313.34
313.56,position,Rabbit,70,26,75.0,175.0,385.0,122.0,373.6,54.2,,313.56
313.56,enemy_proximity,Rabbit,70,26,75.0,175.0,385.0,122.0,373.6,54.2,,313.56
314.55,position,Rabbit,70,26,75.0,205.0,217.0,122.0,373.6,177.2,,314.55
315.55,position,Rabbit,70,16,75.0,203.8,199.0,120.6,342.4,165.8,,315.55
316.55,position,Rabbit,70,16,75.0,144.4,188.8,208.3,253.5,90.9,,316.55
316.55,enemy_proximity,Rabbit,70,16,75.0,144.4,188.8,208.3,253.5,90.9,,316.55
317.22,item_collect,Rabbit,70,36,75.0,24.4,131.8,155.8,193.8,145.3,heal,317.22
317.54,position,Rabbit,70,37,75.0,30.4,74.8,112.0,182.6,135.2,,317.54
318.53,position,Rabbit,70,38,75.0,80.7,62.0,32.5,82.5,52.3,,318.53
318.53,enemy_proximity,Rabbit,70,38,75.0,80.7,62.0,32.5,82.5,52.3,,318.53
318.65,item_collect,Rabbit,70,38,75.0,101.7,62.0,38.0,70.0,64.1,clock,318.65
318.96,item_collect,Rabbit,70,58,75.0,191.7,26.0,82.6,61.9,114.8,heal,318.96
319.04,item_collect,Rabbit,71,58,75.0,221.7,26.0,94.6,61.3,131.9,star,319.04
319.52,position,Rabbit,71,59,75.0,299.7,140.0,131.8,56.7,187.5,,319.52
320.52,position,Rabbit,71,60,75.0,359.7,104.0,213.3,119.5,147.2,,320.52
321.45,item_collect,Rabbit,71,61,75.0,422.7,41.0,335.6,93.0,101.4,shield,321.45
321.52,position,Rabbit,71,61,75.0,422.7,53.0,345.1,91.8,86.7,,321.52
321.52,enemy_proximity,Rabbit,71,61,75.0,422.7,53.0,345.1,91.8,86.7,,321.52
322.51,position,Rabbit,71,62,75.0,518.7,116.0,417.2,75.4,109.3,,322.51
323.31,item_collect,Rabbit,72,63,75.0,596.7,248.0,505.3,123.1,154.8,star,323.31
323.51,position,Rabbit,72,63,75.0,626.7,284.0,522.6,142.0,176.1,,323.51
324.06,item_collect,Rabbit,72,63,75.0,668.7,266.0,567.3,191.4,125.9,shield,324.06
324.06,item_collect,Rabbit,72,63,75.0,668.7,266.0,567.3,191.4,125.9,clock,324.06
324.06,item_collect,Rabbit,72,63,75.0,668.7,266.0,567.3,191.4,125.9,trap,324.06
324.29,item_collect,Rabbit,73,64,75.0,722.7,314.0,569.3,224.9,177.4,star,324.29
324.51,position,Rabbit,73,64,75.0,722.7,392.0,589.9,245.6,197.6,,324.51
324.94,item_collect,Rabbit,73,84,75.0,656.7,434.0,644.2,267.8,166.7,heal,324.94
325.5,position,Rabbit,73,85,75.0,710.7,518.0,712.8,289.4,228.7,,325.5
325.75,item_collect,Rabbit,73,85,75.0,698.7,542.0,718.0,324.9,218.0,wall,325.75
326.5,position,Rabbit,73,86,75.0,611.7,542.0,715.7,406.4,171.0,,326.5
327.49,position,Rabbit,73,87,75.0,452.7,542.0,652.5,468.8,212.8,,327.49
328.49,position,Rabbit,73,88,75.0,353.7,515.0,606.6,463.7,258.1,,328.49
328.94,item_collect,Rabbit,73,88,75.0,341.7,473.0,582.2,454.8,241.3,clock,328.94
329.49,position,Rabbit,73,89,75.0,221.7,479.0,552.5,448.9,332.2,,329.49
330.02,item_collect,Rabbit,73,89,75.0,269.7,491.0,532.6,428.7,270.2,trap,330.02
330.49,position,Rabbit,73,90,75.0,269.7,443.0,475.7,439.3,206.1,,330.49
331.48,position,Rabbit,73,91,75.0,248.7,443.0,346.4,479.4,104.3,,331.48
332.48,position,Rabbit,73,92,75.0,128.7,449.0,256.7,450.6,128.1,,332.48
333.03,item_collect,Rabbit,74,92,75.0,122.7,521.0,234.9,469.6,123.5,star,333.03
333.38,item_collect,Rabbit,74,113,75.0,71.7,542.0,215.8,475.4,158.8,heal,333.38
333.38,item_collect,Rabbit,74,113,75.0,71.7,542.0,215.8,475.4,158.8,clock,333.38
333.48,position,Rabbit,74,113,75.0,35.7,536.0,210.1,476.1,184.4,,333.48
333.62,item_collect,Rabbit,74,113,75.0,23.7,488.0,202.5,477.1,179.1,clock,333.62
334.4,item_collect,Rabbit,75,114,75.0,83.7,308.0,180.8,447.2,169.7,star,334.4
334.48,position,Rabbit,75,114,75.0,83.7,278.0,180.7,442.4,190.8,,334.48
334.56,item_collect,Rabbit,75,114,75.0,83.7,248.0,180.5,437.6,212.9,shield,334.56
335.02,item_collect,Rabbit,75,134,75.0,131.7,122.0,180.2,410.2,292.2,heal,335.02
335.48,position,Rabbit,75,135,75.0,251.7,122.0,203.9,373.4,255.8,,335.48
336.48,position,Rabbit,75,136,75.0,305.7,203.0,232.4,245.7,84.8,,336.48
336.48,enemy_proximity,Rabbit,75,136,75.0,305.7,203.0,232.4,245.7,84.8,,336.48
337.47,position,Rabbit,75,137,75.0,446.7,272.0,352.3,229.2,103.6,,337.47
337.82,item_collect,Rabbit,75,157,75.0,401.7,296.0,367.9,270.3,42.5,heal,337.82
337.91,damage,Rabbit,75,132,75.0,383.7,302.0,364.2,284.3,26.4,,337.91
338.43,item_collect,Rabbit,75,152,75.0,383.7,221.0,364.2,284.3,66.1,heal,338.43
338.46,position,Rabbit,75,152,75.0,389.7,215.0,364.2,284.3,73.8,,338.46
338.46,enemy_proximity,Rabbit,75,152,75.0,389.7,215.0,364.2,284.3,73.8,,338.46
338.96,item_collect,Rabbit,75,152,75.0,392.7,132.2,364.2,284.3,154.7,trap,338.96
339.46,position,Rabbit,75,152,75.0,409.5,113.0,364.2,284.3,177.1,,339.46
340.45,position,Rabbit,75,152,75.0,419.7,104.0,375.9,215.7,120.0,,340.45
341.44,position,Rabbit,75,153,75.0,473.7,65.0,411.4,110.8,77.2,,341.44
341.44,enemy_proximity,Rabbit,75,153,75.0,473.7,65.0,411.4,110.8,77.2,,341.44
342.34,item_collect,Rabbit,75,154,75.0,608.7,23.0,456.9,93.1,167.1,clock,342.34
342.44,position,Rabbit,75,154,75.0,632.7,23.0,462.6,92.3,183.6,,342.44
342.86,item_collect,Rabbit,75,174,75.0,632.7,161.0,479.3,83.0,172.1,heal,342.86
343.42,item_collect,Rabbit,76,175,75.0,638.7,269.0,501.6,102.0,216.0,star,343.42
343.44,position,Rabbit,76,175,75.0,632.7,275.0,502.0,102.9,216.1,,343.44
344.43,position,Rabbit,76,176,75.0,542.7,314.0,484.1,176.5,149.5,,344.43
344.81,item_collect,Rabbit,77,176,75.0,602.7,281.0,502.7,222.1,116.0,star,344.81
345.34,item_collect,Rabbit,77,177,75.0,698.7,266.0,575.8,238.8,125.9,wall,345.34
345.42,position,Rabbit,77,177,75.0,713.7,266.0,586.4,241.5,129.6,,345.42
346.41,position,Rabbit,77,178,75.0,565.0,391.0,648.0,269.4,147.2,,346.41
347.41,position,Rabbit,77,179,75.0,529.0,418.0,543.7,333.0,86.2,,347.41
347.41,enemy_proximity,Rabbit,77,179,75.0,529.0,418.0,543.7,333.0,86.2,,347.41
348.4,position,Rabbit,77,180,75.0,421.0,451.0,480.5,420.0,67.1,,348.4
348.4,enemy_proximity,Rabbit,77,180,75.0,421.0,451.0,480.5,420.0,67.1,,348.4
349.14,damage,Rabbit,77,131,75.0,412.0,385.0,422.5,408.9,26.1,,349.14
349.4,position,Rabbit,77,131,75.0,421.0,340.0,420.5,373.0,33.0,,349.4
349.4,enemy_proximity,Rabbit,77,131,75.0,421.0,340.0,420.5,373.0,33.0,,349.4
350.4,position,Rabbit,77,131,75.0,385.0,163.0,389.0,257.8,94.9,,350.4
350.4,enemy_proximity,Rabbit,77,131,75.0,385.0,163.0,389.0,257.8,94.9,,350.4
350.51,item_collect,Rabbit,77,151,75.0,373.0,142.0,389.5,241.0,100.4,heal,350.51
351.32,item_collect,Rabbit,77,151,75.0,400.0,25.0,383.0,135.9,112.2,shield,351.32
351.38,position,Rabbit,77,151,75.0,412.0,25.0,390.7,131.1,108.2,,351.38
352.38,position,Rabbit,77,152,75.0,353.5,80.5,377.8,32.3,54.0,,352.38
352.38,enemy_proximity,Rabbit,77,152,75.0,353.5,80.5,377.8,32.3,54.0,,352.38
352.58,damage,Rabbit,77,127,75.0,353.5,71.5,366.3,49.5,25.4,,352.58
353.37,position,Rabbit,77,127,75.0,293.5,68.5,366.3,49.5,75.2,,353.37
353.37,enemy_proximity,Rabbit,77,127,75.0,293.5,68.5,366.3,49.5,75.2,,353.37
353.62,item_collect,Rabbit,78,127,75.0,281.5,23.5,366.3,49.5,88.7,star,353.62
354.18,item_collect,Rabbit,78,127,75.0,203.5,68.5,366.3,49.5,163.9,wall,354.18
354.37,position,Rabbit,78,127,75.0,221.5,101.5,366.3,49.5,153.8,,354.37
354.38,item_collect,Rabbit,78,147,75.0,224.5,104.5,366.3,49.5,152.1,heal,354.38
354.63,item_collect,Rabbit,79,147,75.0,221.5,149.5,365.5,54.3,172.7,star,354.63
355.37,position,Rabbit,79,147,75.0,145.0,211.0,307.2,103.6,194.6,,355.37
356.37,position,Rabbit,79,148,75.0,143.5,203.5,211.5,173.4,74.4,,356.37
356.37,enemy_proximity,Rabbit,79,148,75.0,143.5,203.5,211.5,173.4,74.4,,356.37
356.43,item_collect,Rabbit,79,148,75.0,143.5,191.5,211.1,183.0,68.1,shield,356.43
357.35,position,Rabbit,79,149,75.0,96.7,181.9,116.4,182.9,19.7,,357.35
357.35,enemy_proximity,Rabbit,79,149,75.0,96.7,181.9,116.4,182.9,19.7,,357.35
357.78,damage,Rabbit,79,99,75.0,76.3,209.5,96.5,194.6,25.1,,357.78
358.19,item_collect,Rabbit,79,119,75.0,41.5,241.3,66.7,220.7,32.5,heal,358.19
358.28,item_collect,Rabbit,79,119,75.0,29.5,250.3,58.5,228.1,36.5,trap,358.28
358.34,position,Rabbit,79,119,75.0,29.5,262.3,49.6,231.8,36.6,,358.34
358.34,enemy_proximity,Rabbit,79,119,75.0,29.5,262.3,49.6,231.8,36.6,,358.34
359.35,position,Rabbit,79,119,75.0,104.5,331.3,76.2,327.6,28.5,,359.35
359.35,enemy_proximity,Rabbit,79,119,75.0,104.5,331.3,76.2,327.6,28.5,,359.35
360.35,position,Rabbit,79,119,75.0,95.5,391.3,105.4,331.7,60.4,,360.35
360.35,enemy_proximity,Rabbit,79,119,75.0,95.5,391.3,105.4,331.7,60.4,,360.35
360.56,item_collect,Rabbit,80,119,75.0,83.5,430.3,111.1,342.8,91.8,star,360.56
360.89,item_collect,Rabbit,80,120,75.0,71.5,481.3,115.3,363.0,126.1,clock,360.89
361.34,position,Rabbit,80,120,75.0,119.5,475.3,103.4,383.0,93.7,,361.34
361.34,enemy_proximity,Rabbit,80,120,75.0,119.5,475.3,103.4,383.0,93.7,,361.34
362.33,position,Rabbit,80,121,75.0,269.5,355.3,148.8,390.8,125.8,,362.33
363.07,item_collect,Rabbit,80,142,75.0,362.5,400.3,198.6,385.9,164.5,heal,363.07
363.32,position,Rabbit,80,142,75.0,380.5,385.3,228.2,365.2,153.6,,363.32
364.32,position,Rabbit,80,143,75.0,422.5,301.3,322.4,301.5,100.1,,364.32
364.79,item_collect,Rabbit,80,144,75.0,482.5,340.3,395.2,300.1,96.1,shield,364.79
364.79,item_collect,Rabbit,81,144,75.0,482.5,340.3,395.2,300.1,96.1,star,364.79
365.32,position,Rabbit,81,144,75.0,482.5,295.3,465.9,325.7,34.6,,365.32
365.32,enemy_proximity,Rabbit,81,144,75.0,482.5,295.3,465.9,325.7,34.6,,365.32
365.37,damage,Rabbit,81,119,75.0,482.5,295.3,469.7,318.9,26.8,,365.37
366.31,position,Rabbit,81,119,75.0,512.5,229.3,469.7,318.9,99.3,,366.31
366.31,enemy_proximity,Rabbit,81,119,75.0,512.5,229.3,469.7,318.9,99.3,,366.31
366.91,item_collect,Rabbit,82,119,75.0,608.5,268.3,469.7,318.9,147.7,star,366.91
367.3,position,Rabbit,82,119,75.0,653.5,262.3,469.7,318.9,192.3,,367.3
368.3,position,Rabbit,82,119,75.0,572.5,130.3,593.6,283.0,154.2,,368.3
368.63,item_collect,Rabbit,83,120,75.0,572.5,70.3,582.0,241.1,171.1,star,368.63
369.29,position,Rabbit,83,120,75.0,563.5,106.3,570.2,138.7,33.1,,369.29
369.29,enemy_proximity,Rabbit,83,120,75.0,563.5,106.3,570.2,138.7,33.1,,369.29
369.31,damage,Rabbit,83,70,75.0,563.5,109.3,570.2,136.1,27.6,,369.31
370.28,position,Rabbit,83,70,75.0,473.5,143.0,492.6,145.1,19.2,,370.28
370.28,enemy_proximity,Rabbit,83,70,75.0,473.5,143.0,492.6,145.1,19.2,,370.28
371.11,item_collect,Rabbit,84,70,75.0,383.5,161.0,425.5,178.7,45.5,star,371.11
371.27,position,Rabbit,84,70,75.0,359.5,131.0,401.1,177.1,62.1,,371.27
371.27,enemy_proximity,Rabbit,84,70,75.0,359.5,131.0,401.1,177.1,62.1,,371.27
371.65,damage,Rabbit,84,20,75.0,353.5,113.0,365.8,135.3,25.4,,371.65
372.27,position,Rabbit,84,20,75.0,302.5,83.0,339.3,94.2,38.5,,372.27
372.27,enemy_proximity,Rabbit,84,20,75.0,302.5,83.0,339.3,94.2,38.5,,372.27
373.27,position,Rabbit,84,20,75.0,230.5,116.8,252.6,124.4,23.3,,373.27
373.27,enemy_proximity,Rabbit,84,20,75.0,230.5,116.8,252.6,124.4,23.3,,373.27
373.74,damage,Rabbit,84,-30,75.0,206.5,188.8,212.4,161.5,28.0,,373.74
373.74,game_over,Rabbit,84,0,75.0,206.5,188.8,212.4,161.5,28.0,,373.74
0.94,item_collect,Sheep,2,100,25,390,279,64.8,55.3,394.7,star,0.94
1.09,position,Sheep,2,100,25,411,282,73.6,57.0,405.5,,1.09
2.06,item_collect,Sheep,4,100,25,459,270,113.8,84.1,392.0,star,2.06
2.1,position,Sheep,4,100,25,465,270,114.2,86.1,396.1,,2.1
3.09,position,Sheep,4,100,25,480,147,156.3,116.3,325.1,,3.09
3.31,item_collect,Sheep,4,100,25,519,144,169.2,117.8,350.7,heal,3.31
4.09,position,Sheep,4,100,25,570,42,216.2,119.6,362.2,,4.09
4.21,item_collect,Sheep,6,100,25,552,24,223.2,119.7,342.4,star,4.21
4.38,item_collect,Sheep,6,100,25,522,24,233.2,119.8,304.3,clock,4.38
4.71,item_collect,Sheep,8,100,25,612,24,253.2,119.9,371.4,star,4.71
5.09,position,Sheep,8,100,25,631.5,60,276.2,119.9,360.3,,5.09
6.09,position,Sheep,8,100,25,637.5,270,324.7,94.2,358.8,,6.09
7.08,position,Sheep,8,100,25,559.5,360,356.1,129.7,307.3,,7.08
7.69,item_collect,Sheep,10,100,25,565.5,399,379.3,154.6,307.2,star,7.69
8.07,position,Sheep,10,100,25,535.5,459,385.8,181.0,315.7,,8.07
9.07,position,Sheep,10,100,25,475.5,456,389.7,252.8,220.5,,9.07
10.07,position,Sheep,10,100,25,415.5,471,413.7,314.2,156.8,,10.07
11.07,position,Sheep,10,100,25,325.5,441,409.7,380.0,104.0,,11.07
11.12,item_collect,Sheep,10,100,25,325.5,432,406.5,381.6,95.4,clock,11.12
12.07,position,Sheep,10,100,25,265.5,342,351.1,411.0,110.0,,12.07
12.53,item_collect,Sheep,10,100,25,223.5,234,318.4,417.6,206.7,shield,12.53
13.06,position,Sheep,10,100,25,205.5,174,290.5,397.4,239.0,,13.06
14.06,position,Sheep,10,100,25,205.5,201,235.2,363.0,164.6,,14.06
14.94,item_collect,Sheep,12,100,25,193.5,207,211.7,311.7,106.3,star,14.94
15.06,position,Sheep,12,100,25,172.5,207,211.3,303.3,103.9,,15.06
16.05,position,Sheep,12,100,25,109.5,153,210.1,231.3,127.5,,16.05
17.04,position,Sheep,12,100,25,133.5,54,157.6,197.5,145.5,,17.04
17.45,item_collect,Sheep,14,100,25,190.5,24,133.2,184.8,170.8,star,17.45
18.04,position,Sheep,14,100,25,298.5,36,122.7,143.2,205.9,,18.04
19.03,position,Sheep,14,100,25,361.5,111,182.2,121.6,179.7,,19.03
20.02,position,Sheep,14,100,25,388.5,150,254.1,120.1,137.7,,20.02
20.91,item_collect,Sheep,14,100,25,430.5,180,307.8,97.9,147.7,shield,20.91
21.01,position,Sheep,14,100,25,448.5,180,314.6,95.5,158.4,,21.01
22.02,position,Sheep,14,100,25,511.5,219,356.5,131.6,177.9,,22.02
23.0,position,Sheep,14,100,25,601.5,243,407.9,173.7,205.6,,23.0
23.45,item_collect,Sheep,16,100,25,610.5,300,440.0,178.0,209.7,star,23.45
23.99,position,Sheep,16,100,25,646.5,264,471.4,192.2,189.2,,23.99
24.99,position,Sheep,16,100,25,646.5,264,524.5,233.5,125.8,,24.99
25.98,position,Sheep,16,100,25,661.5,264,589.6,249.9,73.2,,25.98
25.98,enemy_proximity,Sheep,16,100,25,661.5,264,589.6,249.9,73.2,,25.98
26.98,position,Sheep,16,100,25,625.5,162,650.6,257.3,98.5,,26.98
26.98,enemy_proximity,Sheep,16,100,25,625.5,162,650.6,257.3,98.5,,26.98
26.98,item_collect,Sheep,16,100,25,625.5,162,650.6,257.3,98.5,shield,26.98
27.98,position,Sheep,16,100,25,547.5,144,652.8,190.5,115.1,,27.98
28.97,position,Sheep,16,100,25,454.5,90,599.2,153.5,158.1,,28.97
29.97,position,Sheep,16,100,25,355.5,24,527.4,150.2,213.2,,29.97
30.97,position,Sheep,16,100,25,316.5,84,494.1,95.7,177.9,,30.97
31.96,position,Sheep,16,100,25,284.2,152.2,428.8,100.4,153.6,,31.96
32.59,item_collect,Sheep,16,100,25,302.2,221.2,396.2,125.5,134.1,shield,32.59
32.96,position,Sheep,16,100,25,278.2,242.2,392.4,151.5,145.8,,32.96
33.69,item_collect,Sheep,18,100,25,266.2,338.2,381.9,199.0,181.0,star,33.69
33.95,position,Sheep,18,100,25,266.2,386.2,363.8,204.8,206.0,,33.95
34.95,position,Sheep,18,100,25,332.2,422.2,359.1,266.0,158.5,,34.95
35.95,position,Sheep,18,100,25,275.2,383.2,346.9,327.1,91.1,,35.95
35.95,enemy_proximity,Sheep,18,100,25,275.2,383.2,346.9,327.1,91.1,,35.95
36.96,position,Sheep,18,100,25,203.2,371.2,285.5,301.7,107.7,,36.96
37.96,position,Sheep,18,100,25,113.2,356.2,249.5,354.2,136.3,,37.96
38.17,item_collect,Sheep,20,100,25,128.2,323.2,234.1,356.4,110.9,star,38.17
38.95,position,Sheep,20,100,25,83.2,245.2,204.2,310.4,137.4,,38.95
39.95,position,Sheep,20,100,25,53.2,230.2,134.9,275.7,93.5,,39.95
39.95,enemy_proximity,Sheep,20,100,25,53.2,230.2,134.9,275.7,93.5,,39.95
40.35,item_collect,Sheep,20,100,25,41.2,242.2,101.9,269.0,66.3,clock,40.35
40.94,position,Sheep,20,100,25,23.2,332.2,64.9,244.1,97.6,,40.94
40.94,enemy_proximity,Sheep,20,100,25,23.2,332.2,64.9,244.1,97.6,,40.94
41.93,position,Sheep,20,100,25,209.2,296.2,113.0,266.7,100.7,,41.93
42.92,position,Sheep,20,100,25,242.2,362.2,184.5,296.6,87.4,,42.92
42.92,enemy_proximity,Sheep,20,100,25,242.2,362.2,184.5,296.6,87.4,,42.92
43.92,position,Sheep,20,100,25,302.2,398.2,230.7,353.8,84.2,,43.92
43.92,enemy_proximity,Sheep,20,100,25,302.2,398.2,230.7,353.8,84.2,,43.92
44.71,item_collect,Sheep,22,100,25,362.2,371.2,284.9,384.0,78.4,star,44.71
44.91,position,Sheep,22,100,25,362.2,335.2,291.4,399.5,95.6,,44.91
44.91,enemy_proximity,Sheep,22,100,25,362.2,335.2,291.4,399.5,95.6,,44.91
45.9,position,Sheep,22,100,25,437.2,332.2,360.7,400.3,102.4,,45.9
46.9,position,Sheep,22,100,25,596.2,386.2,416.3,354.9,182.6,,46.9
47.72,item_collect,Sheep,24,100,25,569.2,431.2,469.1,339.6,135.8,star,47.72
47.9,position,Sheep,24,100,25,569.2,440.2,473.5,354.2,128.8,,47.9
48.23,item_collect,Sheep,24,100,25,551.2,440.2,477.7,381.8,94.0,shield,48.23
48.23,item_collect,Sheep,24,100,25,551.2,440.2,477.7,381.8,94.0,clock,48.23
48.89,position,Sheep,24,100,25,545.2,440.2,510.4,415.0,43.0,,48.89
48.89,enemy_proximity,Sheep,24,100,25,545.2,440.2,510.4,415.0,43.0,,48.89
49.0,damage,Sheep,24,75,25,545.2,428.2,520.1,416.6,27.7,,49.0
49.88,position,Sheep,24,75,25,647.2,356.2,520.1,416.6,140.8,,49.88
50.88,position,Sheep,24,75,25,722.2,299.2,520.1,416.6,233.8,,50.88
51.87,position,Sheep,24,75,25,602.2,263.2,566.5,382.2,124.2,,51.87
52.84,item_collect,Sheep,24,76,25,491.2,263.2,514.5,334.1,74.6,shield,52.84
52.88,position,Sheep,24,76,25,485.2,263.2,511.7,333.8,75.3,,52.88
52.88,enemy_proximity,Sheep,24,76,25,485.2,263.2,511.7,333.8,75.3,,52.88
53.87,position,Sheep,24,77,25,386.2,218.2,432.1,327.2,118.2,,53.87
54.86,position,Sheep,24,78,25,353.2,62.2,392.5,261.9,203.4,,54.86
55.86,position,Sheep,24,79,25,269.2,134.2,347.2,216.4,113.3,,55.86
56.85,position,Sheep,24,80,25,122.2,125.2,301.7,164.1,183.7,,56.85
57.22,item_collect,Sheep,24,81,25,107.2,161.2,279.9,146.2,173.3,clock,57.22
57.85,position,Sheep,24,81,25,161.2,211.7,237.3,123.3,116.6,,57.85
58.86,position,Sheep,24,81,25,96.4,173.2,211.1,189.8,115.9,,58.86
59.37,item_collect,Sheep,24,100,25,51.4,131.2,174.1,206.1,143.7,heal,59.37
59.69,item_collect,Sheep,26,100,25,42.4,113.2,156.5,194.0,139.7,star,59.69
59.86,position,Sheep,26,100,25,24.4,92.2,143.5,189.0,153.3,,59.86
60.86,position,Sheep,26,100,25,126.4,56.2,119.8,125.9,69.9,,60.86
60.86,enemy_proximity,Sheep,26,100,25,126.4,56.2,119.8,125.9,69.9,,60.86
60.87,item_collect,Sheep,28,100,25,129.4,56.2,119.8,124.5,68.9,star,60.87
61.85,position,Sheep,28,100,25,291.4,26.2,140.3,52.5,153.4,,61.85
62.84,position,Sheep,28,100,25,360.4,77.2,216.7,31.0,151.0,,62.84
63.84,position,Sheep,28,100,25,420.4,41.2,292.1,43.9,128.4,,63.84
64.85,position,Sheep,28,100,25,462.4,89.2,345.9,91.2,116.6,,64.85
65.84,position,Sheep,28,100,25,495.4,152.2,379.6,152.2,115.9,,65.84
66.83,position,Sheep,28,100,25,501.4,212.2,453.1,178.6,58.9,,66.83
66.83,enemy_proximity,Sheep,28,100,25,501.4,212.2,453.1,178.6,58.9,,66.83
67.82,position,Sheep,28,100,25,474.4,305.2,504.8,232.9,78.5,,67.82
67.82,enemy_proximity,Sheep,28,100,25,474.4,305.2,504.8,232.9,78.5,,67.82
68.83,position,Sheep,28,100,25,381.4,293.2,451.2,269.3,73.7,,68.83
68.83,enemy_proximity,Sheep,28,100,25,381.4,293.2,451.2,269.3,73.7,,68.83
69.83,position,Sheep,28,100,25,294.4,224.2,370.6,264.8,86.3,,69.83
69.83,enemy_proximity,Sheep,28,100,25,294.4,224.2,370.6,264.8,86.3,,69.83
70.82,position,Sheep,28,100,25,168.4,302.2,322.6,212.8,178.2,,70.82
71.03,item_collect,Sheep,30,100,25,144.4,281.2,309.4,219.3,176.2,star,71.03
71.81,position,Sheep,30,100,25,45.4,242.2,240.2,238.9,194.8,,71.81
71.98,item_collect,Sheep,32,100,25,24.4,248.2,224.2,239.5,200.0,star,71.98
72.31,item_collect,Sheep,32,100,25,24.4,308.2,214.4,265.6,194.7,shield,72.31
72.81,position,Sheep,32,100,25,75.4,323.2,185.3,294.8,113.5,,72.81
73.14,item_collect,Sheep,34,100,25,87.4,311.2,159.7,300.9,73.0,star,73.14
73.81,position,Sheep,34,100,25,87.4,191.2,110.7,272.3,84.3,,73.81
73.81,enemy_proximity,Sheep,34,100,25,87.4,191.2,110.7,272.3,84.3,,73.81
74.81,position,Sheep,34,100,25,120.4,83.2,90.4,185.1,106.2,,74.81
75.03,item_collect,Sheep,34,100,25,129.4,113.2,90.2,164.3,64.4,clock,75.03
75.8,position,Sheep,34,100,25,285.4,113.2,145.4,124.3,140.5,,75.8
76.72,item_collect,Sheep,36,100,25,279.4,23.2,209.2,94.9,100.4,star,76.72
76.8,position,Sheep,36,100,25,249.4,23.2,209.4,86.9,75.2,,76.8
76.8,enemy_proximity,Sheep,36,100,25,249.4,23.2,209.4,86.9,75.2,,76.8
77.79,position,Sheep,36,100,25,300.4,137.2,260.9,32.1,112.4,,77.79
78.79,position,Sheep,36,100,25,366.4,206.2,298.9,100.5,125.5,,78.79
79.66,item_collect,Sheep,38,100,25,417.4,308.2,299.9,183.7,171.2,star,79.66
79.79,position,Sheep,38,100,25,417.4,332.2,301.4,195.6,179.3,,79.79
80.78,position,Sheep,38,100,25,474.4,446.2,357.6,256.2,223.2,,80.78
81.03,item_collect,Sheep,40,100,25,474.4,488.2,358.9,280.1,238.1,star,81.03
81.78,position,Sheep,40,100,25,480.4,425.2,359.9,360.9,136.6,,81.78
82.77,position,Sheep,40,100,25,576.4,386.2,417.2,432.1,165.7,,82.77
83.76,position,Sheep,40,100,25,441.4,323.2,478.2,394.4,80.0,,83.76
83.76,enemy_proximity,Sheep,40,100,25,441.4,323.2,478.2,394.4,80.0,,83.76
84.77,position,Sheep,40,100,25,294.4,296.2,429.8,323.6,138.1,,84.77
85.76,position,Sheep,40,100,25,204.4,392.2,330.2,300.3,155.8,,85.76
86.21,item_collect,Sheep,42,100,25,177.4,398.2,282.7,301.7,142.8,star,86.21
86.76,position,Sheep,42,100,25,174.4,479.2,259.2,351.1,153.6,,86.76
87.04,item_collect,Sheep,44,100,25,174.4,488.2,229.5,357.3,142.0,star,87.04
87.76,position,Sheep,44,100,25,144.4,443.2,184.7,410.5,51.9,,87.76
87.76,enemy_proximity,Sheep,44,100,25,144.4,443.2,184.7,410.5,51.9,,87.76
88.37,item_collect,Sheep,46,100,25,117.4,488.2,142.3,446.8,48.3,star,88.37
88.75,position,Sheep,46,100,25,96.4,542.2,124.4,478.9,69.2,,88.75
88.75,enemy_proximity,Sheep,46,100,25,96.4,542.2,124.4,478.9,69.2,,88.75
89.75,position,Sheep,46,100,25,24.4,437.2,61.7,538.7,108.1,,89.75
89.78,item_collect,Sheep,48,100,25,24.4,431.2,58.1,538.8,112.7,star,89.78
90.28,item_collect,Sheep,48,100,25,69.4,383.2,33.1,501.7,123.9,shield,90.28
90.74,position,Sheep,48,100,25,153.4,383.2,30.4,451.4,140.7,,90.74
91.74,position,Sheep,48,100,25,264.4,362.2,87.8,391.5,179.0,,91.74
92.73,position,Sheep,48,100,25,306.4,203.2,195.8,390.0,217.1,,92.73
93.72,position,Sheep,48,100,25,300.4,74.2,209.8,284.1,228.6,,93.72
94.08,item_collect,Sheep,48,100,25,309.4,89.2,210.0,244.5,184.4,shield,94.08
94.25,item_collect,Sheep,50,100,25,339.4,92.2,210.0,226.5,186.5,star,94.25
94.71,position,Sheep,50,100,25,321.4,92.2,210.0,170.7,136.3,,94.71
95.7,position,Sheep,50,100,25,264.4,23.2,210.1,52.0,61.5,,95.7
95.7,enemy_proximity,Sheep,50,100,25,264.4,23.2,210.1,52.0,61.5,,95.7
96.7,position,Sheep,50,100,25,294.4,101.2,295.4,64.6,36.7,,96.7
96.7,enemy_proximity,Sheep,50,100,25,294.4,101.2,295.4,64.6,36.7,,96.7
97.19,damage,Sheep,50,75,25,264.4,128.2,283.2,112.9,24.2,,97.19
97.7,position,Sheep,50,75,25,189.4,113.2,283.2,112.9,93.7,,97.7
97.7,enemy_proximity,Sheep,50,75,25,189.4,113.2,283.2,112.9,93.7,,97.7
98.7,position,Sheep,50,75,25,216.4,83.2,283.2,112.9,73.0,,98.7
98.7,enemy_proximity,Sheep,50,75,25,216.4,83.2,283.2,112.9,73.0,,98.7
98.95,item_collect,Sheep,52,75,25,204.4,41.2,283.2,112.9,106.5,star,98.95
99.69,position,Sheep,52,75,25,300.4,32.2,290.8,108.1,76.5,,99.69
99.69,enemy_proximity,Sheep,52,75,25,300.4,32.2,290.8,108.1,76.5,,99.69
100.21,damage,Sheep,52,26,25,285.4,23.2,299.2,47.1,27.6,,100.21
100.68,position,Sheep,52,26,25,201.4,35.2,247.2,31.5,45.9,,100.68
100.68,enemy_proximity,Sheep,52,26,25,201.4,35.2,247.2,31.5,45.9,,100.68
101.68,position,Sheep,52,26,25,210.4,140.2,211.6,88.8,51.5,,101.68
101.68,enemy_proximity,Sheep,52,26,25,210.4,140.2,211.6,88.8,51.5,,101.68
102.68,position,Sheep,52,26,25,210.4,320.2,210.0,208.8,111.5,,102.68
103.68,position,Sheep,52,27,25,330.4,449.2,210.0,328.8,170.4,,103.68
104.14,item_collect,Sheep,52,47,25,339.4,413.2,247.9,356.1,107.9,heal,104.14
104.67,position,Sheep,52,48,25,360.4,329.2,290.3,396.5,97.1,,104.67
104.67,enemy_proximity,Sheep,52,48,25,360.4,329.2,290.3,396.5,97.1,,104.67
105.67,position,Sheep,52,49,25,390.4,149.2,270.3,299.4,192.3,,105.67
106.67,position,Sheep,52,50,25,390.4,170.2,325.3,214.1,78.6,,106.67
106.67,enemy_proximity,Sheep,52,50,25,390.4,170.2,325.3,214.1,78.6,,106.67
107.65,position,Sheep,52,51,25,510.4,218.2,432.4,182.1,86.0,,107.65
107.65,enemy_proximity,Sheep,52,51,25,510.4,218.2,432.4,182.1,86.0,,107.65
108.1,item_collect,Sheep,52,71,25,579.4,236.2,477.5,197.0,109.3,heal,108.1
108.65,position,Sheep,52,72,25,660.4,266.2,526.2,234.0,138.1,,108.65
109.63,item_collect,Sheep,54,73,25,654.4,338.2,631.7,266.4,75.3,star,109.63
109.65,position,Sheep,54,73,25,654.4,341.2,633.7,266.7,77.4,,109.65
109.65,enemy_proximity,Sheep,54,73,25,654.4,341.2,633.7,266.7,77.4,,109.65
110.3,item_collect,Sheep,56,74,25,654.4,458.2,708.1,275.2,190.7,star,110.3
110.47,item_collect,Sheep,56,74,25,642.4,482.2,714.1,294.1,201.3,wall,110.47
110.47,item_collect,Sheep,58,74,25,642.4,482.2,714.1,294.1,201.3,star,110.47
110.65,position,Sheep,58,74,25,621.4,482.2,717.7,315.8,192.2,,110.65
110.72,item_collect,Sheep,58,74,25,621.4,491.2,710.5,319.5,193.5,clock,110.72
111.26,item_collect,Sheep,58,75,25,549.4,539.2,663.6,352.7,218.7,shield,111.26
111.64,position,Sheep,58,75,25,473.2,473.2,624.1,358.5,189.6,,111.64
112.65,position,Sheep,58,75,25,413.2,444.4,542.5,415.4,132.5,,112.65
113.65,position,Sheep,58,76,25,413.2,402.4,434.9,448.1,50.6,,113.65
113.65,enemy_proximity,Sheep,58,76,25,413.2,402.4,434.9,448.1,50.6,,113.65
114.64,position,Sheep,58,77,25,353.2,282.4,420.1,332.1,83.4,,114.64
114.64,enemy_proximity,Sheep,58,77,25,353.2,282.4,420.1,332.1,83.4,,114.64
115.64,position,Sheep,58,78,25,272.2,294.4,321.6,300.3,49.8,,115.64
115.64,enemy_proximity,Sheep,58,78,25,272.2,294.4,321.6,300.3,49.8,,115.64
116.63,position,Sheep,58,79,25,203.2,390.4,238.8,355.9,49.6,,116.63
116.63,enemy_proximity,Sheep,58,79,25,203.2,390.4,238.8,355.9,49.6,,116.63
116.75,item_collect,Sheep,58,99,25,191.2,390.4,224.9,357.9,46.9,heal,116.75
117.63,position,Sheep,58,100,25,89.2,318.4,132.4,389.6,83.3,,117.63
117.63,enemy_proximity,Sheep,58,100,25,89.2,318.4,132.4,389.6,83.3,,117.63
118.5,item_collect,Sheep,60,100,25,23.2,312.4,67.5,331.5,48.2,star,118.5
118.63,position,Sheep,60,100,25,23.2,288.4,50.1,330.8,50.2,,118.63
118.63,enemy_proximity,Sheep,60,100,25,23.2,288.4,50.1,330.8,50.2,,118.63
119.63,position,Sheep,60,100,25,92.2,171.4,58.9,221.1,59.9,,119.63
119.63,enemy_proximity,Sheep,60,100,25,92.2,171.4,58.9,221.1,59.9,,119.63
119.78,item_collect,Sheep,60,100,25,98.2,144.4,76.3,213.2,72.2,shield,119.78
120.18,damage,Sheep,60,75,25,119.2,168.4,92.0,168.3,27.2,,120.18
120.63,position,Sheep,60,75,25,152.2,180.4,92.0,168.3,61.4,,120.63
120.63,enemy_proximity,Sheep,60,75,25,152.2,180.4,92.0,168.3,61.4,,120.63
121.62,position,Sheep,60,75,25,284.2,237.4,92.0,168.3,204.2,,121.62
122.62,position,Sheep,60,75,25,392.2,222.4,141.3,191.7,252.8,,122.62
123.63,position,Sheep,60,76,25,494.2,270.4,256.1,238.3,240.3,,123.63
124.52,item_collect,Sheep,62,77,25,602.2,279.4,353.2,227.7,254.3,star,124.52
124.62,position,Sheep,62,77,25,602.2,297.4,355.3,240.7,253.3,,124.62
125.62,position,Sheep,62,78,25,554.2,360.4,430.0,321.4,130.2,,125.62
125.82,item_collect,Sheep,62,78,25,569.2,369.4,455.8,326.4,121.3,clock,125.82
126.62,position,Sheep,62,79,25,533.2,483.4,482.2,374.2,120.6,,126.62
126.63,item_collect,Sheep,62,79,25,533.2,489.4,482.1,376.4,124.1,clock,126.63
127.62,position,Sheep,62,80,25,533.2,541.9,489.9,500.0,60.3,,127.62
127.62,enemy_proximity,Sheep,62,80,25,533.2,541.9,489.9,500.0,60.3,,127.62
127.95,damage,Sheep,62,30,25,533.2,541.9,527.9,515.4,27.1,,127.95
128.62,position,Sheep,62,30,25,497.2,415.9,539.4,455.6,58.0,,128.62
128.62,enemy_proximity,Sheep,62,30,25,497.2,415.9,539.4,455.6,58.0,,128.62
129.04,item_collect,Sheep,64,30,25,473.2,460.9,508.5,424.1,51.0,star,129.04
129.61,position,Sheep,64,30,25,443.2,541.9,481.5,481.7,71.4,,129.61
129.61,enemy_proximity,Sheep,64,30,25,443.2,541.9,481.5,481.7,71.4,,129.61
129.8,item_collect,Sheep,64,30,25,431.2,541.9,480.6,505.9,61.1,wall,129.8
129.8,item_collect,Sheep,66,30,25,431.2,541.9,480.6,505.9,61.1,star,129.8
130.11,item_collect,Sheep,66,30,25,401.2,514.9,478.3,526.6,77.9,trap,130.11
130.11,item_collect,Sheep,68,30,25,401.2,514.9,478.3,526.6,77.9,star,130.11
130.61,position,Sheep,68,30,25,413.2,424.9,451.5,535.7,117.2,,130.61
131.59,position,Sheep,68,31,25,421.0,340.0,420.1,427.8,87.8,,131.59
131.59,enemy_proximity,Sheep,68,31,25,421.0,340.0,420.1,427.8,87.8,,131.59
132.59,position,Sheep,68,32,25,511.0,256.0,420.0,356.5,135.6,,132.59
133.58,position,Sheep,68,33,25,632.5,301.0,436.0,325.1,198.0,,133.58
134.57,position,Sheep,68,34,25,722.5,304.0,488.6,329.2,235.2,,134.57
135.41,item_collect,Sheep,68,35,25,671.5,421.0,570.7,356.3,119.7,shield,135.41
135.56,position,Sheep,68,35,25,653.5,442.0,590.4,358.4,104.7,,135.56
135.76,item_collect,Sheep,68,55,25,668.5,478.0,616.8,359.4,129.4,heal,135.76
136.57,position,Sheep,68,56,25,596.5,481.0,659.2,434.6,78.0,,136.57
136.57,enemy_proximity,Sheep,68,56,25,596.5,481.0,659.2,434.6,78.0,,136.57
137.0,item_collect,Sheep,68,57,25,569.5,433.0,635.3,474.5,77.8,wall,137.0
137.56,position,Sheep,68,57,25,539.5,331.0,579.0,444.0,119.8,,137.56
138.56,position,Sheep,68,58,25,455.5,265.0,490.6,415.5,154.5,,138.56
139.55,position,Sheep,68,59,25,311.5,205.0,430.1,323.4,167.6,,139.55
140.55,position,Sheep,68,59,25,297.1,97.0,361.0,237.0,153.9,,140.55
140.85,item_collect,Sheep,68,59,25,297.1,43.0,335.9,214.8,176.1,clock,140.85
141.55,position,Sheep,68,60,25,117.1,67.0,285.1,156.0,190.1,,141.55
142.19,item_collect,Sheep,70,60,25,27.1,283.0,218.9,121.4,250.8,star,142.19
142.55,position,Sheep,70,61,25,27.1,331.0,166.3,120.2,252.7,,142.55
143.31,item_collect,Sheep,70,61,25,114.1,370.0,100.5,180.4,190.1,shield,143.31
143.56,position,Sheep,70,62,25,117.1,391.0,92.7,215.3,177.3,,143.56
144.56,position,Sheep,70,63,25,270.1,355.0,131.4,327.1,141.5,,144.56
145.55,position,Sheep,70,63,25,332.5,456.4,229.5,353.8,145.4,,145.55
146.0,item_collect,Sheep,72,63,25,369.1,481.6,281.2,382.5,132.5,star,146.0
146.55,position,Sheep,72,63,25,420.1,454.6,316.3,445.5,104.2,,146.55
147.07,item_collect,Sheep,72,64,25,459.1,445.6,375.2,477.9,89.9,clock,147.07
147.55,position,Sheep,72,64,25,561.1,415.6,432.6,455.8,134.6,,147.55
148.03,damage,Sheep,72,15,25,513.1,415.6,488.4,427.3,27.3,,148.03
148.55,position,Sheep,72,15,25,579.1,355.6,558.2,414.1,62.1,,148.55
148.55,enemy_proximity,Sheep,72,15,25,579.1,355.6,558.2,414.1,62.1,,148.55
148.68,item_collect,Sheep,72,35,25,537.1,343.6,564.5,396.2,59.3,heal,148.68
149.54,position,Sheep,72,35,25,600.1,286.6,568.8,304.4,36.0,,149.54
149.54,enemy_proximity,Sheep,72,35,25,600.1,286.6,568.8,304.4,36.0,,149.54
150.09,damage,Sheep,72,-15,25,579.1,235.6,597.9,256.2,27.9,,150.09
150.09,game_over,Sheep,72,0,25,579.1,235.6,597.9,256.2,27.9,,150.09
1.08,position,Sheep,0,100,25,390,270,73.6,57.0,381.4,,1.08
2.08,position,Sheep,0,100,25,354,231,114.2,86.1,280.2,,2.08
2.56,item_collect,Sheep,0,100,25,354,309,118.6,114.2,305.5,heal,2.56
2.68,item_collect,Sheep,2,100,25,342,330,118.9,121.2,305.6,star,2.68
3.07,position,Sheep,2,100,25,324,297,119.5,145.2,254.7,,3.07
4.06,position,Sheep,2,100,25,480,324,143.8,194.4,360.4,,4.06
4.11,item_collect,Sheep,4,100,25,489,324,146.5,195.6,365.8,star,4.11
5.06,position,Sheep,4,100,25,585,294,197.6,214.1,395.6,,5.06
6.05,position,Sheep,4,100,25,576,234,249.2,237.0,326.8,,6.05
6.44,item_collect,Sheep,6,100,25,564,222,273.1,238.6,291.4,star,6.44
7.04,position,Sheep,6,100,25,564,114,299.3,221.0,285.5,,7.04
7.89,item_collect,Sheep,8,100,25,492,27,349.1,211.7,233.6,star,7.89
8.04,position,Sheep,8,100,25,483,27,358.1,211.4,222.7,,8.04
9.03,position,Sheep,8,100,25,558,27,386.9,169.1,222.5,,9.03
10.02,position,Sheep,8,100,25,570,135,407.2,119.6,163.5,,10.02
11.02,position,Sheep,8,100,25,672,180,455.3,93.3,233.4,,11.02
11.16,item_collect,Sheep,8,100,25,699,180,464.2,92.1,250.7,wall,11.16
12.01,position,Sheep,8,100,25,669,261,502.7,109.7,224.8,,12.01
12.94,item_collect,Sheep,10,100,25,715.0,310.0,535.2,144.3,244.6,star,12.94
13.01,position,Sheep,10,100,25,715.0,322.0,539.7,145.0,249.1,,13.01
13.99,position,Sheep,10,100,25,655.0,373.0,568.0,201.8,192.0,,13.99
15.0,position,Sheep,10,100,25,556.0,427.0,594.6,262.6,168.9,,15.0
15.03,item_collect,Sheep,12,100,25,556.0,433.0,595.0,265.0,172.5,star,15.03
15.98,position,Sheep,12,100,25,475.0,415.0,552.5,300.0,138.6,,15.98
16.98,position,Sheep,12,100,25,376.0,391.0,492.4,328.3,132.2,,16.98
17.98,position,Sheep,12,100,25,262.0,463.0,428.2,341.9,205.6,,17.98
18.94,item_collect,Sheep,14,100,25,223.0,541.0,388.5,385.8,226.9,star,18.94
18.97,position,Sheep,14,100,25,217.0,541.0,386.1,386.1,229.3,,18.97
19.43,item_collect,Sheep,14,100,25,175.0,493.0,365.1,405.2,209.4,wall,19.43
19.92,item_collect,Sheep,16,100,25,175.0,403.0,331.1,416.0,156.6,star,19.92
19.97,position,Sheep,16,100,25,175.0,394.0,327.5,416.5,154.2,,19.97
20.1,item_collect,Sheep,16,100,25,199.0,370.0,318.0,417.7,128.2,shield,20.1
20.92,item_collect,Sheep,16,100,25,208.0,223.0,278.8,382.6,174.6,wall,20.92
20.97,position,Sheep,16,100,25,208.0,214.0,277.5,379.3,179.3,,20.97
21.07,item_collect,Sheep,18,100,25,193.0,205.0,274.2,373.2,186.8,star,21.07
21.57,item_collect,Sheep,20,100,25,103.0,172.0,243.4,363.9,237.8,star,21.57
21.97,position,Sheep,20,100,25,67.0,148.0,225.5,361.8,266.2,,21.97
22.32,item_collect,Sheep,22,100,25,100.0,145.0,214.5,336.4,223.0,star,22.32
22.98,position,Sheep,22,100,25,166.0,118.0,210.5,282.0,169.9,,22.98
23.97,position,Sheep,22,100,25,289.0,115.0,210.0,198.0,114.5,,23.97
24.22,item_collect,Sheep,22,100,25,301.0,73.0,210.0,177.0,138.2,clock,24.22
24.97,position,Sheep,22,100,25,301.0,151.0,228.2,126.6,76.8,,24.97
24.97,enemy_proximity,Sheep,22,100,25,301.0,151.0,228.2,126.6,76.8,,24.97
25.97,position,Sheep,22,100,25,469.0,271.0,291.8,160.7,208.7,,25.97
26.96,position,Sheep,22,100,25,412.0,301.0,344.8,207.6,115.1,,26.96
27.41,item_collect,Sheep,22,100,25,421.0,370.0,355.7,243.4,142.5,wall,27.41
27.41,item_collect,Sheep,24,100,25,421.0,370.0,355.7,243.4,142.5,star,27.41
27.96,position,Sheep,24,100,25,340.0,397.0,359.2,286.6,112.1,,27.96
28.33,item_collect,Sheep,26,100,25,274.0,463.0,359.7,314.6,171.4,star,28.33
28.95,position,Sheep,26,100,25,241.0,481.0,360.0,367.8,164.2,,28.95
29.86,item_collect,Sheep,28,100,25,193.0,541.0,321.8,416.4,179.2,star,29.86
29.94,position,Sheep,28,100,25,178.0,541.0,314.9,417.5,184.4,,29.94
30.94,position,Sheep,28,100,25,142.0,385.0,249.6,456.1,129.0,,30.94
31.53,item_collect,Sheep,30,100,25,115.0,343.0,207.3,476.4,162.2,star,31.53
31.93,position,Sheep,30,100,25,151.0,313.0,185.3,455.9,146.9,,31.93
32.93,position,Sheep,30,100,25,235.0,226.0,205.0,371.4,148.5,,32.93
33.53,item_collect,Sheep,32,100,25,280.0,241.0,209.5,314.0,101.5,star,33.53
33.93,position,Sheep,32,100,25,316.0,205.0,209.9,275.6,127.5,,33.93
34.74,item_collect,Sheep,34,100,25,370.0,127.0,264.3,241.8,156.1,star,34.74
34.92,position,Sheep,34,100,25,355.0,94.0,281.8,240.9,164.1,,34.92
35.92,position,Sheep,34,100,25,424.0,85.0,299.6,150.3,140.5,,35.92
36.92,position,Sheep,34,100,25,487.0,83.2,346.1,95.2,141.4,,36.92
37.91,position,Sheep,34,100,25,536.8,23.8,424.8,99.4,135.1,,37.91
38.41,item_collect,Sheep,34,100,25,626.8,38.8,468.2,86.0,165.5,heal,38.41
38.91,position,Sheep,34,100,25,632.8,128.8,481.2,41.5,174.9,,38.91
39.9,position,Sheep,34,100,25,662.8,254.8,506.4,122.4,204.9,,39.9
40.77,item_collect,Sheep,36,100,25,659.8,338.8,563.6,166.9,197.0,star,40.77
40.91,position,Sheep,36,100,25,662.8,362.8,565.5,179.5,207.5,,40.91
41.21,item_collect,Sheep,38,100,25,668.8,416.8,568.5,208.1,231.5,star,41.21
41.91,position,Sheep,38,100,25,653.8,452.8,595.1,264.0,197.7,,41.91
42.24,item_collect,Sheep,38,100,25,698.8,506.8,588.1,290.0,243.4,wall,42.24
42.24,item_collect,Sheep,40,100,25,698.8,506.8,588.1,290.0,243.4,star,42.24
42.91,position,Sheep,40,100,25,677.8,479.8,544.0,332.2,199.3,,42.91
43.9,position,Sheep,40,100,25,698.8,323.8,635.2,359.5,72.9,,43.9
43.9,enemy_proximity,Sheep,40,100,25,698.8,323.8,635.2,359.5,72.9,,43.9
44.9,position,Sheep,40,100,25,605.8,263.8,714.5,306.8,116.9,,44.9
45.41,item_collect,Sheep,42,100,25,569.8,221.8,687.4,274.1,128.7,star,45.41
45.9,position,Sheep,42,100,25,551.8,137.8,635.4,270.5,156.8,,45.9
45.9,item_collect,Sheep,42,100,25,551.8,137.8,635.4,270.5,156.8,trap,45.9
46.48,item_collect,Sheep,44,100,25,491.8,83.8,584.4,245.5,186.3,star,46.48
46.9,position,Sheep,44,100,25,473.8,62.8,572.5,203.2,171.6,,46.9
47.9,position,Sheep,44,100,25,368.8,116.8,504.0,151.0,139.5,,47.9
48.9,position,Sheep,44,100,25,293.8,110.8,456.3,91.7,163.7,,48.9
49.66,item_collect,Sheep,46,100,25,236.8,101.8,385.2,117.0,149.1,star,49.66
49.88,position,Sheep,46,100,25,236.8,83.8,367.5,107.0,132.8,,49.88
50.89,position,Sheep,46,100,25,212.8,176.8,273.7,115.9,86.1,,50.89
50.89,enemy_proximity,Sheep,46,100,25,212.8,176.8,273.7,115.9,86.1,,50.89
51.6,item_collect,Sheep,46,100,25,266.8,248.8,215.3,145.0,115.9,shield,51.6
51.6,item_collect,Sheep,46,100,25,266.8,248.8,215.3,145.0,115.9,clock,51.6
51.88,position,Sheep,46,100,25,284.8,302.8,211.8,175.4,146.9,,51.88
52.87,position,Sheep,46,100,25,482.8,368.8,259.6,247.4,254.1,,52.87
53.87,position,Sheep,46,100,25,614.8,482.8,335.4,298.7,334.6,,53.87
54.12,item_collect,Sheep,48,100,25,632.8,521.8,362.4,299.5,350.1,star,54.12
54.86,position,Sheep,48,100,25,563.8,542.8,363.4,376.6,260.3,,54.86
55.43,item_collect,Sheep,48,100,25,473.8,518.8,412.4,403.7,130.4,shield,55.43
55.86,position,Sheep,48,100,25,467.8,542.8,418.5,450.0,105.1,,55.86
56.52,damage,Sheep,48,75,25,482.8,446.8,456.0,453.4,27.6,,56.52
56.86,position,Sheep,48,75,25,482.8,386.8,456.0,453.4,71.8,,56.86
56.86,enemy_proximity,Sheep,48,75,25,482.8,386.8,456.0,453.4,71.8,,56.86
57.85,position,Sheep,48,75,25,404.8,242.8,456.0,453.4,216.7,,57.85
58.85,position,Sheep,48,75,25,272.8,290.8,428.0,439.5,214.9,,58.85
59.33,item_collect,Sheep,50,75,25,221.8,227.8,408.1,397.2,251.8,star,59.33
59.84,position,Sheep,50,76,25,161.8,203.8,364.6,367.1,260.4,,59.84
60.84,position,Sheep,50,77,25,53.8,131.8,284.5,301.6,286.5,,60.84
60.9,item_collect,Sheep,52,77,25,41.8,119.8,280.3,295.8,296.4,star,60.9
61.24,item_collect,Sheep,52,97,25,38.8,59.8,272.0,257.0,305.4,heal,61.24
61.34,item_collect,Sheep,52,97,25,56.8,41.8,264.2,250.0,293.8,shield,61.34
61.84,position,Sheep,52,98,25,62.8,38.8,216.3,225.1,241.4,,61.84
61.94,item_collect,Sheep,54,98,25,68.8,56.8,206.2,219.7,213.1,star,61.94
62.11,item_collect,Sheep,54,98,25,98.8,59.8,187.1,214.2,177.9,shield,62.11
62.84,position,Sheep,54,99,25,203.8,23.8,126.0,166.0,162.1,,62.84
63.84,position,Sheep,54,100,25,338.8,86.8,120.1,102.5,219.3,,63.84
64.84,position,Sheep,54,100,25,431.8,89.8,235.7,119.8,198.4,,64.84
65.83,position,Sheep,54,100,25,566.8,38.8,343.8,92.1,229.3,,65.83
66.02,item_collect,Sheep,54,100,25,572.8,71.8,357.6,106.6,218.0,wall,66.02
66.83,position,Sheep,54,100,25,662.8,29.8,384.2,114.9,291.3,,66.83
67.13,item_collect,Sheep,56,100,25,716.8,68.8,408.6,112.6,311.3,star,67.13
67.57,item_collect,Sheep,56,100,25,701.8,122.8,453.5,93.2,250.1,clock,67.57
67.83,position,Sheep,56,100,25,615.4,149.2,485.4,91.0,142.5,,67.83
68.83,position,Sheep,56,100,25,661.0,271.6,561.0,160.4,149.6,,68.83
69.16,item_collect,Sheep,56,100,25,721.0,343.6,567.9,199.6,210.1,trap,69.16
69.61,item_collect,Sheep,58,100,25,655.0,460.6,589.2,242.5,227.8,star,69.61
69.83,position,Sheep,58,100,25,640.0,481.6,595.9,267.5,218.6,,69.83
70.09,item_collect,Sheep,58,100,25,625.0,490.6,585.7,291.8,202.6,heal,70.09
70.82,position,Sheep,58,100,25,625.0,517.6,547.3,347.4,187.1,,70.82
71.82,position,Sheep,58,100,25,640.0,481.6,588.4,450.4,60.3,,71.82
71.82,enemy_proximity,Sheep,58,100,25,640.0,481.6,588.4,450.4,60.3,,71.82
72.1,damage,Sheep,58,50,25,637.0,481.6,610.9,472.2,27.8,,72.1
72.82,position,Sheep,58,50,25,589.0,541.6,624.6,503.0,52.5,,72.82
72.82,enemy_proximity,Sheep,58,50,25,589.0,541.6,624.6,503.0,52.5,,72.82
73.82,position,Sheep,58,50,25,529.0,509.2,603.5,534.0,78.6,,73.82
73.82,enemy_proximity,Sheep,58,50,25,529.0,509.2,603.5,534.0,78.6,,73.82
74.66,item_collect,Sheep,58,50,25,474.4,461.2,563.1,538.7,117.8,wall,74.66
74.81,position,Sheep,58,50,25,483.4,434.2,555.9,539.1,127.5,,74.81
75.8,position,Sheep,58,51,25,427.0,265.0,490.9,507.6,250.9,,75.8
76.79,position,Sheep,58,52,25,307.0,205.0,425.0,429.2,253.4,,76.79
77.8,position,Sheep,58,43,25,226.6,241.0,362.6,349.6,174.0,,77.8
78.44,item_collect,Sheep,58,63,25,192.4,205.0,308.6,304.3,152.8,heal,78.44
78.79,position,Sheep,58,63,25,144.4,205.0,276.7,286.6,155.5,,78.79
79.32,item_collect,Sheep,58,64,25,99.4,151.0,243.2,244.2,171.4,clock,79.32
79.79,position,Sheep,58,64,25,117.4,85.0,200.6,217.7,156.6,,79.79
80.43,item_collect,Sheep,58,65,25,24.4,71.5,136.7,186.2,160.5,shield,80.43
80.78,position,Sheep,58,65,25,24.4,59.5,100.1,174.1,137.3,,80.78
81.77,position,Sheep,58,66,25,165.4,23.5,33.4,88.7,147.3,,81.77
82.77,position,Sheep,58,67,25,201.4,113.5,126.3,66.2,88.8,,82.77
82.77,enemy_proximity,Sheep,58,67,25,201.4,113.5,126.3,66.2,88.8,,82.77
82.82,item_collect,Sheep,60,67,25,192.4,122.5,124.8,71.9,84.4,star,82.82
83.76,position,Sheep,60,68,25,246.4,236.5,202.3,133.2,112.4,,83.76
84.76,position,Sheep,60,69,25,204.4,353.5,209.9,264.6,89.1,,84.76
84.76,enemy_proximity,Sheep,60,69,25,204.4,353.5,209.9,264.6,89.1,,84.76
85.75,position,Sheep,60,70,25,174.4,503.5,191.7,385.7,119.0,,85.75
86.1,damage,Sheep,60,45,25,174.4,455.5,182.2,430.7,26.0,,86.1
86.74,position,Sheep,60,45,25,162.4,443.5,182.2,430.7,23.6,,86.74
86.74,enemy_proximity,Sheep,60,45,25,162.4,443.5,182.2,430.7,23.6,,86.74
87.41,item_collect,Sheep,62,45,25,99.4,482.5,182.2,430.7,97.7,star,87.41
87.69,item_collect,Sheep,62,45,25,120.4,521.5,182.2,430.7,109.9,clock,87.69
87.74,position,Sheep,62,45,25,120.4,539.5,182.2,430.7,125.2,,87.74
87.9,item_collect,Sheep,62,45,25,72.4,539.5,182.2,430.7,154.6,trap,87.9
87.99,item_collect,Sheep,64,45,25,42.4,539.5,182.2,430.7,177.2,star,87.99
88.73,position,Sheep,64,45,25,48.4,383.5,102.6,449.4,85.3,,88.73
88.73,enemy_proximity,Sheep,64,45,25,48.4,383.5,102.6,449.4,85.3,,88.73
89.02,item_collect,Sheep,64,45,25,120.4,341.5,93.1,413.6,77.1,shield,89.02
89.73,position,Sheep,64,46,25,63.4,203.5,113.0,376.7,180.1,,89.73
90.16,item_collect,Sheep,64,46,25,98.2,177.1,116.8,355.1,178.9,shield,90.16
90.74,position,Sheep,64,46,25,136.6,181.9,102.7,333.5,155.4,,90.74
91.3,item_collect,Sheep,66,46,25,219.4,229.9,94.2,305.0,146.0,star,91.3
91.73,position,Sheep,66,46,25,297.4,241.9,92.4,282.8,209.1,,91.73
92.72,position,Sheep,66,47,25,354.4,205.9,181.7,295.9,194.7,,92.72
93.57,item_collect,Sheep,68,48,25,489.4,271.9,257.3,241.8,234.0,star,93.57
93.71,position,Sheep,68,48,25,510.4,271.9,277.1,241.0,235.3,,93.71
94.7,position,Sheep,68,49,25,522.4,124.9,385.3,192.3,152.8,,94.7
94.85,item_collect,Sheep,68,50,25,549.4,115.9,404.0,185.7,161.3,clock,94.85
95.7,position,Sheep,68,50,25,633.4,175.9,503.3,154.4,131.8,,95.7
96.71,position,Sheep,68,51,25,717.4,307.9,571.2,226.5,167.3,,96.71
97.54,item_collect,Sheep,68,52,25,654.4,403.9,662.7,268.8,135.4,wall,97.54
97.54,item_collect,Sheep,70,52,25,654.4,403.9,662.7,268.8,135.4,star,97.54
97.71,position,Sheep,70,52,25,648.4,373.9,686.5,269.5,111.1,,97.71
98.71,position,Sheep,70,53,25,481.0,364.0,656.3,270.3,198.8,,98.71
99.71,position,Sheep,70,54,25,439.0,451.0,536.9,319.6,163.8,,99.71
99.74,item_collect,Sheep,70,74,25,433.0,451.0,532.4,321.4,163.3,heal,99.74
100.71,position,Sheep,70,75,25,391.0,481.0,423.1,366.8,118.6,,100.71
101.22,item_collect,Sheep,70,76,25,358.0,490.0,420.2,441.1,79.1,trap,101.22
101.7,position,Sheep,70,76,25,310.0,535.0,376.8,477.5,88.1,,101.7
101.7,enemy_proximity,Sheep,70,76,25,310.0,535.0,376.8,477.5,88.1,,101.7
102.42,item_collect,Sheep,72,77,25,223.0,475.0,313.8,538.1,110.6,star,102.42
102.7,position,Sheep,72,77,25,175.0,463.0,273.0,539.6,124.4,,102.7
103.7,position,Sheep,72,78,25,271.0,367.0,181.0,477.2,142.3,,103.7
103.84,item_collect,Sheep,74,79,25,280.0,391.0,180.4,458.1,120.0,star,103.84
104.7,position,Sheep,74,79,25,331.0,466.0,231.7,365.1,141.6,,104.7
105.25,item_collect,Sheep,74,80,25,419.2,489.4,291.0,399.1,156.8,clock,105.25
105.47,item_collect,Sheep,76,80,25,419.2,520.6,297.1,429.5,152.3,star,105.47
105.7,position,Sheep,76,80,25,419.2,542.2,318.6,451.6,135.4,,105.7
106.54,item_collect,Sheep,78,80,25,548.8,536.2,418.7,460.5,150.5,star,106.54
106.69,position,Sheep,78,80,25,602.8,542.2,439.4,454.6,185.4,,106.69
107.69,position,Sheep,78,81,25,710.8,527.2,535.8,526.3,175.0,,107.69
107.81,item_collect,Sheep,78,81,25,698.8,527.2,551.4,532.5,147.5,clock,107.81
108.32,item_collect,Sheep,80,82,25,656.8,371.2,618.7,532.9,166.1,star,108.32
108.7,position,Sheep,80,82,25,653.8,323.2,644.9,486.1,163.1,,108.7
109.7,position,Sheep,80,83,25,623.8,155.2,669.5,338.7,189.1,,109.7
109.73,item_collect,Sheep,82,83,25,611.8,143.2,674.3,336.7,203.3,star,109.73
110.34,item_collect,Sheep,84,84,25,503.8,128.2,706.3,277.2,251.4,star,110.34
110.69,position,Sheep,84,84,25,485.8,152.2,652.3,270.9,204.5,,110.69
111.59,item_collect,Sheep,84,85,25,401.0,182.2,524.6,240.5,136.6,trap,111.59
111.69,position,Sheep,84,85,25,383.0,173.2,517.2,228.3,145.0,,111.69
112.09,item_collect,Sheep,84,100,25,353.0,101.2,475.3,189.6,150.9,heal,112.09
112.69,position,Sheep,84,100,25,353.0,23.2,393.8,162.9,145.5,,112.69
113.51,item_collect,Sheep,84,90,25,368.6,118.6,361.2,106.6,14.2,shield,113.51
113.68,position,Sheep,84,90,25,389.6,139.6,367.2,115.0,33.3,,113.68
113.68,enemy_proximity,Sheep,84,90,25,389.6,139.6,367.2,115.0,33.3,,113.68
114.67,position,Sheep,84,90,25,386.6,283.6,389.6,243.3,40.4,,114.67
114.67,enemy_proximity,Sheep,84,90,25,386.6,283.6,389.6,243.3,40.4,,114.67
115.64,damage,Sheep,84,66,25,356.6,391.6,360.1,367.9,23.9,,115.64
115.67,position,Sheep,84,66,25,356.6,385.6,360.1,367.9,18.0,,115.67
115.67,enemy_proximity,Sheep,84,66,25,356.6,385.6,360.1,367.9,18.0,,115.67
116.67,position,Sheep,84,66,25,293.6,391.6,360.1,367.9,70.6,,116.67
116.67,enemy_proximity,Sheep,84,66,25,293.6,391.6,360.1,367.9,70.6,,116.67
117.66,position,Sheep,84,66,25,182.6,394.6,360.1,373.1,178.8,,117.66
118.45,item_collect,Sheep,84,66,25,161.6,445.6,284.7,443.8,123.1,clock,118.45
118.66,position,Sheep,84,67,25,83.6,445.6,252.9,450.7,169.3,,118.66
119.44,item_collect,Sheep,86,67,25,71.6,541.6,154.8,453.5,121.2,star,119.44
119.66,position,Sheep,86,68,25,23.6,541.6,121.1,450.9,133.2,,119.66
119.96,item_collect,Sheep,86,68,25,23.6,433.6,84.7,469.7,70.9,trap,119.96
120.65,position,Sheep,86,69,25,95.6,325.6,30.9,415.1,110.5,,120.65
121.16,item_collect,Sheep,88,69,25,71.6,331.6,96.6,391.0,64.4,star,121.16
121.33,item_collect,Sheep,88,89,25,41.6,331.6,112.6,374.5,82.9,heal,121.33
121.64,position,Sheep,88,90,25,23.6,289.6,101.4,336.5,90.8,,121.64
121.64,enemy_proximity,Sheep,88,90,25,23.6,289.6,101.4,336.5,90.8,,121.64
122.11,item_collect,Sheep,88,90,25,71.6,214.6,37.3,318.5,109.4,clock,122.11
122.23,item_collect,Sheep,90,90,25,101.6,172.6,33.8,300.7,145.0,star,122.23
122.64,position,Sheep,90,91,25,221.6,118.6,47.8,241.3,212.8,,122.64
123.64,position,Sheep,90,92,25,359.6,70.6,141.3,124.4,224.9,,123.64
123.78,item_collect,Sheep,90,92,25,371.6,124.6,166.3,121.5,205.3,clock,123.78
124.64,position,Sheep,90,93,25,422.6,121.6,297.3,101.2,127.0,,124.64
125.2,item_collect,Sheep,90,93,25,431.6,181.6,357.5,134.5,87.9,shield,125.2
125.63,position,Sheep,90,94,25,509.6,211.6,411.0,175.1,105.2,,125.63
125.71,item_collect,Sheep,90,94,25,521.6,241.6,424.9,176.8,116.4,trap,125.71
125.81,item_collect,Sheep,90,94,25,551.6,241.6,441.6,178.5,126.9,trap,125.81
126.47,item_collect,Sheep,92,94,25,620.6,280.6,525.1,234.4,106.1,star,126.47
126.62,position,Sheep,92,95,25,632.6,301.6,550.2,237.5,104.5,,126.62
127.07,damage,Sheep,92,70,25,632.6,283.6,614.0,263.4,27.5,,127.07
127.62,position,Sheep,92,70,25,632.6,302.3,614.0,263.4,43.2,,127.62
127.62,enemy_proximity,Sheep,92,70,25,632.6,302.3,614.0,263.4,43.2,,127.62
128.62,position,Sheep,92,70,25,542.6,347.3,614.0,263.4,110.2,,128.62
129.31,item_collect,Sheep,92,70,25,602.6,371.3,588.0,292.1,80.5,wall,129.31
129.61,position,Sheep,92,70,25,656.6,383.3,549.3,306.2,132.2,,129.61
130.61,position,Sheep,92,71,25,701.6,263.3,640.5,359.6,114.0,,130.61
131.6,position,Sheep,92,72,25,593.6,143.3,680.8,272.9,156.1,,131.6
131.9,item_collect,Sheep,92,92,25,551.6,125.3,630.5,270.3,165.1,heal,131.9
132.59,position,Sheep,92,93,25,473.6,65.3,571.2,189.5,157.9,,132.59
133.31,item_collect,Sheep,92,94,25,413.6,71.3,512.2,110.6,106.1,wall,133.31
133.6,position,Sheep,92,94,25,362.6,29.3,490.3,94.8,143.4,,133.6
134.25,item_collect,Sheep,92,100,25,299.6,131.3,431.7,90.4,138.3,heal,134.25
134.6,position,Sheep,92,100,25,272.6,152.3,385.4,117.1,118.1,,134.6
135.26,damage,Sheep,92,50,25,284.6,131.3,294.8,109.5,24.1,,135.26
135.6,position,Sheep,92,50,25,239.6,107.3,265.2,117.0,27.3,,135.6
135.6,enemy_proximity,Sheep,92,50,25,239.6,107.3,265.2,117.0,27.3,,135.6
136.05,item_collect,Sheep,94,50,25,218.6,26.3,213.5,87.8,61.7,star,136.05
136.6,position,Sheep,94,50,25,302.6,59.3,256.4,31.9,53.8,,136.6
136.6,enemy_proximity,Sheep,94,50,25,302.6,59.3,256.4,31.9,53.8,,136.6
137.6,position,Sheep,94,50,25,398.6,176.3,357.0,128.2,63.7,,137.6
137.6,enemy_proximity,Sheep,94,50,25,398.6,176.3,357.0,128.2,63.7,,137.6
138.6,position,Sheep,94,51,25,422.6,347.3,389.9,282.3,72.8,,138.6
138.6,enemy_proximity,Sheep,94,51,25,422.6,347.3,389.9,282.3,72.8,,138.6
138.73,item_collect,Sheep,94,71,25,416.6,371.3,406.0,295.2,76.9,heal,138.73
139.1,item_collect,Sheep,94,91,25,356.6,401.3,418.6,354.9,77.4,heal,139.1
139.6,position,Sheep,94,92,25,293.6,407.3,366.8,401.4,73.4,,139.6
139.6,enemy_proximity,Sheep,94,92,25,293.6,407.3,366.8,401.4,73.4,,139.6
140.58,position,Sheep,94,93,25,173.6,407.3,231.4,362.5,73.1,,140.58
140.58,enemy_proximity,Sheep,94,93,25,173.6,407.3,231.4,362.5,73.1,,140.58
141.18,item_collect,Sheep,94,93,25,101.6,383.3,141.2,389.2,40.0,clock,141.18
141.34,item_collect,Sheep,94,94,25,41.6,383.3,113.2,389.7,71.9,trap,141.34
141.58,position,Sheep,94,94,25,23.6,431.3,74.0,390.0,65.2,,141.58
141.58,enemy_proximity,Sheep,94,94,25,23.6,431.3,74.0,390.0,65.2,,141.58
141.75,item_collect,Sheep,94,100,25,23.6,491.3,46.0,390.0,103.8,heal,141.75
142.4,item_collect,Sheep,96,100,25,101.6,473.3,54.7,476.0,47.0,star,142.4
142.58,position,Sheep,96,100,25,83.6,407.3,79.7,468.5,61.2,,142.58
142.58,enemy_proximity,Sheep,96,100,25,83.6,407.3,79.7,468.5,61.2,,142.58
143.57,position,Sheep,96,100,25,170.6,203.3,138.6,326.0,126.7,,143.57
143.92,item_collect,Sheep,96,100,25,143.6,191.3,187.5,302.7,119.7,clock,143.92
144.57,position,Sheep,96,100,25,125.6,173.3,103.3,271.5,100.7,,144.57
145.56,position,Sheep,96,90,25,23.0,82.1,40.5,143.8,64.1,,145.56
145.56,enemy_proximity,Sheep,96,90,25,23.0,82.1,40.5,143.8,64.1,,145.56
146.27,damage,Sheep,96,40,25,62.9,50.3,38.2,42.5,25.9,,146.27
146.56,position,Sheep,96,40,25,113.9,62.3,79.7,56.9,34.7,,146.56
146.56,enemy_proximity,Sheep,96,40,25,113.9,62.3,79.7,56.9,34.7,,146.56
147.57,position,Sheep,96,40,25,212.9,59.3,202.2,44.1,18.7,,147.57
147.57,enemy_proximity,Sheep,96,40,25,212.9,59.3,202.2,44.1,18.7,,147.57
148.56,position,Sheep,96,40,25,302.9,146.3,265.6,136.2,38.7,,148.56
148.56,enemy_proximity,Sheep,96,40,25,302.9,146.3,265.6,136.2,38.7,,148.56
148.63,damage,Sheep,96,-10,25,302.9,146.3,276.0,140.4,27.6,,148.63
148.63,game_over,Sheep,96,0,25,302.9,146.3,276.0,140.4,27.6,,148.63
1.03,position,Pig,0,250,50,390,270,73.6,57.0,381.4,,1.03
2.03,position,Pig,0,250,50,390,270,114.2,86.1,331.5,,2.03
2.72,item_collect,Pig,1,250,50,390,279,137.6,113.3,302.0,star,2.72
3.03,position,Pig,1,250,50,390,300,156.3,116.3,297.3,,3.03
4.03,position,Pig,1,250,50,420,255,209.4,127.5,246.2,,4.03
5.03,position,Pig,1,250,50,420,336,261.4,133.6,257.1,,5.03
5.71,item_collect,Pig,2,250,50,420,459,290.5,158.2,327.5,star,5.71
6.03,position,Pig,2,250,50,420,516,295.0,176.5,361.8,,6.03
7.02,position,Pig,2,250,50,420,540,337.5,206.3,343.8,,7.02
8.02,position,Pig,2,250,50,480,423,357.6,258.2,205.3,,8.02
8.13,item_collect,Pig,3,250,50,480,402,358.0,265.2,183.3,star,8.13
8.3,item_collect,Pig,3,250,50,480,372,358.6,275.1,155.3,shield,8.3
9.01,position,Pig,3,250,50,492,330,391.0,294.9,107.0,,9.01
9.52,item_collect,Pig,4,250,50,540,312,411.9,312.7,128.1,star,9.52
10.01,position,Pig,4,250,50,591,294,438.0,323.9,155.9,,10.01
11.0,position,Pig,4,250,50,594,264,497.7,329.3,116.4,,11.0
11.99,position,Pig,4,250,50,594,258,547.0,308.5,69.0,,11.99
11.99,enemy_proximity,Pig,4,250,50,594,258,547.0,308.5,69.0,,11.99
12.5,damage,Pig,4,225,50,594,282,577.3,302.9,26.7,,12.5
12.99,position,Pig,4,225,50,648,264,577.3,302.9,80.7,,12.99
12.99,enemy_proximity,Pig,4,225,50,648,264,577.3,302.9,80.7,,12.99
13.4,item_collect,Pig,4,225,50,660,192,577.3,302.9,138.3,shield,13.4
13.98,position,Pig,4,225,50,660,174,577.3,302.9,153.1,,13.98
14.98,position,Pig,4,225,50,624,174,594.5,282.8,112.8,,14.98
15.97,position,Pig,4,226,50,606,24,581.0,238.7,216.1,,15.97
16.1,item_collect,Pig,4,246,50,582,24,578.2,231.2,207.3,heal,16.1
16.96,position,Pig,4,247,50,486,24,571.2,180.0,177.7,,16.96
17.95,position,Pig,4,248,50,474,30,528.5,152.6,134.2,,17.95
18.95,position,Pig,4,249,50,414,96,507.2,101.8,93.4,,18.95
18.95,enemy_proximity,Pig,4,249,50,414,96,507.2,101.8,93.4,,18.95
19.94,position,Pig,4,250,50,378,150,448.7,91.2,92.0,,19.94
19.94,enemy_proximity,Pig,4,250,50,378,150,448.7,91.2,92.0,,19.94
20.94,position,Pig,4,250,50,384,192,402.0,118.0,76.1,,20.94
20.94,enemy_proximity,Pig,4,250,50,384,192,402.0,118.0,76.1,,20.94
21.44,item_collect,Pig,5,250,50,399,267,394.1,147.8,119.3,star,21.44
21.92,position,Pig,5,250,50,486,267,391.4,176.6,130.8,,21.92
22.92,position,Pig,5,250,50,489,267,390.2,236.6,103.4,,22.92
23.92,position,Pig,5,250,50,474,390,413.7,286.1,120.1,,23.92
24.92,position,Pig,5,250,50,474,525,419.3,345.8,187.4,,24.92
25.91,position,Pig,5,250,50,429,540,419.9,405.8,134.5,,25.91
26.91,position,Pig,5,250,50,420,510,420.0,465.8,44.2,,26.91
26.91,enemy_proximity,Pig,5,250,50,420,510,420.0,465.8,44.2,,26.91
27.91,position,Pig,5,250,50,480,486,420.0,519.8,68.9,,27.91
27.91,enemy_proximity,Pig,5,250,50,480,486,420.0,519.8,68.9,,27.91
28.65,item_collect,Pig,5,250,50,519,414,420.0,474.8,116.2,trap,28.65
28.91,position,Pig,5,250,50,564,414,423.6,462.1,148.4,,28.91
29.9,position,Pig,5,250,50,639,357,472.1,436.3,184.8,,29.9
30.89,position,Pig,5,250,50,681,324,528.7,421.8,181.0,,30.89
31.89,position,Pig,5,250,50,684,264,565.5,388.8,172.1,,31.89
32.76,item_collect,Pig,5,250,50,609,291,546.2,346.6,83.9,heal,32.76
32.88,position,Pig,5,250,50,609,300,544.6,339.8,75.7,,32.88
32.88,enemy_proximity,Pig,5,250,50,609,300,544.6,339.8,75.7,,32.88
33.88,position,Pig,5,250,50,594,264,573.9,304.4,45.2,,33.88
33.88,enemy_proximity,Pig,5,250,50,594,264,573.9,304.4,45.2,,33.88
34.86,position,Pig,5,250,50,528,234,597.7,255.9,73.0,,34.86
34.86,enemy_proximity,Pig,5,250,50,528,234,597.7,255.9,73.0,,34.86
35.72,item_collect,Pig,5,250,50,474,162,550.0,242.0,110.3,heal,35.72
35.85,position,Pig,5,250,50,474,144,542.0,241.6,118.9,,35.85
36.85,position,Pig,5,250,50,564,81,560.6,227.9,146.9,,36.85
37.84,position,Pig,5,250,50,474,24,569.0,168.9,173.3,,37.84
38.84,position,Pig,5,250,50,473.2,83.2,520.6,145.5,78.2,,38.84
38.84,enemy_proximity,Pig,5,250,50,473.2,83.2,520.6,145.5,78.2,,38.84
39.83,position,Pig,5,250,50,380.2,23.2,496.2,97.0,137.4,,39.83
40.82,position,Pig,5,250,50,353.2,152.2,436.7,90.7,103.7,,40.82
41.81,position,Pig,5,250,50,389.2,182.2,397.8,129.3,53.7,,41.81
41.81,enemy_proximity,Pig,5,250,50,389.2,182.2,397.8,129.3,53.7,,41.81
42.81,position,Pig,5,250,50,512.2,227.2,414.0,173.2,112.1,,42.81
43.8,position,Pig,5,250,50,590.2,242.2,468.6,187.1,133.6,,43.8
44.79,position,Pig,5,250,50,590.2,242.2,508.0,226.6,83.7,,44.79
44.79,enemy_proximity,Pig,5,250,50,590.2,242.2,508.0,226.6,83.7,,44.79
45.74,damage,Pig,5,225,50,590.2,242.2,563.3,238.2,27.3,,45.74
45.79,position,Pig,5,225,50,590.2,242.2,563.3,238.2,27.3,,45.79
45.79,enemy_proximity,Pig,5,225,50,590.2,242.2,563.3,238.2,27.3,,45.79
46.79,position,Pig,5,225,50,590.2,242.2,563.3,238.2,27.3,,46.79
46.79,enemy_proximity,Pig,5,225,50,590.2,242.2,563.3,238.2,27.3,,46.79
47.75,damage,Pig,5,175,50,590.2,242.2,564.3,238.3,26.3,,47.75
47.78,position,Pig,5,175,50,590.2,242.2,566.3,238.3,24.3,,47.78
47.78,enemy_proximity,Pig,5,175,50,590.2,242.2,566.3,238.3,24.3,,47.78
48.78,position,Pig,5,175,50,590.2,242.2,584.3,239.2,6.7,,48.78
48.78,enemy_proximity,Pig,5,175,50,590.2,242.2,584.3,239.2,6.7,,48.78
49.74,damage,Pig,5,125,50,590.2,242.2,584.3,239.2,6.7,,49.74
49.77,position,Pig,5,125,50,590.2,242.2,584.3,239.2,6.7,,49.77
49.77,enemy_proximity,Pig,5,125,50,590.2,242.2,584.3,239.2,6.7,,49.77
50.77,position,Pig,5,125,50,590.2,242.2,584.3,239.2,6.7,,50.77
50.77,enemy_proximity,Pig,5,125,50,590.2,242.2,584.3,239.2,6.7,,50.77
51.73,damage,Pig,5,75,50,590.2,242.2,584.3,239.2,6.7,,51.73
51.77,position,Pig,5,75,50,590.2,242.2,584.3,239.2,6.7,,51.77
51.77,enemy_proximity,Pig,5,75,50,590.2,242.2,584.3,239.2,6.7,,51.77
52.77,position,Pig,5,75,50,590.2,242.2,584.3,239.2,6.7,,52.77
52.77,enemy_proximity,Pig,5,75,50,590.2,242.2,584.3,239.2,6.7,,52.77
53.74,damage,Pig,5,25,50,590.2,242.2,584.3,239.2,6.7,,53.74
53.77,position,Pig,5,25,50,590.2,242.2,584.3,239.2,6.7,,53.77
53.77,enemy_proximity,Pig,5,25,50,590.2,242.2,584.3,239.2,6.7,,53.77
54.77,position,Pig,5,25,50,590.2,242.2,584.3,239.2,6.7,,54.77
54.77,enemy_proximity,Pig,5,25,50,590.2,242.2,584.3,239.2,6.7,,54.77
55.73,damage,Pig,5,-25,50,590.2,242.2,584.3,239.2,6.7,,55.73
55.73,game_over,Pig,5,0,50,590.2,242.2,584.3,239.2,6.7,,55.73
1.04,position,Sheep,0,100,25,390,270,73.6,57.0,381.4,,1.04
2.04,position,Sheep,0,100,25,384,300,114.2,86.1,344.3,,2.04
3.04,position,Sheep,0,100,25,276,294,119.3,145.7,215.7,,3.04
4.04,position,Sheep,0,100,25,288,390,143.8,194.7,242.8,,4.04
5.02,position,Sheep,0,100,25,333,414,197.7,214.1,241.4,,5.02
5.15,item_collect,Sheep,0,100,25,339,414,201.2,221.3,236.9,clock,5.15
6.0,position,Sheep,0,100,25,363,384,244.2,238.0,188.2,,6.0
6.98,position,Sheep,0,100,25,387,198,291.0,228.7,100.8,,6.98
7.96,position,Sheep,0,100,25,480,150,346.1,211.9,147.6,,7.96
8.64,item_collect,Sheep,0,100,25,504,102,380.0,199.2,157.5,shield,8.64
8.95,position,Sheep,0,100,25,486,84,384.9,181.0,140.1,,8.95
9.31,item_collect,Sheep,2,100,25,474,42,388.0,159.3,145.4,star,9.31
9.93,position,Sheep,2,100,25,522,24,400.3,128.5,160.4,,9.93
10.91,position,Sheep,2,100,25,587.4,32.4,443.4,94.8,157.0,,10.91
11.91,position,Sheep,2,90,25,565.8,72.0,476.2,55.5,91.2,,11.91
11.91,enemy_proximity,Sheep,2,90,25,565.8,72.0,476.2,55.5,91.2,,11.91
12.18,item_collect,Sheep,4,90,25,565.8,100.2,481.6,42.0,102.3,star,12.18
12.68,item_collect,Sheep,4,90,25,565.8,190.2,480.9,70.6,146.7,trap,12.68
12.91,position,Sheep,4,80,25,565.8,223.2,489.6,79.2,162.9,,12.91
13.9,position,Sheep,4,80,25,601.8,242.4,507.8,134.1,143.4,,13.9
14.19,item_collect,Sheep,6,80,25,601.8,249.0,523.9,142.0,132.3,star,14.19
14.88,position,Sheep,6,81,25,583.8,303.0,559.2,157.3,147.7,,14.88
15.86,position,Sheep,6,82,25,535.8,363.0,568.7,216.1,150.5,,15.86
16.85,position,Sheep,6,83,25,493.8,324.0,578.7,232.2,125.0,,16.85
17.84,position,Sheep,6,84,25,415.8,411.0,555.2,237.0,223.0,,17.84
18.26,item_collect,Sheep,6,84,25,400.8,483.0,545.2,237.8,284.6,clock,18.26
18.84,position,Sheep,6,85,25,328.8,483.0,531.3,238.7,317.3,,18.84
19.83,position,Sheep,6,86,25,268.8,375.0,487.6,265.1,244.9,,19.83
19.93,item_collect,Sheep,8,86,25,268.8,339.0,481.7,265.9,225.1,star,19.93
20.6,item_collect,Sheep,10,86,25,205.8,222.0,440.9,269.1,239.7,star,20.6
20.81,position,Sheep,10,87,25,205.8,183.0,425.5,269.5,236.1,,20.81
21.8,position,Sheep,10,88,25,217.8,24.0,366.0,251.2,271.3,,21.8
22.41,item_collect,Sheep,10,100,25,301.8,39.0,346.6,217.2,183.8,heal,22.41
22.79,position,Sheep,10,100,25,295.8,69.0,319.5,212.6,145.6,,22.79
23.77,position,Sheep,10,100,25,208.8,24.0,294.3,153.8,155.4,,23.77
24.76,position,Sheep,10,100,25,145.8,63.0,236.5,123.0,108.7,,24.76
25.75,position,Sheep,10,100,25,25.8,117.0,164.6,120.2,138.8,,25.75
26.74,position,Sheep,10,90,25,81.0,153.0,103.8,144.1,24.5,,26.74
26.74,enemy_proximity,Sheep,10,90,25,81.0,153.0,103.8,144.1,24.5,,26.74
27.14,damage,Sheep,10,40,25,103.8,174.6,100.4,153.1,21.8,,27.14
27.73,position,Sheep,10,40,25,52.8,239.4,93.7,182.1,70.4,,27.73
27.73,enemy_proximity,Sheep,10,40,25,52.8,239.4,93.7,182.1,70.4,,27.73
28.72,position,Sheep,10,40,25,148.8,278.4,89.7,251.3,65.0,,28.72
28.72,enemy_proximity,Sheep,10,40,25,148.8,278.4,89.7,251.3,65.0,,28.72
29.71,position,Sheep,10,40,25,226.8,362.4,144.9,285.6,112.3,,29.71
30.06,item_collect,Sheep,12,40,25,205.8,368.4,168.4,294.3,83.0,star,30.06
30.7,position,Sheep,12,41,25,175.8,422.4,202.8,316.5,109.3,,30.7
31.35,item_collect,Sheep,12,42,25,130.8,452.4,208.5,362.9,118.5,trap,31.35
31.69,position,Sheep,12,42,25,67.8,476.4,197.4,380.9,161.0,,31.69
32.14,item_collect,Sheep,12,63,25,25.8,488.4,165.9,387.5,172.7,heal,32.14
32.68,position,Sheep,12,63,25,70.8,542.4,126.4,389.4,162.8,,32.68
33.66,position,Sheep,12,64,25,142.8,443.4,94.5,436.0,48.9,,33.66
33.66,enemy_proximity,Sheep,12,64,25,142.8,443.4,94.5,436.0,48.9,,33.66
34.66,position,Sheep,12,65,25,211.8,350.4,164.4,449.0,109.4,,34.66
35.03,item_collect,Sheep,14,66,25,190.8,299.4,174.5,423.7,125.4,star,35.03
35.64,position,Sheep,14,66,25,139.8,263.4,155.5,395.4,133.0,,35.64
36.63,position,Sheep,14,67,25,106.8,263.4,121.8,344.5,82.5,,36.63
36.63,enemy_proximity,Sheep,14,67,25,106.8,263.4,121.8,344.5,82.5,,36.63
37.61,position,Sheep,14,68,25,121.8,149.4,91.9,286.1,139.9,,37.61
38.47,item_collect,Sheep,14,69,25,220.8,119.4,90.2,223.7,167.2,trap,38.47
38.6,position,Sheep,14,69,25,244.8,119.4,90.1,214.1,181.4,,38.6
39.59,position,Sheep,14,70,25,301.8,62.4,106.5,151.7,214.7,,39.59
40.58,position,Sheep,14,71,25,352.8,83.4,164.6,121.9,192.1,,40.58
41.56,position,Sheep,14,72,25,421.8,23.4,236.6,120.2,209.0,,41.56
41.71,item_collect,Sheep,16,72,25,421.8,41.4,247.4,120.1,191.4,star,41.71
42.55,position,Sheep,16,73,25,511.8,89.4,297.9,101.4,214.3,,42.55
42.61,item_collect,Sheep,18,73,25,511.8,101.4,302.4,99.8,209.4,star,42.61
43.53,position,Sheep,18,74,25,592.8,152.4,353.3,113.9,242.6,,43.53
44.28,item_collect,Sheep,18,75,25,568.8,218.4,379.8,155.3,199.3,clock,44.28
44.52,position,Sheep,18,75,25,568.8,242.4,391.1,167.5,192.8,,44.52
45.51,position,Sheep,18,76,25,598.8,302.4,461.6,179.0,184.5,,45.51
46.5,position,Sheep,18,77,25,538.8,362.4,504.2,229.4,137.5,,46.5
47.49,position,Sheep,18,78,25,583.8,392.4,484.7,291.2,141.6,,47.49
47.59,item_collect,Sheep,18,78,25,568.8,398.4,483.8,298.4,131.2,clock,47.59
47.94,item_collect,Sheep,20,79,25,580.8,452.4,481.5,323.5,162.8,star,47.94
48.48,position,Sheep,20,79,25,610.8,482.4,480.3,369.4,172.6,,48.48
49.47,position,Sheep,20,80,25,616.8,482.4,525.9,418.7,111.0,,49.47
50.4,item_collect,Sheep,20,71,25,631.8,519.6,588.7,455.5,77.3,wall,50.4
50.45,position,Sheep,20,71,25,631.8,523.2,590.4,459.3,76.1,,50.45
50.45,enemy_proximity,Sheep,20,71,25,631.8,523.2,590.4,459.3,76.1,,50.45
51.44,position,Sheep,20,71,25,534.4,504.4,626.6,525.4,94.5,,51.44
51.44,enemy_proximity,Sheep,20,71,25,534.4,504.4,626.6,525.4,94.5,,51.44
52.43,position,Sheep,20,72,25,532.0,502.0,549.9,531.7,34.6,,52.43
52.43,enemy_proximity,Sheep,20,72,25,532.0,502.0,549.9,531.7,34.6,,52.43
52.51,damage,Sheep,20,22,25,532.0,502.0,547.0,525.3,27.7,,52.51
53.42,position,Sheep,20,22,25,535.0,502.0,545.8,522.8,23.4,,53.42
53.42,enemy_proximity,Sheep,20,22,25,535.0,502.0,545.8,522.8,23.4,,53.42
54.42,position,Sheep,20,22,25,535.0,415.0,540.7,467.1,52.4,,54.42
54.42,enemy_proximity,Sheep,20,22,25,535.0,415.0,540.7,467.1,52.4,,54.42
55.4,position,Sheep,20,22,25,475.0,310.0,492.5,420.5,111.9,,55.4
56.4,position,Sheep,20,23,25,508.0,232.0,480.5,338.2,109.7,,56.4
57.39,position,Sheep,20,24,25,511.0,232.0,499.6,264.3,34.3,,57.39
57.39,enemy_proximity,Sheep,20,24,25,511.0,232.0,499.6,264.3,34.3,,57.39
57.47,damage,Sheep,20,-25,25,511.0,232.0,502.3,257.9,27.3,,57.47
57.47,game_over,Sheep,20,0,25,511.0,232.0,502.3,257.9,27.3,,57.47
1.03,position,Sheep,0,100,25,390,270,73.6,57.0,381.4,,1.03
2.02,position,Sheep,0,100,25,330,300,114.2,86.1,303.9,,2.02
3.01,position,Sheep,0,100,25,339,294,119.3,145.7,265.0,,3.01
4.0,position,Sheep,0,100,25,375,267,143.8,194.7,242.2,,4.0
4.34,item_collect,Sheep,2,100,25,372,207,162.2,202.5,209.8,star,4.34
4.5,item_collect,Sheep,4,100,25,342,204,172.0,204.4,170.0,star,4.5
4.99,position,Sheep,4,100,25,384,204,201.7,208.1,182.3,,4.99
5.97,position,Sheep,4,100,25,420,87,250.8,232.1,222.9,,5.97
6.62,item_collect,Sheep,4,100,25,510,99,286.7,233.4,260.7,clock,6.62
6.96,position,Sheep,4,100,25,552,147,301.5,220.4,261.1,,6.96
7.95,position,Sheep,4,100,25,684,177,360.4,211.3,325.4,,7.95
8.54,item_collect,Sheep,6,100,25,660,189,385.8,192.7,274.2,star,8.54
8.93,position,Sheep,6,100,25,669,270,408.5,185.2,273.9,,8.93
9.92,position,Sheep,6,100,25,588,300,466.2,184.2,168.1,,9.92
10.91,position,Sheep,6,100,25,591,390,503.5,225.7,186.1,,10.91
11.9,position,Sheep,6,100,25,648,354,488.6,276.4,177.3,,11.9
12.89,position,Sheep,6,100,25,690,480,483.3,333.4,253.4,,12.89
13.14,item_collect,Sheep,8,100,25,690,519,481.8,348.3,269.2,star,13.14
13.88,position,Sheep,8,100,25,660,474,480.4,393.3,196.9,,13.88
14.86,position,Sheep,8,100,25,618,480,525.7,419.1,110.6,,14.86
15.02,item_collect,Sheep,8,100,25,630,489,529.9,428.2,117.1,wall,15.02
15.84,position,Sheep,8,100,25,603,540,540.8,452.0,107.8,,15.84
15.96,item_collect,Sheep,8,100,25,582,540,540.6,459.0,91.0,shield,15.96
16.83,position,Sheep,8,100,25,630,510,540.1,512.0,89.9,,16.83
16.83,enemy_proximity,Sheep,8,100,25,630,510,540.1,512.0,89.9,,16.83
17.82,position,Sheep,8,100,25,660,456,541.8,463.1,118.4,,17.82
18.8,position,Sheep,8,100,25,570,354,567.4,415.2,61.2,,18.8
18.8,enemy_proximity,Sheep,8,100,25,570,354,567.4,415.2,61.2,,18.8
19.36,damage,Sheep,8,75,25,573,354,569.3,381.2,27.5,,19.36
19.79,position,Sheep,8,75,25,534,336,569.3,381.2,57.4,,19.79
19.79,enemy_proximity,Sheep,8,75,25,534,336,569.3,381.2,57.4,,19.79
20.79,position,Sheep,8,75,25,540,294,569.3,381.2,92.0,,20.79
20.79,enemy_proximity,Sheep,8,75,25,540,294,569.3,381.2,92.0,,20.79
21.77,position,Sheep,8,75,25,600,261,553.2,365.9,114.9,,21.77
22.76,position,Sheep,8,76,25,564,213,546.9,311.0,99.4,,22.76
22.76,enemy_proximity,Sheep,8,76,25,564,213,546.9,311.0,99.4,,22.76
23.75,position,Sheep,8,77,25,564,240,593.7,283.5,52.7,,23.75
23.75,enemy_proximity,Sheep,8,77,25,564,240,593.7,283.5,52.7,,23.75
24.25,item_collect,Sheep,8,77,25,504,222,597.1,253.4,98.2,clock,24.25
24.73,position,Sheep,8,78,25,474,204,569.8,244.6,104.1,,24.73
25.72,position,Sheep,8,79,25,630,144,561.6,227.3,107.8,,25.72
26.11,item_collect,Sheep,8,79,25,630,72,566.3,203.9,146.4,shield,26.11
26.71,position,Sheep,8,80,25,570,24,569.2,168.0,144.0,,26.71
27.7,position,Sheep,8,81,25,474,90,535.2,148.2,84.4,,27.7
27.7,enemy_proximity,Sheep,8,81,25,474,90,535.2,148.2,84.4,,27.7
28.69,position,Sheep,8,82,25,378,24,511.0,103.5,155.0,,28.69
28.98,item_collect,Sheep,8,82,25,354,39,494.5,96.3,151.8,wall,28.98
29.68,position,Sheep,8,83,25,354,165,453.9,91.5,124.1,,29.68
30.67,position,Sheep,8,84,25,420,246,412.8,110.4,135.8,,30.67
31.15,item_collect,Sheep,8,84,25,399,255,396.8,132.0,123.0,clock,31.15
31.66,position,Sheep,8,85,25,417,297,392.2,162.6,136.6,,31.66
32.0,item_collect,Sheep,8,100,25,417,399,391.1,183.6,217.0,heal,32.0
32.0,item_collect,Sheep,8,100,25,417,399,391.1,183.6,217.0,shield,32.0
32.08,item_collect,Sheep,10,100,25,417,429,390.9,188.6,241.8,star,32.08
32.64,position,Sheep,10,100,25,417,537,390.2,229.2,309.0,,32.64
33.63,position,Sheep,10,100,25,417,462,404.9,292.1,170.3,,33.63
34.62,position,Sheep,10,100,25,480,540,418.7,362.1,188.1,,34.62
35.61,position,Sheep,10,100,25,501,510,419.9,434.1,111.1,,35.61
36.6,position,Sheep,10,100,25,555,414,481.1,430.4,75.7,,36.6
36.6,enemy_proximity,Sheep,10,100,25,555,414,481.1,430.4,75.7,,36.6
36.98,item_collect,Sheep,10,100,25,570,372,507.8,423.9,81.1,heal,36.98
37.59,position,Sheep,10,100,25,525,324,552.0,420.7,100.5,,37.59
38.57,position,Sheep,10,100,25,414,324,552.2,362.4,143.4,,38.57
38.82,item_collect,Sheep,10,100,25,414,282,545.8,345.6,146.4,shield,38.82
39.56,position,Sheep,10,100,25,354,222,495.1,331.8,178.8,,39.56
40.54,position,Sheep,10,100,25,390,114,429.4,320.4,210.1,,40.54
41.54,position,Sheep,10,100,25,474,84,419.1,252.9,177.6,,41.54
41.62,item_collect,Sheep,12,100,25,477,72,413.6,250.4,189.4,star,41.62
42.54,position,Sheep,12,100,25,573,24,391.6,192.6,247.7,,42.54
43.53,position,Sheep,12,100,25,630,147,404.1,172.1,227.3,,43.53
44.51,position,Sheep,12,100,25,675,180,469.8,169.5,205.4,,44.51
45.33,item_collect,Sheep,12,100,25,669,270,524.4,151.9,186.7,heal,45.33
45.5,position,Sheep,12,100,25,699,270,536.4,151.4,201.3,,45.5
46.49,position,Sheep,12,100,25,714,360,567.7,202.3,215.1,,46.49
47.48,position,Sheep,12,100,25,663,420,594.7,262.8,171.4,,47.48
48.35,item_collect,Sheep,12,100,25,642,480,558.3,296.8,201.4,wall,48.35
48.47,position,Sheep,12,100,25,621,480,552.2,301.0,191.8,,48.47
49.45,position,Sheep,12,100,25,487.0,418.0,550.9,347.7,95.0,,49.45
49.45,enemy_proximity,Sheep,12,100,25,487.0,418.0,550.9,347.7,95.0,,49.45
50.44,position,Sheep,12,100,25,475.0,511.0,489.0,341.2,170.3,,50.44
51.43,position,Sheep,12,100,25,415.0,487.0,480.7,412.4,99.4,,51.43
51.43,enemy_proximity,Sheep,12,100,25,415.0,487.0,480.7,412.4,99.4,,51.43
51.53,item_collect,Sheep,12,100,25,403.0,475.0,480.6,419.6,95.3,wall,51.53
52.03,item_collect,Sheep,14,100,25,313.0,448.0,478.2,435.2,165.7,star,52.03
52.42,position,Sheep,14,100,25,280.0,418.0,458.6,443.8,180.4,,52.42
53.4,position,Sheep,14,100,25,223.0,355.0,422.8,407.7,206.6,,53.4
53.63,item_collect,Sheep,14,100,25,208.0,343.0,410.9,398.5,210.3,wall,53.63
54.39,position,Sheep,14,100,25,154.0,232.0,370.3,398.2,272.7,,54.39
54.46,item_collect,Sheep,16,100,25,154.0,220.0,369.6,395.8,278.2,star,54.46
55.39,position,Sheep,16,100,25,91.0,145.0,348.0,338.1,321.5,,55.39
56.37,position,Sheep,16,100,25,37.0,115.0,293.7,302.9,318.1,,56.37
57.36,position,Sheep,16,100,25,34.0,31.0,261.7,248.8,315.1,,57.36
57.39,item_collect,Sheep,16,100,25,40.0,31.0,259.4,247.9,308.5,heal,57.39
58.35,position,Sheep,16,100,25,151.0,61.0,211.8,213.0,163.7,,58.35
59.35,position,Sheep,16,100,25,205.0,25.0,210.1,141.0,116.1,,59.35
60.34,position,Sheep,16,100,25,301.0,85.0,210.0,69.0,92.4,,60.34
60.34,enemy_proximity,Sheep,16,100,25,301.0,85.0,210.0,69.0,92.4,,60.34
61.33,position,Sheep,16,100,25,277.0,241.0,212.6,123.9,133.6,,61.33
61.59,item_collect,Sheep,16,100,25,268.0,250.0,211.3,143.0,121.1,clock,61.59
61.92,item_collect,Sheep,16,100,25,268.0,370.0,210.5,167.0,211.0,heal,61.92
62.32,position,Sheep,16,100,25,263.5,392.5,210.2,195.8,203.8,,62.32
63.3,position,Sheep,16,100,25,329.5,452.5,210.0,267.8,220.0,,63.3
64.3,position,Sheep,16,100,25,359.5,497.5,210.0,339.8,217.3,,64.3
64.41,item_collect,Sheep,18,100,25,359.5,518.5,213.2,346.3,226.0,star,64.41
65.29,position,Sheep,18,100,25,242.5,542.5,263.9,375.2,168.7,,65.29
66.27,position,Sheep,18,100,25,173.5,422.5,233.6,362.7,84.7,,66.27
66.27,enemy_proximity,Sheep,18,100,25,173.5,422.5,233.6,362.7,84.7,,66.27
66.52,item_collect,Sheep,20,100,25,161.5,383.5,219.9,368.1,60.4,star,66.52
67.2,item_collect,Sheep,22,100,25,101.5,323.5,168.9,387.5,92.9,star,67.2
67.26,position,Sheep,22,100,25,89.5,317.5,163.4,388.2,102.3,,67.26
68.01,item_collect,Sheep,22,100,25,83.5,251.5,124.0,357.7,113.7,shield,68.01
68.25,position,Sheep,22,100,25,83.5,206.5,115.6,341.1,138.4,,68.25
69.24,position,Sheep,22,100,25,23.5,92.5,90.9,267.1,187.2,,69.24
70.23,position,Sheep,22,100,25,152.5,47.5,90.0,183.1,149.3,,70.23
71.21,position,Sheep,22,100,25,260.5,23.5,117.4,110.5,167.5,,71.21
72.21,position,Sheep,22,100,25,302.5,101.5,148.6,41.6,165.2,,72.21
73.08,item_collect,Sheep,22,100,25,368.5,23.5,221.5,30.8,147.2,wall,73.08
73.2,position,Sheep,22,100,25,389.5,23.5,231.3,30.6,158.4,,73.2
74.19,position,Sheep,22,100,25,418.0,97.0,277.5,30.1,155.7,,74.19
75.18,position,Sheep,22,100,25,370.0,139.0,325.1,84.5,70.6,,75.18
75.18,enemy_proximity,Sheep,22,100,25,370.0,139.0,325.1,84.5,70.6,,75.18
76.17,position,Sheep,22,100,25,403.0,181.0,371.4,141.0,51.0,,76.17
76.17,enemy_proximity,Sheep,22,100,25,403.0,181.0,371.4,141.0,51.0,,76.17
77.16,position,Sheep,22,100,25,394.6,252.4,389.1,220.6,32.2,,77.16
77.16,enemy_proximity,Sheep,22,100,25,394.6,252.4,389.1,220.6,32.2,,77.16
77.47,damage,Sheep,22,50,25,394.6,263.2,389.6,247.2,16.7,,77.47
78.15,position,Sheep,22,50,25,394.6,236.2,389.8,252.8,17.3,,78.15
78.15,enemy_proximity,Sheep,22,50,25,394.6,236.2,389.8,252.8,17.3,,78.15
79.14,position,Sheep,22,50,25,394.6,236.2,389.8,252.8,17.3,,79.14
79.14,enemy_proximity,Sheep,22,50,25,394.6,236.2,389.8,252.8,17.3,,79.14
79.45,damage,Sheep,22,0,25,394.6,236.2,389.8,252.8,17.3,,79.45
79.45,game_over,Sheep,22,0,25,394.6,236.2,389.8,252.8,17.3,,79.45
1.04,position,Pig,0,250,50,390,270,73.6,57.0,381.4,,1.04
2.04,position,Pig,0,250,50,390,270,114.2,86.1,331.5,,2.04
2.99,item_collect,Pig,1,250,50,342,300,120.6,139.9,273.2,star,2.99
3.04,position,Pig,1,250,50,333,300,120.6,142.9,264.2,,3.04
4.04,position,Pig,1,250,50,378,294,142.8,192.5,256.1,,4.04
5.03,position,Pig,1,250,50,375,204,199.4,208.0,175.7,,5.03
6.02,position,Pig,1,250,50,384,159,248.7,231.2,153.4,,6.02
7.02,position,Pig,1,250,50,354,75,293.7,216.9,154.2,,7.02
8.02,position,Pig,1,250,50,420,48,299.4,157.3,162.7,,8.02
9.02,position,Pig,1,250,50,433.5,84,305.4,100.8,129.2,,9.02
10.02,position,Pig,1,250,50,511.5,150,352.3,110.4,164.0,,10.02
11.02,position,Pig,1,250,50,508.5,210,380.6,157.6,138.2,,11.02
11.06,item_collect,Pig,2,250,50,511.5,219,381.7,160.4,142.4,star,11.06
12.02,position,Pig,2,250,50,460.5,270,389.9,212.8,90.8,,12.02
12.02,enemy_proximity,Pig,2,250,50,460.5,270,389.9,212.8,90.8,,12.02
13.02,position,Pig,2,250,50,481.5,411,390.0,272.8,165.7,,13.02
13.76,item_collect,Pig,2,250,50,571.5,429,410.8,307.8,201.3,wall,13.76
14.01,position,Pig,2,250,50,571.5,468,417.1,315.8,216.8,,14.01
15.01,position,Pig,2,250,50,598.5,540,418.8,340.8,268.3,,15.01
16.0,position,Pig,2,250,50,631.5,474,419.9,400.7,224.0,,16.0
16.98,position,Pig,2,250,50,664.5,474,444.1,443.7,222.5,,16.98
17.75,item_collect,Pig,3,250,50,655.5,402,481.0,430.3,176.8,star,17.75
17.98,position,Pig,3,250,50,655.5,363,494.2,425.6,173.0,,17.98
18.98,position,Pig,3,250,50,661.5,423,554.0,420.7,107.6,,18.98
19.97,position,Pig,3,250,50,721.5,318,576.6,378.4,157.0,,19.97
20.0,item_collect,Pig,3,250,50,721.5,312,575.9,376.5,159.2,heal,20.0
20.97,position,Pig,3,250,50,595.5,261,574.6,361.8,103.0,,20.97
21.96,position,Pig,3,250,50,490.5,204,527.2,336.4,137.4,,21.96
22.96,position,Pig,3,250,50,508.5,135,484.9,307.2,173.9,,22.96
23.95,position,Pig,3,250,50,415.5,51,463.6,273.3,227.4,,23.95
24.94,position,Pig,3,250,50,355.5,66,403.7,270.3,209.9,,24.94
25.26,item_collect,Pig,4,250,50,313.5,84,395.4,253.6,188.3,star,25.26
25.65,item_collect,Pig,4,250,50,295.5,42,373.9,245.3,217.9,heal,25.65
25.95,position,Pig,4,250,50,265.5,24,367.3,228.6,228.5,,25.95
26.94,position,Pig,4,250,50,184.5,30,313.0,210.7,221.7,,26.94
27.93,position,Pig,4,250,50,79.5,60,291.6,159.1,234.1,,27.93
28.93,position,Pig,4,250,50,25.5,99,249.4,124.6,225.4,,28.93
28.93,item_collect,Pig,4,250,50,25.5,99,249.4,124.6,225.4,clock,28.93
29.92,position,Pig,4,250,50,121.5,177,189.6,120.4,88.5,,29.92
29.92,enemy_proximity,Pig,4,250,50,121.5,177,189.6,120.4,88.5,,29.92
30.92,position,Pig,4,250,50,85.5,327,132.0,123.7,208.5,,30.92
31.07,item_collect,Pig,4,250,50,73.5,330,128.2,131.9,205.5,trap,31.07
31.91,position,Pig,4,250,50,121.5,366,95.8,165.7,201.9,,31.91
32.91,position,Pig,4,250,50,172.5,390,90.7,225.4,183.8,,32.91
33.91,position,Pig,4,250,50,178.5,390,90.1,285.4,136.9,,33.91
34.18,item_collect,Pig,5,250,50,175.5,399,90.1,301.4,129.7,star,34.18
34.51,item_collect,Pig,5,250,50,175.5,459,96.2,317.7,162.0,trap,34.51
34.91,position,Pig,5,250,50,175.5,531,110.0,335.7,206.0,,34.91
35.2,item_collect,Pig,5,250,50,220.5,540,114.9,352.8,214.9,wall,35.2
35.9,position,Pig,5,250,50,346.5,510,120.7,375.6,262.8,,35.9
36.02,item_collect,Pig,5,250,50,367.5,489,123.2,376.9,268.8,shield,36.02
36.9,position,Pig,5,250,50,361.0,352.0,142.2,383.7,221.0,,36.9
37.89,position,Pig,5,250,50,361.0,205.0,165.9,387.5,267.1,,37.89
38.5,item_collect,Pig,6,250,50,295.0,193.0,182.5,388.4,225.5,star,38.5
38.67,item_collect,Pig,6,250,50,295.0,163.0,192.5,389.0,248.2,trap,38.67
38.88,position,Pig,6,250,50,295.0,124.0,199.7,379.4,272.6,,38.88
39.88,position,Pig,6,250,50,358.0,79.0,208.9,320.6,283.9,,39.88
40.08,item_collect,Pig,6,250,50,361.0,43.0,209.4,308.7,305.9,shield,40.08
40.87,position,Pig,6,250,50,421.0,40.0,209.9,260.7,305.4,,40.87
41.87,position,Pig,6,250,50,394.0,121.0,261.1,242.1,179.8,,41.87
42.87,position,Pig,6,250,50,355.0,121.0,295.7,206.2,103.8,,42.87
43.86,position,Pig,6,250,50,355.0,103.0,299.6,146.4,70.4,,43.86
43.86,enemy_proximity,Pig,6,250,50,355.0,103.0,299.6,146.4,70.4,,43.86
44.87,position,Pig,6,250,50,361.0,151.0,315.5,96.7,70.8,,44.87
44.87,enemy_proximity,Pig,6,250,50,361.0,151.0,315.5,96.7,70.8,,44.87
45.86,position,Pig,6,250,50,391.0,241.0,354.4,121.2,125.2,,45.86
46.86,position,Pig,6,250,50,391.0,265.0,383.9,168.0,97.2,,46.86
46.86,enemy_proximity,Pig,6,250,50,391.0,265.0,383.9,168.0,97.2,,46.86
47.85,position,Pig,6,250,50,364.0,259.0,368.6,216.9,42.4,,47.85
47.85,enemy_proximity,Pig,6,250,50,364.0,259.0,368.6,216.9,42.4,,47.85
47.91,damage,Pig,6,225,50,364.0,247.0,367.2,220.6,26.5,,47.91
48.84,position,Pig,6,225,50,364.0,301.0,367.2,220.6,80.4,,48.84
48.84,enemy_proximity,Pig,6,225,50,364.0,301.0,367.2,220.6,80.4,,48.84
49.12,item_collect,Pig,7,225,50,355.0,310.0,367.2,220.6,90.2,star,49.12
49.83,position,Pig,7,225,50,361.0,373.0,367.2,220.6,152.5,,49.83
50.31,item_collect,Pig,8,225,50,343.0,421.0,363.2,245.2,176.9,star,50.31
50.83,position,Pig,8,225,50,295.0,445.0,361.1,276.1,181.3,,50.83
51.83,position,Pig,8,226,50,238.0,481.0,360.1,336.1,189.5,,51.83
52.82,position,Pig,8,227,50,175.0,409.0,360.0,396.1,185.5,,52.82
53.82,position,Pig,8,228,50,124.0,385.0,312.3,415.1,190.7,,53.82
54.05,item_collect,Pig,8,229,50,121.0,343.0,305.6,403.1,194.2,trap,54.05
54.82,position,Pig,8,229,50,85.0,235.0,275.4,374.2,235.8,,54.82
55.81,position,Pig,8,230,50,115.0,124.0,221.3,356.1,255.3,,55.81
56.81,position,Pig,8,231,50,121.0,124.0,211.1,297.5,195.6,,56.81
57.8,position,Pig,8,232,50,217.0,85.0,210.1,237.6,152.7,,57.8
57.82,item_collect,Pig,9,232,50,220.0,85.0,210.1,236.6,151.9,star,57.82
58.8,position,Pig,9,233,50,196.0,25.0,210.0,177.6,153.2,,58.8
58.82,item_collect,Pig,10,233,50,193.0,25.0,210.0,176.6,152.5,star,58.82
59.8,position,Pig,10,234,50,301.0,40.0,210.0,106.0,112.4,,59.8
60.8,position,Pig,10,235,50,301.0,160.0,267.2,136.6,41.1,,60.8
60.8,enemy_proximity,Pig,10,235,50,301.0,160.0,267.2,136.6,41.1,,60.8
61.79,position,Pig,10,236,50,259.0,241.0,297.9,194.6,60.5,,61.79
61.79,enemy_proximity,Pig,10,236,50,259.0,241.0,297.9,194.6,60.5,,61.79
62.79,position,Pig,10,237,50,301.0,301.0,275.5,255.6,52.1,,62.79
62.79,enemy_proximity,Pig,10,237,50,301.0,301.0,275.5,255.6,52.1,,62.79
63.79,position,Pig,10,238,50,358.0,376.0,312.8,296.7,91.3,,63.79
63.79,enemy_proximity,Pig,10,238,50,358.0,376.0,312.8,296.7,91.3,,63.79
64.79,position,Pig,10,239,50,295.0,385.0,353.9,349.1,69.0,,64.79
64.79,enemy_proximity,Pig,10,239,50,295.0,385.0,353.9,349.1,69.0,,64.79
64.87,item_collect,Pig,10,240,50,283.0,385.0,354.8,355.0,77.8,wall,64.87
65.78,position,Pig,10,240,50,202.0,271.0,358.6,344.2,172.8,,65.78
66.78,position,Pig,10,241,50,82.0,205.0,309.0,304.7,247.9,,66.78
67.78,position,Pig,10,242,50,70.0,205.0,272.3,256.9,208.8,,67.78
68.76,position,Pig,10,243,50,34.0,241.0,216.3,225.1,183.0,,68.76
69.76,position,Pig,10,244,50,58.0,331.0,157.0,196.2,167.2,,69.76
70.75,position,Pig,10,245,50,196.0,391.0,97.2,194.5,219.9,,70.75
71.74,position,Pig,10,246,50,169.0,391.0,90.6,266.1,147.4,,71.74
72.75,position,Pig,10,247,50,181.0,481.0,107.6,328.7,169.1,,72.75
72.96,item_collect,Pig,10,248,50,181.0,520.0,113.3,343.2,189.3,trap,72.96
73.74,position,Pig,10,248,50,301.0,541.0,140.9,383.5,224.5,,73.74
74.74,position,Pig,10,249,50,361.0,475.0,177.3,433.3,188.3,,74.74
75.74,position,Pig,10,250,50,361.0,514.0,217.8,476.1,148.1,,75.74
76.73,position,Pig,10,250,50,361.0,541.0,265.2,511.9,100.1,,76.73
77.73,position,Pig,10,250,50,361.0,475.0,316.9,537.7,76.6,,77.73
77.73,enemy_proximity,Pig,10,250,50,361.0,475.0,316.9,537.7,76.6,,77.73
78.72,position,Pig,10,250,50,295.0,415.0,334.2,539.1,130.1,,78.72
79.73,position,Pig,10,250,50,271.0,289.0,305.4,539.7,253.0,,79.73
80.72,position,Pig,10,250,50,349.0,301.0,277.8,526.8,236.8,,80.72
81.72,position,Pig,10,250,50,385.0,280.0,278.2,460.3,209.5,,81.72
82.71,position,Pig,10,250,50,400.0,280.0,332.3,423.7,158.9,,82.71
83.71,position,Pig,10,250,48.6,400.0,280.0,358.4,364.6,94.3,,83.71
83.71,enemy_proximity,Pig,10,250,48.6,400.0,280.0,358.4,364.6,94.3,,83.71
84.71,position,Pig,10,250,50.0,400.0,280.0,359.9,292.6,42.0,,84.71
84.71,enemy_proximity,Pig,10,250,50.0,400.0,280.0,359.9,292.6,42.0,,84.71
85.04,damage,Pig,10,200,50.0,400.0,280.0,373.2,277.3,27.0,,85.04
85.7,position,Pig,10,200,50.0,400.0,280.0,374.3,276.8,25.9,,85.7
85.7,enemy_proximity,Pig,10,200,50.0,400.0,280.0,374.3,276.8,25.9,,85.7
86.7,position,Pig,10,200,50.0,400.0,280.0,374.3,276.8,25.9,,86.7
86.7,enemy_proximity,Pig,10,200,50.0,400.0,280.0,374.3,276.8,25.9,,86.7
87.04,damage,Pig,10,150,50.0,400.0,280.0,374.3,276.8,25.9,,87.04
87.7,position,Pig,10,150,50.0,400.0,280.0,374.3,276.8,25.9,,87.7
87.7,enemy_proximity,Pig,10,150,50.0,400.0,280.0,374.3,276.8,25.9,,87.7
88.7,position,Pig,10,150,50.0,400.0,280.0,374.3,276.8,25.9,,88.7
88.7,enemy_proximity,Pig,10,150,50.0,400.0,280.0,374.3,276.8,25.9,,88.7
89.04,damage,Pig,10,100,50.0,400.0,280.0,374.3,276.8,25.9,,89.04
89.7,position,Pig,10,100,50.0,400.0,280.0,374.3,276.8,25.9,,89.7
89.7,enemy_proximity,Pig,10,100,50.0,400.0,280.0,374.3,276.8,25.9,,89.7
90.71,position,Pig,10,100,50.0,400.0,280.0,374.3,276.8,25.9,,90.71
90.71,enemy_proximity,Pig,10,100,50.0,400.0,280.0,374.3,276.8,25.9,,90.71
91.04,damage,Pig,10,50,50.0,400.0,280.0,374.3,276.8,25.9,,91.04
91.71,position,Pig,10,50,50.0,400.0,280.0,374.3,276.8,25.9,,91.71
91.71,enemy_proximity,Pig,10,50,50.0,400.0,280.0,374.3,276.8,25.9,,91.71
92.7,position,Pig,10,50,50.0,400.0,280.0,374.3,276.8,25.9,,92.7
92.7,enemy_proximity,Pig,10,50,50.0,400.0,280.0,374.3,276.8,25.9,,92.7
93.04,damage,Pig,10,0,50.0,400.0,280.0,374.3,276.8,25.9,,93.04
93.04,game_over,Pig,10,0,50.0,400.0,280.0,374.3,276.8,25.9,,93.04
1.02,position,Sheep,0,100,25,390,270,73.6,57.0,381.4,,1.02
2.01,position,Sheep,0,100,25,390,270,114.2,86.1,331.5,,2.01
2.99,position,Sheep,0,100,25,390,270,156.3,116.3,279.7,,2.99
3.98,position,Sheep,0,100,25,390,270,216.2,119.6,229.9,,3.98
4.97,position,Sheep,0,100,25,390,270,267.2,136.4,181.5,,4.97
5.97,position,Sheep,0,100,25,390,270,296.1,182.7,128.2,,5.97
6.95,position,Sheep,0,100,25,390,270,343.6,207.3,78.0,,6.95
6.95,enemy_proximity,Sheep,0,100,25,390,270,343.6,207.3,78.0,,6.95
7.58,damage,Sheep,0,50,25,354,270,355.6,242.4,27.6,,7.58
7.94,position,Sheep,0,50,25,354,333,358.0,264.2,68.9,,7.94
7.94,enemy_proximity,Sheep,0,50,25,354,333,358.0,264.2,68.9,,7.94
8.93,position,Sheep,0,50,25,294,438,359.8,324.2,131.4,,8.93
9.34,item_collect,Sheep,2,50,25,264,459,359.9,349.2,145.8,star,9.34
9.91,position,Sheep,2,50,25,270,519,360.0,384.2,162.1,,9.91
10.54,item_collect,Sheep,2,51,25,222,540,344.1,412.6,176.4,clock,10.54
10.9,position,Sheep,2,51,25,174,534,322.4,416.4,189.4,,10.9
11.76,item_collect,Sheep,2,52,25,210,342,298.5,401.6,106.7,wall,11.76
11.89,position,Sheep,2,52,25,210,294,291.1,398.6,132.3,,11.89
12.21,item_collect,Sheep,2,72,25,282,240,279.7,385.3,145.3,heal,12.21
12.83,item_collect,Sheep,4,73,25,399,177,273.8,362.3,223.6,star,12.83
12.88,position,Sheep,4,73,25,405,174,273.4,359.3,227.2,,12.88
13.82,item_collect,Sheep,4,74,25,372,141,270.4,302.4,190.7,shield,13.82
13.87,position,Sheep,4,74,25,363,141,270.3,299.4,183.5,,13.87
14.86,position,Sheep,4,75,25,354,78,282.8,247.7,184.0,,14.86
15.86,position,Sheep,4,76,25,354,102,298.4,191.1,105.0,,15.86
16.85,position,Sheep,4,77,25,387,150,299.8,131.1,89.2,,16.85
16.85,enemy_proximity,Sheep,4,77,25,387,150,299.8,131.1,89.2,,16.85
17.83,position,Sheep,4,78,25,420,114,330.5,94.4,91.7,,17.83
17.83,enemy_proximity,Sheep,4,78,25,420,114,330.5,94.4,91.7,,17.83
18.83,position,Sheep,4,79,25,420,72,357.0,55.5,65.1,,18.83
18.83,enemy_proximity,Sheep,4,79,25,420,72,357.0,55.5,65.1,,18.83
19.81,position,Sheep,4,80,25,510,105,404.7,32.3,128.0,,19.81
20.8,position,Sheep,4,81,25,570,210,431.4,81.0,189.3,,20.8
21.25,item_collect,Sheep,6,81,25,600,249,457.8,86.3,216.1,star,21.25
21.79,position,Sheep,6,82,25,600,300,490.6,88.9,237.7,,21.79
22.78,position,Sheep,6,83,25,600,300,514.7,138.3,182.9,,22.78
23.76,position,Sheep,6,84,25,600,300,562.6,164.6,140.4,,23.76
24.76,position,Sheep,6,85,25,534,327,569.1,224.2,108.6,,24.76
25.74,position,Sheep,6,86,25,585,390,596.1,272.9,117.6,,25.74
26.74,position,Sheep,6,87,25,534,486,552.8,298.7,188.3,,26.74
27.73,position,Sheep,6,88,25,533.2,541.5,553.5,350.6,192.0,,27.73
28.26,item_collect,Sheep,8,88,25,521.2,505.5,564.5,380.2,132.6,star,28.26
28.72,position,Sheep,8,89,25,473.2,505.5,565.3,406.4,135.3,,28.72
29.15,item_collect,Sheep,8,89,25,461.2,541.5,541.0,414.7,149.8,wall,29.15
29.71,position,Sheep,8,90,25,416.2,478.5,507.3,418.6,109.0,,29.71
30.71,position,Sheep,8,91,25,317.2,298.5,469.0,442.2,209.0,,30.71
31.7,position,Sheep,8,92,25,215.2,205.5,425.5,425.9,304.6,,31.7
31.78,item_collect,Sheep,8,92,25,215.2,190.5,424.7,421.0,311.5,wall,31.78
32.69,position,Sheep,8,93,25,227.2,226.5,410.0,398.3,250.8,,32.69
33.68,position,Sheep,8,94,25,263.2,235.5,365.4,370.4,169.3,,33.68
34.02,item_collect,Sheep,10,94,25,233.2,223.5,362.6,349.6,180.7,star,34.02
34.66,position,Sheep,10,95,25,242.2,226.5,336.1,316.6,130.1,,34.66
35.65,position,Sheep,10,96,25,302.2,184.5,277.5,287.3,105.7,,35.65
36.64,position,Sheep,10,97,25,383.2,211.5,293.4,226.0,91.0,,36.64
36.64,enemy_proximity,Sheep,10,97,25,383.2,211.5,293.4,226.0,91.0,,36.64
37.63,position,Sheep,10,98,25,392.2,271.5,352.0,228.2,59.2,,37.63
37.63,enemy_proximity,Sheep,10,98,25,392.2,271.5,352.0,228.2,59.2,,37.63
38.17,damage,Sheep,10,73,25,392.2,271.5,367.8,259.3,27.4,,38.17
38.62,position,Sheep,10,73,25,392.2,271.5,367.8,259.3,27.4,,38.62
38.62,enemy_proximity,Sheep,10,73,25,392.2,271.5,367.8,259.3,27.4,,38.62
39.62,position,Sheep,10,73,25,392.2,271.5,367.8,259.3,27.4,,39.62
39.62,enemy_proximity,Sheep,10,73,25,392.2,271.5,367.8,259.3,27.4,,39.62
40.16,damage,Sheep,10,23,25,392.2,271.5,368.8,259.8,26.2,,40.16
40.61,position,Sheep,10,23,25,392.2,271.5,374.3,262.4,20.2,,40.61
40.61,enemy_proximity,Sheep,10,23,25,392.2,271.5,374.3,262.4,20.2,,40.61
41.6,position,Sheep,10,23,25,392.2,271.5,374.3,262.4,20.2,,41.6
41.6,enemy_proximity,Sheep,10,23,25,392.2,271.5,374.3,262.4,20.2,,41.6
42.14,damage,Sheep,10,-27,25,392.2,271.5,374.3,262.4,20.2,,42.14
42.14,game_over,Sheep,10,0,25,392.2,271.5,374.3,262.4,20.2,,42.14
1.04,position,Sheep,0,100,25,390,270,73.6,57.0,381.4,,1.04
2.04,position,Sheep,0,100,25,390,270,114.2,86.1,331.5,,2.04
3.04,position,Sheep,0,100,25,390,270,156.3,116.3,279.7,,3.04
4.03,position,Sheep,0,100,25,390,270,216.2,119.6,229.9,,4.03
5.03,position,Sheep,0,100,25,390,270,267.2,136.4,181.5,,5.03
6.03,position,Sheep,0,100,25,390,270,296.1,182.7,128.2,,6.03
7.03,position,Sheep,0,100,25,390,300,343.6,207.3,103.7,,7.03
8.03,position,Sheep,0,100,25,420,372,358.0,264.2,124.3,,8.03
9.02,position,Sheep,0,100,25,420,528,359.8,324.2,212.5,,9.02
10.02,position,Sheep,0,100,25,420,528,368.8,378.9,157.7,,10.02
11.02,position,Sheep,0,100,25,480,540,413.3,408.4,147.6,,11.02
12.02,position,Sheep,0,100,25,480,378,449.3,444.9,73.6,,12.02
12.02,enemy_proximity,Sheep,0,100,25,480,378,449.3,444.9,73.6,,12.02
13.02,position,Sheep,0,100,25,480,264,477.3,405.0,141.0,,13.02
14.02,position,Sheep,0,100,25,501,264,479.7,345.0,83.8,,14.02
14.02,enemy_proximity,Sheep,0,100,25,501,264,479.7,345.0,83.8,,14.02
14.48,item_collect,Sheep,0,100,25,510,252,479.9,317.0,71.7,clock,14.48
15.02,position,Sheep,0,100,25,510,204,480.0,285.0,86.4,,15.02
15.02,enemy_proximity,Sheep,0,100,25,510,204,480.0,285.0,86.4,,15.02
16.01,position,Sheep,0,100,25,534,144,506.5,236.8,96.7,,16.01
16.01,enemy_proximity,Sheep,0,100,25,534,144,506.5,236.8,96.7,,16.01
16.61,item_collect,Sheep,0,100,25,552,24,539.6,238.1,214.4,clock,16.61
17.01,position,Sheep,0,100,25,474,24,533.5,239.2,223.3,,17.01
17.79,item_collect,Sheep,0,100,25,414,72,498.2,216.6,167.4,trap,17.79
18.01,position,Sheep,0,100,25,414,24,490.6,207.5,198.8,,18.01
18.17,item_collect,Sheep,0,100,25,372,24,487.0,198.1,208.7,heal,18.17
19.0,position,Sheep,0,100,25,354,93,441.9,182.6,125.5,,19.0
19.99,position,Sheep,0,100,25,354,93,393.2,162.2,79.6,,19.99
19.99,enemy_proximity,Sheep,0,100,25,354,93,393.2,162.2,79.6,,19.99
20.98,position,Sheep,0,100,25,294,69,363.3,117.6,84.7,,20.98
20.98,enemy_proximity,Sheep,0,100,25,294,69,363.3,117.6,84.7,,20.98
21.25,item_collect,Sheep,0,100,25,294,99,359.8,102.9,65.9,clock,21.25
21.98,position,Sheep,0,100,25,301.5,241.5,341.9,95.7,151.2,,21.98
22.29,item_collect,Sheep,0,100,25,217.5,241.5,334.3,94.7,187.6,wall,22.29
22.97,position,Sheep,0,100,25,79.5,289.5,327.6,93.8,316.0,,22.97
23.97,position,Sheep,0,100,25,82.5,331.5,310.2,99.1,325.4,,23.97
24.96,position,Sheep,0,100,25,115.5,385.5,267.0,116.4,308.8,,24.96
25.95,position,Sheep,0,100,25,118.5,487.5,216.8,134.2,366.7,,25.95
26.95,position,Sheep,0,100,25,121.5,541.5,210.8,193.8,359.0,,26.95
27.94,position,Sheep,0,100,25,121.5,541.5,210.1,253.8,301.0,,27.94
28.94,position,Sheep,0,100,23.2,121.5,541.5,210.0,313.8,244.3,,28.94
29.94,position,Sheep,0,100,25.0,121.5,541.5,210.0,373.8,189.6,,29.94
30.92,position,Sheep,0,100,25.0,121.5,541.5,183.6,422.3,134.4,,30.92
31.92,position,Sheep,0,100,25.0,121.5,541.5,136.5,447.5,95.2,,31.92
31.92,enemy_proximity,Sheep,0,100,25.0,121.5,541.5,136.5,447.5,95.2,,31.92
32.92,position,Sheep,0,100,25.0,121.5,541.5,121.8,503.2,38.3,,32.92
32.92,enemy_proximity,Sheep,0,100,25.0,121.5,541.5,121.8,503.2,38.3,,32.92
33.1,damage,Sheep,0,50,25.0,121.5,541.5,121.3,514.2,27.3,,33.1
33.91,position,Sheep,0,50,25.0,121.5,541.5,120.8,524.2,17.3,,33.91
33.91,enemy_proximity,Sheep,0,50,25.0,121.5,541.5,120.8,524.2,17.3,,33.91
34.9,position,Sheep,0,50,25.0,121.5,541.5,120.8,524.2,17.3,,34.9
34.9,enemy_proximity,Sheep,0,50,25.0,121.5,541.5,120.8,524.2,17.3,,34.9
35.08,damage,Sheep,0,0,25.0,121.5,541.5,120.8,524.2,17.3,,35.08
35.08,game_over,Sheep,0,0,25.0,121.5,541.5,120.8,524.2,17.3,,35.08
1.03,position,Sheep,0,100,25,390,270,73.6,57.0,381.4,,1.03
1.64,item_collect,Sheep,0,100,25,390,279,107.2,64.4,355.0,clock,1.64
2.02,position,Sheep,0,100,25,390,297,114.2,86.1,347.2,,2.02
3.02,position,Sheep,0,100,25,420,237,151.2,117.5,294.2,,3.02
4.01,position,Sheep,0,100,25,432,450,202.0,134.6,390.4,,4.01
5.0,position,Sheep,0,100,25,432,450,209.0,194.1,339.4,,5.0
5.98,position,Sheep,0,100,25,420,492,209.9,254.1,317.4,,5.98
6.98,position,Sheep,0,100,25,480,528,210.0,314.1,344.5,,6.98
7.98,position,Sheep,0,100,25,519,414,237.9,354.1,287.4,,7.98
8.36,item_collect,Sheep,0,100,25,549,414,257.6,352.0,298.0,heal,8.36
8.97,position,Sheep,0,100,25,570,360,267.1,316.6,306.0,,8.97
9.97,position,Sheep,0,100,25,672,324,322.9,301.8,349.8,,9.97
10.96,position,Sheep,0,100,25,669,264,368.6,278.5,300.8,,10.96
11.5,item_collect,Sheep,0,100,25,660,252,400.9,272.6,259.9,shield,11.5
11.95,position,Sheep,0,100,25,660,180,427.8,271.0,249.4,,11.95
12.94,position,Sheep,0,100,25,624,69,487.8,270.1,242.9,,12.94
13.6,item_collect,Sheep,2,100,25,552,24,516.6,248.4,227.2,star,13.6
13.93,position,Sheep,2,100,25,492,24,534.0,244.2,224.1,,13.93
14.92,position,Sheep,2,100,25,422.4,90,491.5,210.4,138.8,,14.92
15.91,position,Sheep,2,90,25,411.6,121.2,444.8,183.0,70.2,,15.91
15.91,enemy_proximity,Sheep,2,90,25,411.6,121.2,444.8,183.0,70.2,,15.91
16.74,item_collect,Sheep,2,90,25,312.6,83.4,400.2,172.3,124.8,wall,16.74
16.9,position,Sheep,2,90,25,282.6,83.4,396.5,164.2,139.6,,16.9
17.89,position,Sheep,2,91,25,58.0,58.0,371.3,149.4,326.4,,17.89
18.88,position,Sheep,2,92,25,28.0,151.0,349.7,98.6,326.0,,18.88
19.88,position,Sheep,2,93,25,166.0,208.0,299.2,107.9,166.6,,19.88
20.88,position,Sheep,2,94,25,178.0,211.0,240.7,118.8,111.6,,20.88
21.87,position,Sheep,2,95,25,202.0,211.0,213.0,160.7,51.5,,21.87
21.87,enemy_proximity,Sheep,2,95,25,202.0,211.0,213.0,160.7,51.5,,21.87
22.67,item_collect,Sheep,4,96,25,205.0,250.0,210.6,208.6,41.8,star,22.67
22.87,position,Sheep,4,96,25,205.0,286.0,210.3,220.6,65.6,,22.87
22.87,enemy_proximity,Sheep,4,96,25,205.0,286.0,210.3,220.6,65.6,,22.87
23.48,item_collect,Sheep,4,96,25,193.0,391.0,210.1,257.6,134.5,clock,23.48
23.53,item_collect,Sheep,4,96,25,175.0,403.0,210.1,260.6,146.6,clock,23.53
23.86,position,Sheep,4,97,25,175.0,523.0,210.0,280.6,244.9,,23.86
24.85,position,Sheep,4,98,25,361.0,505.0,210.0,340.6,223.2,,24.85
25.84,position,Sheep,4,99,25,442.0,445.0,258.6,365.5,199.9,,25.84
26.84,position,Sheep,4,100,25,439.0,445.0,296.9,406.0,147.3,,26.84
27.82,position,Sheep,4,100,25,481.0,379.0,349.6,408.2,134.6,,27.82
28.81,position,Sheep,4,100,25,475.0,421.0,404.9,392.8,75.6,,28.81
28.81,enemy_proximity,Sheep,4,100,25,475.0,421.0,404.9,392.8,75.6,,28.81
29.8,position,Sheep,4,100,25,571.0,409.0,431.5,441.4,143.2,,29.8
30.51,item_collect,Sheep,4,100,25,553.0,355.0,469.2,439.7,119.1,shield,30.51
30.8,position,Sheep,4,100,25,535.0,349.0,474.2,423.7,96.3,,30.8
30.8,enemy_proximity,Sheep,4,100,25,535.0,349.0,474.2,423.7,96.3,,30.8
31.79,position,Sheep,4,100,25,631.0,295.0,479.4,364.0,166.5,,31.79
32.79,position,Sheep,4,100,25,664.0,265.0,517.2,333.3,161.9,,32.79
33.78,position,Sheep,4,100,25,640.0,175.0,564.0,304.6,150.3,,33.78
34.66,item_collect,Sheep,4,100,25,625.0,133.0,595.2,272.0,142.2,wall,34.66
34.77,position,Sheep,4,100,25,625.0,124.6,596.2,265.1,143.4,,34.77
35.76,position,Sheep,4,100,25,616.0,25.0,574.2,216.0,195.5,,35.76
36.74,position,Sheep,4,100,25,475.0,55.0,564.0,160.4,137.9,,36.74
37.73,position,Sheep,4,100,25,415.0,121.0,516.3,135.2,102.3,,37.73
38.72,position,Sheep,4,100,25,361.0,112.0,485.4,94.7,125.6,,38.72
39.71,position,Sheep,4,100,25,353.5,38.5,430.4,83.3,89.0,,39.71
39.71,enemy_proximity,Sheep,4,100,25,353.5,38.5,430.4,83.3,89.0,,39.71
40.7,position,Sheep,4,100,25,293.5,137.5,404.3,36.1,150.2,,40.7
41.36,item_collect,Sheep,4,100,25,281.5,140.5,369.8,39.9,133.8,wall,41.36
41.69,position,Sheep,4,100,25,221.5,137.5,366.8,49.3,169.9,,41.69
42.68,position,Sheep,4,100,25,58.0,58.0,345.2,82.9,288.3,,42.68
43.67,position,Sheep,4,100,25,25.0,61.0,304.9,61.8,279.9,,43.67
44.66,position,Sheep,4,100,25,82.0,151.0,300.5,88.0,227.5,,44.66
44.76,item_collect,Sheep,4,100,25,100.0,151.0,300.4,94.0,208.4,shield,44.76
45.64,position,Sheep,4,100,25,151.0,181.0,259.5,117.0,126.0,,45.64
46.63,position,Sheep,4,100,25,241.0,217.0,215.7,141.8,79.3,,46.63
46.63,enemy_proximity,Sheep,4,100,25,241.0,217.0,215.7,141.8,79.3,,46.63
47.62,position,Sheep,4,100,25,292.0,241.0,210.7,201.5,90.4,,47.62
47.62,enemy_proximity,Sheep,4,100,25,292.0,241.0,210.7,201.5,90.4,,47.62
47.98,item_collect,Sheep,6,100,25,269.5,248.5,210.3,223.5,64.3,star,47.98
48.6,position,Sheep,6,100,25,335.5,317.5,245.1,235.6,122.0,,48.6
49.59,position,Sheep,6,100,25,362.5,332.5,268.4,284.7,105.5,,49.59
50.58,position,Sheep,6,100,25,302.5,425.5,292.4,298.1,127.8,,50.58
50.99,item_collect,Sheep,6,100,25,311.5,452.5,277.1,313.5,143.2,wall,50.99
51.28,item_collect,Sheep,6,100,25,344.5,464.5,274.2,331.3,150.6,clock,51.28
51.56,position,Sheep,6,100,25,392.5,542.5,272.8,341.2,234.2,,51.56
52.05,item_collect,Sheep,8,100,25,464.5,542.5,272.0,351.1,271.5,star,52.05
52.54,position,Sheep,8,100,25,482.5,542.5,277.0,377.4,263.6,,52.54
53.53,position,Sheep,8,100,25,482.5,284.5,318.7,413.9,208.7,,53.53
54.51,position,Sheep,8,100,25,512.5,263.5,355.4,386.0,199.2,,54.51
55.13,item_collect,Sheep,8,100,25,578.5,239.5,359.0,349.3,245.4,wall,55.13
55.5,position,Sheep,8,100,25,611.5,218.5,359.5,329.3,275.3,,55.5
56.49,position,Sheep,8,100,25,692.5,175.0,359.9,290.3,352.0,,56.49
57.48,position,Sheep,8,100,25,623.5,175.0,411.2,272.0,233.4,,57.48
58.47,position,Sheep,8,100,25,623.5,100.0,471.2,270.2,228.4,,58.47
59.35,item_collect,Sheep,8,100,25,611.5,145.0,514.3,249.2,142.5,clock,59.35
59.45,position,Sheep,8,100,25,575.5,145.0,520.0,247.2,116.3,,59.45
59.6,item_collect,Sheep,10,100,25,521.5,145.0,520.8,240.5,95.5,star,59.6
60.44,position,Sheep,10,100,25,473.5,145.0,486.3,196.3,52.9,,60.44
60.44,enemy_proximity,Sheep,10,100,25,473.5,145.0,486.3,196.3,52.9,,60.44
61.43,position,Sheep,10,100,25,632.5,31.0,509.2,145.3,168.2,,61.43
62.42,position,Sheep,10,100,25,665.5,121.0,561.0,133.8,105.3,,62.42
63.41,position,Sheep,10,100,25,713.5,25.0,622.2,134.3,142.4,,63.41
63.48,item_collect,Sheep,10,100,25,701.5,25.0,626.2,132.0,130.9,wall,63.48
64.39,position,Sheep,10,100,25,533.5,25.0,631.0,83.5,113.7,,64.39
65.38,position,Sheep,10,100,25,467.5,91.0,599.6,34.3,143.7,,65.38
66.38,position,Sheep,10,100,25,407.5,121.0,527.8,30.2,150.7,,66.38
67.33,item_collect,Sheep,10,100,25,377.5,131.5,484.0,63.4,126.4,shield,67.33
67.36,position,Sheep,10,100,25,383.5,137.5,483.6,65.7,123.2,,67.36
67.66,item_collect,Sheep,10,100,25,392.5,191.5,470.5,79.9,136.2,heal,67.66
68.34,position,Sheep,10,100,25,335.5,293.5,428.7,99.1,215.6,,68.34
68.94,item_collect,Sheep,10,100,25,326.5,308.5,399.0,125.7,196.7,wall,68.94
69.34,position,Sheep,10,100,25,353.5,311.5,393.3,153.7,162.7,,69.34
70.32,position,Sheep,10,100,25,353.5,422.5,369.4,214.4,208.7,,70.32
71.23,item_collect,Sheep,12,100,25,293.5,401.5,360.9,279.5,139.4,star,71.23
71.31,position,Sheep,12,100,25,293.5,386.5,359.6,284.8,121.3,,71.31
72.29,position,Sheep,12,100,25,263.5,326.5,290.0,299.0,38.2,,72.29
72.29,enemy_proximity,Sheep,12,100,25,263.5,326.5,290.0,299.0,38.2,,72.29
72.57,item_collect,Sheep,12,100,25,251.5,362.5,277.7,311.5,57.3,trap,72.57
73.28,position,Sheep,12,100,25,203.5,341.5,255.9,352.3,53.5,,73.28
73.28,enemy_proximity,Sheep,12,100,25,203.5,341.5,255.9,352.3,53.5,,73.28
73.45,item_collect,Sheep,14,100,25,203.5,311.5,244.3,354.8,59.5,star,73.45
74.27,position,Sheep,14,100,25,203.5,161.5,213.1,321.3,160.1,,74.27
75.26,position,Sheep,14,100,25,203.5,107.5,210.7,285.4,178.1,,75.26
75.43,item_collect,Sheep,14,100,25,191.5,122.5,210.6,280.6,159.3,wall,75.43
76.25,position,Sheep,14,100,25,41.5,155.5,210.3,263.4,200.3,,76.25
77.24,position,Sheep,14,100,25,25.0,79.0,210.1,234.6,241.8,,77.24
78.23,position,Sheep,14,100,25,136.0,61.0,161.6,206.5,147.7,,78.23
78.43,item_collect,Sheep,16,100,25,115.0,70.0,155.8,193.3,129.9,star,78.43
79.22,position,Sheep,16,100,25,115.0,76.0,123.9,152.9,77.4,,79.22
79.22,enemy_proximity,Sheep,16,100,25,115.0,76.0,123.9,152.9,77.4,,79.22
80.21,position,Sheep,16,100,25,190.0,25.0,120.3,81.1,89.5,,80.21
80.21,enemy_proximity,Sheep,16,100,25,190.0,25.0,120.3,81.1,89.5,,80.21
80.91,item_collect,Sheep,16,100,25,301.0,40.0,145.7,42.6,155.3,heal,80.91
81.2,position,Sheep,16,100,25,301.0,94.0,166.0,35.4,147.1,,81.2
82.19,position,Sheep,16,100,25,265.0,241.0,206.8,72.8,178.0,,82.19
83.19,position,Sheep,16,100,25,145.0,298.0,209.7,144.7,166.4,,83.19
83.57,item_collect,Sheep,18,100,25,133.0,265.0,209.9,172.3,120.4,star,83.57
84.18,position,Sheep,18,100,25,85.0,313.0,190.3,203.7,151.8,,84.18
84.79,item_collect,Sheep,18,100,25,25.0,313.0,155.3,193.4,176.9,trap,84.79
85.17,position,Sheep,18,100,25,25.0,244.0,129.2,184.7,119.9,,85.17
86.16,position,Sheep,18,100,25,91.0,307.0,93.6,217.0,90.1,,86.16
86.16,enemy_proximity,Sheep,18,100,25,91.0,307.0,93.6,217.0,90.1,,86.16
87.15,position,Sheep,18,100,25,115.0,346.0,91.3,245.6,103.1,,87.15
88.14,position,Sheep,18,100,25,85.0,394.0,90.5,274.4,119.7,,88.14
88.9,item_collect,Sheep,20,100,25,73.0,385.0,90.2,296.5,90.2,star,88.9
89.13,position,Sheep,20,100,25,52.0,385.0,90.1,314.3,80.3,,89.13
89.13,enemy_proximity,Sheep,20,100,25,52.0,385.0,90.1,314.3,80.3,,89.13
89.65,item_collect,Sheep,20,100,25,25.0,400.0,114.1,347.0,103.7,wall,89.65
90.12,position,Sheep,20,100,25,28.0,487.0,106.9,380.8,132.3,,90.12
91.11,position,Sheep,20,100,25,121.0,499.0,91.8,431.3,73.7,,91.11
91.11,enemy_proximity,Sheep,20,100,25,121.0,499.0,91.8,431.3,73.7,,91.11
91.34,damage,Sheep,20,75,25,121.0,457.0,95.3,447.2,27.5,,91.34
92.09,position,Sheep,20,75,25,181.0,394.0,95.3,447.2,100.9,,92.09
93.08,position,Sheep,20,75,25,271.0,316.0,95.3,447.2,219.3,,93.08
93.86,item_collect,Sheep,20,75,25,400.0,301.0,92.0,402.1,324.1,wall,93.86
94.08,position,Sheep,20,75,25,439.0,301.0,106.3,396.4,346.1,,94.08
95.06,position,Sheep,20,76,25,553.0,235.0,153.5,391.3,428.9,,95.06
96.05,position,Sheep,20,77,25,574.0,232.0,225.8,365.3,372.9,,96.05
96.16,item_collect,Sheep,22,77,25,565.0,223.0,235.5,364.1,358.5,star,96.16
97.04,position,Sheep,22,78,25,628.0,106.0,268.2,309.5,413.3,,97.04
97.06,item_collect,Sheep,24,78,25,628.0,103.0,268.3,308.1,414.1,star,97.06
98.02,position,Sheep,24,79,25,532.0,25.0,289.4,236.3,321.7,,98.02
98.92,item_collect,Sheep,24,100,25,490.0,91.0,354.6,211.5,181.3,heal,98.92
99.01,position,Sheep,24,100,25,508.0,91.0,363.0,211.2,188.3,,99.01
100.01,position,Sheep,24,100,25,481.0,85.0,389.0,140.5,107.4,,100.01
100.78,item_collect,Sheep,24,100,25,493.0,151.0,430.1,97.5,82.5,clock,100.78
100.99,position,Sheep,24,100,25,475.0,163.0,447.9,94.2,73.9,,100.99
100.99,enemy_proximity,Sheep,24,100,25,475.0,163.0,447.9,94.2,73.9,,100.99
101.98,position,Sheep,24,100,25,397.0,181.0,395.5,136.5,44.5,,101.98
101.98,enemy_proximity,Sheep,24,100,25,397.0,181.0,395.5,136.5,44.5,,101.98
102.97,position,Sheep,24,100,25,346.0,331.0,371.2,208.9,124.7,,102.97
103.96,position,Sheep,24,100,25,295.0,421.0,360.5,291.7,145.0,,103.96
104.64,item_collect,Sheep,26,100,25,265.0,460.0,360.1,349.1,146.1,star,104.64
104.71,item_collect,Sheep,26,100,25,253.0,472.0,360.1,354.7,158.8,trap,104.71
104.96,position,Sheep,26,100,25,223.0,481.0,360.0,375.7,172.8,,104.96
105.95,position,Sheep,26,100,25,277.0,541.0,311.1,423.1,122.7,,105.95
106.19,item_collect,Sheep,28,100,25,253.0,541.0,298.6,438.0,112.6,star,106.19
106.93,position,Sheep,28,100,25,181.0,541.0,249.1,460.1,105.7,,106.93
107.92,position,Sheep,28,100,25,361.0,541.0,264.0,502.9,104.2,,107.92
108.92,position,Sheep,28,100,25,421.0,415.0,268.3,487.3,168.9,,108.92
109.9,position,Sheep,28,100,25,415.0,235.0,278.6,459.7,262.9,,109.9
110.89,position,Sheep,28,100,25,391.0,205.0,309.0,427.7,237.3,,110.89
111.24,item_collect,Sheep,28,100,25,391.0,163.0,337.8,422.8,265.2,trap,111.24
111.88,position,Sheep,28,100,25,355.0,88.0,357.6,376.6,288.6,,111.88
112.87,position,Sheep,28,100,25,361.0,34.0,359.9,292.7,258.7,,112.87
113.86,position,Sheep,28,100,25,421.0,61.0,372.9,217.2,163.5,,113.86
114.84,position,Sheep,28,100,25,421.0,25.0,389.3,136.4,115.9,,114.84
115.83,position,Sheep,28,100,25,355.0,25.0,418.7,64.6,75.0,,115.83
115.83,enemy_proximity,Sheep,28,100,25,355.0,25.0,418.7,64.6,75.0,,115.83
116.82,position,Sheep,28,100,25,373.0,151.0,371.1,37.4,113.6,,116.82
117.81,position,Sheep,28,100,25,373.0,214.0,363.4,69.9,144.4,,117.81
118.8,position,Sheep,28,100,25,355.0,223.0,361.0,103.4,119.8,,118.8
119.66,item_collect,Sheep,28,100,25,295.0,220.0,359.0,102.8,133.5,wall,119.66
119.79,position,Sheep,28,100,25,295.0,244.0,348.8,98.3,155.3,,119.79
120.64,item_collect,Sheep,30,90,25,208.0,328.0,305.5,107.7,240.9,star,120.64
120.77,position,Sheep,30,90,25,203.2,330.4,293.6,111.8,236.5,,120.77
121.77,position,Sheep,30,90,25,203.2,378.4,215.8,143.6,235.1,,121.77
122.75,position,Sheep,30,91,25,83.2,438.4,210.2,239.3,236.2,,122.75
123.28,item_collect,Sheep,32,92,25,122.2,462.4,210.0,290.5,193.1,star,123.28
123.73,position,Sheep,32,92,25,164.2,444.4,210.0,335.3,118.3,,123.73
124.72,position,Sheep,32,93,25,281.2,444.4,183.6,419.2,100.8,,124.72
125.7,position,Sheep,32,94,25,371.2,384.4,226.4,474.7,170.6,,125.7
126.7,position,Sheep,32,95,25,422.2,273.4,301.6,430.2,197.8,,126.7
127.69,position,Sheep,32,96,25,453.0,270.4,358.2,372.7,139.4,,127.69
128.68,position,Sheep,32,97,25,513.0,203.6,365.8,280.6,166.0,,128.68
129.67,position,Sheep,32,98,25,612.0,290.6,460.6,270.3,152.7,,129.67
130.66,position,Sheep,32,99,25,663.0,245.6,501.5,260.1,162.1,,130.66
131.64,position,Sheep,32,100,25,714.0,362.6,587.7,246.3,171.7,,131.64
132.63,position,Sheep,32,100,25,654.0,422.6,676.5,269.3,155.0,,132.63
133.39,item_collect,Sheep,34,100,25,612.0,353.6,717.1,312.6,112.9,star,133.39
133.62,position,Sheep,34,100,25,570.0,353.6,698.8,323.0,132.4,,133.62
134.61,position,Sheep,34,100,25,585.0,386.6,617.0,357.8,43.1,,134.61
134.61,enemy_proximity,Sheep,34,100,25,585.0,386.6,617.0,357.8,43.1,,134.61
134.8,damage,Sheep,34,50,25,588.0,392.6,607.4,372.9,27.7,,134.8
135.41,item_collect,Sheep,34,50,25,534.0,488.6,566.6,409.0,86.0,shield,135.41
135.59,position,Sheep,34,50,25,534.0,521.6,552.1,417.5,105.7,,135.59
136.29,item_collect,Sheep,36,50,25,492.0,503.6,541.2,483.3,53.3,star,136.29
136.58,position,Sheep,36,50,25,474.0,500.6,525.0,502.5,51.1,,136.58
136.58,enemy_proximity,Sheep,36,50,25,474.0,500.6,525.0,502.5,51.1,,136.58
137.57,position,Sheep,36,50,25,474.0,320.6,481.2,445.8,125.4,,137.57
138.56,position,Sheep,36,51,25,387.0,191.6,480.0,349.9,183.6,,138.56
138.56,item_collect,Sheep,36,51,25,387.0,191.6,480.0,349.9,183.6,wall,138.56
139.56,position,Sheep,36,52,25,298.0,118.0,429.4,321.7,242.4,,139.56
140.46,item_collect,Sheep,36,52,25,205.6,43.0,348.8,300.6,294.7,wall,140.46
140.54,position,Sheep,36,42,25,195.4,31.6,340.8,300.4,305.6,,140.54
141.53,position,Sheep,36,42,25,118.0,64.0,276.1,283.9,270.9,,141.53
142.51,position,Sheep,36,43,25,70.0,215.8,217.3,228.3,147.9,,142.51
142.54,item_collect,Sheep,38,43,25,64.0,221.8,216.1,225.3,152.2,star,142.54
143.36,item_collect,Sheep,40,43,25,100.0,269.8,151.2,192.1,93.1,star,143.36
143.49,position,Sheep,40,44,25,124.0,272.8,138.0,186.9,87.0,,143.49
143.49,enemy_proximity,Sheep,40,44,25,124.0,272.8,138.0,186.9,87.0,,143.49
144.48,position,Sheep,40,45,25,211.0,302.8,90.9,251.9,130.4,,144.48
145.1,item_collect,Sheep,40,45,25,211.0,251.8,142.1,282.4,75.4,wall,145.1
145.14,item_collect,Sheep,40,65,25,220.0,242.8,146.1,285.5,85.3,heal,145.14
145.47,position,Sheep,40,66,25,280.0,182.8,164.3,293.3,160.0,,145.47
146.46,position,Sheep,40,67,25,421.0,28.0,207.8,251.6,309.0,,146.46
147.46,position,Sheep,40,68,25,499.0,91.0,210.0,143.7,293.8,,147.46
148.45,position,Sheep,40,69,25,598.0,151.0,294.1,102.7,307.7,,148.45
149.44,position,Sheep,40,70,25,634.0,115.0,391.1,116.1,242.9,,149.44
149.79,item_collect,Sheep,40,90,25,625.0,103.0,419.6,101.2,205.4,heal,149.79
149.79,item_collect,Sheep,40,100,25,625.0,103.0,419.6,101.2,205.4,heal,149.79
150.39,item_collect,Sheep,40,100,25,613.0,25.0,473.5,73.9,147.8,trap,150.39
150.43,position,Sheep,40,100,25,607.0,25.0,474.1,70.3,140.5,,150.43
151.42,position,Sheep,40,100,25,631.0,91.0,557.2,30.7,95.3,,151.42
151.42,enemy_proximity,Sheep,40,100,25,631.0,91.0,557.2,30.7,95.3,,151.42
152.42,position,Sheep,40,100,25,646.0,121.0,625.9,66.5,58.1,,152.42
152.42,enemy_proximity,Sheep,40,100,25,646.0,121.0,625.9,66.5,58.1,,152.42
153.4,position,Sheep,40,100,25,655.0,226.0,629.2,109.6,119.3,,153.4
154.39,position,Sheep,40,100,25,541.0,304.0,613.1,142.7,176.7,,154.39
155.37,position,Sheep,40,100,25,568.0,367.0,575.6,171.2,196.0,,155.37
156.36,position,Sheep,40,100,25,541.0,508.0,521.4,241.5,267.3,,156.36
157.28,item_collect,Sheep,42,100,25,550.0,445.0,481.5,322.5,140.4,star,157.28
157.36,position,Sheep,42,100,25,565.0,430.0,481.1,331.5,129.4,,157.36
158.35,position,Sheep,42,100,25,625.0,355.0,480.0,367.5,145.5,,158.35
159.33,position,Sheep,42,100,25,721.0,322.0,552.1,352.8,171.7,,159.33
160.32,position,Sheep,42,100,25,685.0,265.0,651.5,346.9,88.5,,160.32
160.32,enemy_proximity,Sheep,42,100,25,685.0,265.0,651.5,346.9,88.5,,160.32
161.31,position,Sheep,42,100,25,565.0,214.0,718.1,283.5,168.1,,161.31
162.3,position,Sheep,42,100,25,505.0,250.0,613.1,268.5,109.7,,162.3
162.3,item_collect,Sheep,42,100,25,505.0,250.0,613.1,268.5,109.7,heal,162.3
163.29,position,Sheep,42,100,25,439.0,331.0,520.6,247.0,117.1,,163.29
163.33,item_collect,Sheep,42,100,25,433.0,331.0,519.1,250.3,118.0,heal,163.33
164.28,position,Sheep,42,100,25,355.0,289.0,419.9,269.7,67.7,,164.28
164.28,enemy_proximity,Sheep,42,100,25,355.0,289.0,419.9,269.7,67.7,,164.28
164.39,item_collect,Sheep,44,100,25,355.0,310.0,407.3,269.8,66.0,star,164.39
165.26,position,Sheep,44,100,25,304.0,430.0,361.5,329.5,115.8,,165.26
166.25,position,Sheep,44,100,25,196.0,481.0,329.7,415.3,149.0,,166.25
167.24,position,Sheep,44,100,25,175.0,391.0,246.3,464.9,102.7,,167.24
167.56,item_collect,Sheep,46,100,25,133.0,385.0,214.1,475.7,121.7,star,167.56
168.23,position,Sheep,46,100,25,82.0,391.0,151.7,453.5,93.7,,168.23
168.23,enemy_proximity,Sheep,46,100,25,82.0,391.0,151.7,453.5,93.7,,168.23
169.22,position,Sheep,46,100,25,202.0,391.0,101.6,398.9,100.7,,169.22
170.21,position,Sheep,46,90,25,253.0,353.8,201.0,377.5,57.1,,170.21
170.21,enemy_proximity,Sheep,46,90,25,253.0,353.8,201.0,377.5,57.1,,170.21
170.53,damage,Sheep,46,40,25,256.6,353.8,230.9,364.4,27.8,,170.53
171.2,position,Sheep,46,40,25,271.6,353.8,254.2,361.8,19.1,,171.2
171.2,enemy_proximity,Sheep,46,40,25,271.6,353.8,254.2,361.8,19.1,,171.2
172.2,position,Sheep,46,40,25,271.6,263.8,269.4,283.4,19.7,,172.2
172.2,enemy_proximity,Sheep,46,40,25,271.6,263.8,269.4,283.4,19.7,,172.2
172.51,damage,Sheep,46,-10,25,264.4,241.0,269.7,261.8,21.4,,172.51
172.51,game_over,Sheep,46,0,25,264.4,241.0,269.7,261.8,21.4,,172.51
1.03,position,Sheep,0,100,25,390,270,73.6,57.0,381.4,,1.03
2.02,position,Sheep,0,100,25,390,270,114.2,86.1,331.5,,2.02
3.01,position,Sheep,0,100,25,390,270,156.3,116.3,279.7,,3.01
4.01,position,Sheep,0,100,25,390,300,205.6,132.9,248.8,,4.01
4.21,item_collect,Sheep,0,100,25,372,300,207.0,144.8,226.6,heal,4.21
4.37,item_collect,Sheep,2,100,25,342,300,207.8,154.7,197.7,star,4.37
5.01,position,Sheep,2,90,25,318,302.4,209.5,192.7,154.3,,5.01
6.0,position,Sheep,2,90,25,388.2,302.4,235.9,234.0,166.9,,6.0
6.99,position,Sheep,2,91,25,421.2,302.4,266.2,276.2,157.2,,6.99
7.98,position,Sheep,2,92,25,421.2,470.4,315.4,300.1,200.5,,7.98
8.98,position,Sheep,2,93,25,442.2,542.4,352.4,342.1,219.6,,8.98
9.97,position,Sheep,2,94,25,472.2,533.4,382.9,383.8,174.2,,9.97
10.96,position,Sheep,2,95,25,424.2,533.4,415.7,423.4,110.4,,10.96
11.95,position,Sheep,2,96,25,481.2,542.4,419.5,483.2,85.5,,11.95
11.95,enemy_proximity,Sheep,2,96,25,481.2,542.4,419.5,483.2,85.5,,11.95
12.61,item_collect,Sheep,4,97,25,481.2,431.4,423.5,461.6,65.1,star,12.61
12.94,position,Sheep,4,97,25,481.2,371.4,442.5,455.6,92.7,,12.94
12.94,enemy_proximity,Sheep,4,97,25,481.2,371.4,442.5,455.6,92.7,,12.94
13.93,position,Sheep,4,98,25,511.2,263.4,476.0,416.7,157.3,,13.93
14.92,position,Sheep,4,99,25,535.2,242.4,479.6,356.8,127.2,,14.92
15.01,item_collect,Sheep,6,99,25,550.2,242.4,479.7,351.8,130.2,star,15.01
15.92,position,Sheep,6,100,25,565.2,191.4,480.0,296.8,135.6,,15.92
16.9,position,Sheep,6,90,25,555.6,116.4,506.0,248.9,141.5,,16.9
17.9,position,Sheep,6,90,25,631.2,24.6,559.2,231.6,219.2,,17.9
18.89,position,Sheep,6,91,25,568.2,24.6,568.9,172.9,148.3,,18.89
19.88,position,Sheep,6,92,25,463.2,90.6,533.6,149.7,91.9,,19.88
19.88,enemy_proximity,Sheep,6,92,25,463.2,90.6,533.6,149.7,91.9,,19.88
20.87,position,Sheep,6,93,25,358.2,150.6,512.2,127.6,155.7,,20.87
21.86,position,Sheep,6,94,25,388.2,186.6,476.4,168.8,89.9,,21.86
21.86,enemy_proximity,Sheep,6,94,25,388.2,186.6,476.4,168.8,89.9,,21.86
22.85,position,Sheep,6,95,25,385.2,297.6,417.7,178.9,123.1,,22.85
23.85,position,Sheep,6,96,25,325.2,294.6,371.9,208.0,98.4,,23.85
23.85,enemy_proximity,Sheep,6,96,25,325.2,294.6,371.9,208.0,98.4,,23.85
24.84,position,Sheep,6,97,25,265.2,363.6,323.9,212.7,161.9,,24.84
25.83,position,Sheep,6,98,25,220.2,354.6,275.7,237.5,129.6,,25.83
26.59,item_collect,Sheep,6,99,25,205.2,369.6,229.8,239.6,132.3,wall,26.59
26.82,position,Sheep,6,99,25,205.2,411.6,221.7,244.2,168.2,,26.82
27.82,position,Sheep,6,100,25,301.0,541.0,213.5,278.0,277.2,,27.82
28.81,position,Sheep,6,100,25,361.0,541.0,210.4,337.8,252.9,,28.81
29.8,position,Sheep,6,100,25,361.0,541.0,257.1,363.5,205.6,,29.8
30.79,position,Sheep,6,100,25,361.0,541.0,293.7,405.7,151.1,,30.79
31.78,position,Sheep,6,100,25,361.0,541.0,319.4,453.8,96.6,,31.78
31.78,enemy_proximity,Sheep,6,100,25,361.0,541.0,319.4,453.8,96.6,,31.78
32.79,position,Sheep,6,100,25,361.0,541.0,353.9,497.4,44.2,,32.79
32.79,enemy_proximity,Sheep,6,100,25,361.0,541.0,353.9,497.4,44.2,,32.79
33.07,damage,Sheep,6,50,25,361.0,541.0,356.3,514.3,27.2,,33.07
33.79,position,Sheep,6,50,25,361.0,541.0,357.7,524.1,17.2,,33.79
33.79,enemy_proximity,Sheep,6,50,25,361.0,541.0,357.7,524.1,17.2,,33.79
34.78,position,Sheep,6,50,25,361.0,541.0,357.7,524.1,17.2,,34.78
34.78,enemy_proximity,Sheep,6,50,25,361.0,541.0,357.7,524.1,17.2,,34.78
35.06,damage,Sheep,6,0,25,361.0,541.0,357.7,524.1,17.2,,35.06
35.06,game_over,Sheep,6,0,25,361.0,541.0,357.7,524.1,17.2,,35.06
1.04,position,Sheep,0,100,25,390,270,73.6,57.0,381.4,,1.04
2.03,position,Sheep,0,100,25,390,270,114.2,86.1,331.5,,2.03
3.03,position,Sheep,0,100,25,390,270,156.3,116.3,279.7,,3.03
4.02,position,Sheep,0,100,25,390,270,216.2,119.6,229.9,,4.02
5.01,position,Sheep,0,100,25,390,270,267.2,136.4,181.5,,5.01
6.01,position,Sheep,0,100,25,390,270,296.1,182.7,128.2,,6.01
7.0,position,Sheep,0,100,25,390,270,343.6,207.3,78.0,,7.0
7.0,enemy_proximity,Sheep,0,100,25,390,270,343.6,207.3,78.0,,7.0
7.98,damage,Sheep,0,50,25,390,270,365.6,258.2,27.1,,7.98
7.99,position,Sheep,0,50,25,390,270,366.5,258.6,26.1,,7.99
7.99,enemy_proximity,Sheep,0,50,25,390,270,366.5,258.6,26.1,,7.99
8.98,position,Sheep,0,50,25,390,270,374.6,262.5,17.1,,8.98
8.98,enemy_proximity,Sheep,0,50,25,390,270,374.6,262.5,17.1,,8.98
9.95,damage,Sheep,0,0,25,390,270,374.6,262.5,17.1,,9.95
9.95,game_over,Sheep,0,0,25,390,270,374.6,262.5,17.1,,9.95
1.03,position,Sheep,0,100,25,390,270,73.6,57.0,381.4,,1.03
2.03,position,Sheep,0,100,25,390,270,114.2,86.1,331.5,,2.03
3.01,position,Sheep,0,100,25,390,270,156.3,116.3,279.7,,3.01
4.0,position,Sheep,0,100,25,390,270,216.2,119.6,229.9,,4.0
5.0,position,Sheep,0,100,25,390,270,267.2,136.4,181.5,,5.0
5.99,position,Sheep,0,100,25,390,270,296.1,182.7,128.2,,5.99
6.98,position,Sheep,0,100,25,390,270,343.6,207.3,78.0,,6.98
6.98,enemy_proximity,Sheep,0,100,25,390,270,343.6,207.3,78.0,,6.98
8.08,damage,Sheep,0,50,25,390,270,365.6,258.2,27.1,,8.08
8.09,position,Sheep,0,50,25,390,270,366.5,258.6,26.1,,8.09
8.09,enemy_proximity,Sheep,0,50,25,390,270,366.5,258.6,26.1,,8.09
9.09,position,Sheep,0,50,25,390,270,374.6,262.5,17.1,,9.09
9.09,enemy_proximity,Sheep,0,50,25,390,270,374.6,262.5,17.1,,9.09
10.07,damage,Sheep,0,0,25,390,270,374.6,262.5,17.1,,10.07
10.07,game_over,Sheep,0,0,25,390,270,374.6,262.5,17.1,,10.07
1.02,position,Sheep,0,100,25,390,270,73.6,57.0,381.4,,1.02
2.01,position,Sheep,0,100,25,390,270,114.2,86.1,331.5,,2.01
5.94,position,Sheep,0,100,25,390,270,156.3,116.3,279.7,,5.94
6.93,position,Sheep,0,100,25,390,270,216.2,119.6,229.9,,6.93
7.91,position,Sheep,0,100,25,390,300,211.8,172.2,219.3,,7.91
8.9,position,Sheep,0,100,25,366,267,217.3,228.0,153.7,,8.9
9.89,position,Sheep,0,100,25,366,240,275.8,238.5,90.2,,9.89
9.89,enemy_proximity,Sheep,0,100,25,366,240,275.8,238.5,90.2,,9.89
10.89,position,Sheep,0,100,25,393,276,324.8,214.2,92.1,,10.89
10.89,enemy_proximity,Sheep,0,100,25,393,276,324.8,214.2,92.1,,10.89
11.88,position,Sheep,0,100,25,393,276,356.2,249.7,45.3,,11.88
11.88,enemy_proximity,Sheep,0,100,25,393,276,356.2,249.7,45.3,,11.88
12.2,damage,Sheep,0,50,25,393,276,369.8,260.5,27.9,,12.2
12.88,position,Sheep,0,50,25,393,276,374.3,262.6,23.0,,12.88
12.88,enemy_proximity,Sheep,0,50,25,393,276,374.3,262.6,23.0,,12.88
13.87,position,Sheep,0,50,25,393,276,374.3,262.6,23.0,,13.87
13.87,enemy_proximity,Sheep,0,50,25,393,276,374.3,262.6,23.0,,13.87
14.19,damage,Sheep,0,0,25,393,276,374.3,262.6,23.0,,14.19
14.19,game_over,Sheep,0,0,25,393,276,374.3,262.6,23.0,,14.19
1.03,position,Sheep,0,100,25,390,270,73.6,57.0,381.4,,1.03
2.03,position,Sheep,0,100,25,390,270,114.2,86.1,331.5,,2.03
3.03,position,Sheep,0,100,25,390,270,156.3,116.3,279.7,,3.03
4.02,position,Sheep,0,100,25,390,270,216.2,119.6,229.9,,4.02
5.02,position,Sheep,0,100,25,390,270,267.2,136.4,181.5,,5.02
6.01,position,Sheep,0,100,25,390,270,296.1,182.7,128.2,,6.01
7.0,position,Sheep,0,100,25,390,270,343.6,207.3,78.0,,7.0
7.0,enemy_proximity,Sheep,0,100,25,390,270,343.6,207.3,78.0,,7.0
7.97,damage,Sheep,0,50,25,390,270,365.6,258.2,27.1,,7.97
7.99,position,Sheep,0,50,25,390,270,366.5,258.6,26.1,,7.99
7.99,enemy_proximity,Sheep,0,50,25,390,270,366.5,258.6,26.1,,7.99
8.98,position,Sheep,0,50,25,390,270,374.6,262.5,17.1,,8.98
8.98,enemy_proximity,Sheep,0,50,25,390,270,374.6,262.5,17.1,,8.98
9.95,damage,Sheep,0,0,25,390,270,374.6,262.5,17.1,,9.95
9.95,game_over,Sheep,0,0,25,390,270,374.6,262.5,17.1,,9.95
1.04,position,Sheep,0,100,25,390,270,73.6,57.0,381.4,,1.04
1.9,item_collect,Sheep,2,100,25,390,252,112.8,78.2,327.2,star,1.9
2.03,position,Sheep,2,100,25,390,234,114.2,86.1,313.0,,2.03
3.03,position,Sheep,2,100,25,390,135,156.3,116.3,234.4,,3.03
3.25,item_collect,Sheep,2,100,25,399,114,169.2,117.8,229.8,clock,3.25
4.03,position,Sheep,2,100,25,483,84,216.2,119.6,269.2,,4.03
4.57,item_collect,Sheep,2,100,25,549,150,249.2,119.9,301.3,shield,4.57
5.02,position,Sheep,2,100,25,567,180,276.2,119.9,296.9,,5.02
5.16,item_collect,Sheep,2,100,25,567,132,284.7,119.1,282.6,wall,5.16
5.26,item_collect,Sheep,4,100,25,567,102,287.5,113.8,279.8,star,5.26
6.01,position,Sheep,4,100,25,468,51,305.3,98.8,169.6,,6.01
7.0,position,Sheep,4,100,25,394.0,121.0,350.8,103.3,46.7,,7.0
7.0,enemy_proximity,Sheep,4,100,25,394.0,121.0,350.8,103.3,46.7,,7.0
8.0,position,Sheep,4,100,25,385.0,181.0,377.1,149.3,32.6,,8.0
8.0,enemy_proximity,Sheep,4,100,25,385.0,181.0,377.1,149.3,32.6,,8.0
8.99,position,Sheep,4,100,25,370.0,301.0,376.4,201.0,100.2,,8.99
9.78,item_collect,Sheep,4,100,25,361.0,370.0,363.1,245.9,124.1,heal,9.78
9.99,position,Sheep,4,100,25,361.0,406.0,361.8,257.8,148.2,,9.99
10.38,item_collect,Sheep,4,100,25,313.0,421.0,360.8,281.8,147.2,clock,10.38
10.98,position,Sheep,4,100,25,361.0,421.0,360.2,317.8,103.2,,10.98
11.67,damage,Sheep,4,75,25,361.0,385.0,360.0,359.8,25.2,,11.67
11.97,position,Sheep,4,75,25,361.0,379.0,360.0,359.8,19.2,,11.97
11.97,enemy_proximity,Sheep,4,75,25,361.0,379.0,360.0,359.8,19.2,,11.97
12.96,position,Sheep,4,75,25,313.0,421.0,360.0,359.8,77.2,,12.96
12.96,enemy_proximity,Sheep,4,75,25,313.0,421.0,360.0,359.8,77.2,,12.96
13.95,position,Sheep,4,75,25,361.0,505.0,360.0,377.8,127.2,,13.95
14.95,position,Sheep,4,76,25,403.0,475.0,338.7,427.0,80.3,,14.95
14.95,enemy_proximity,Sheep,4,76,25,403.0,475.0,338.7,427.0,80.3,,14.95
15.94,position,Sheep,4,77,25,466.0,445.0,352.1,472.6,117.2,,15.94
16.94,position,Sheep,4,78,25,484.0,415.0,407.9,472.8,95.6,,16.94
16.94,enemy_proximity,Sheep,4,78,25,484.0,415.0,407.9,472.8,95.6,,16.94
17.56,item_collect,Sheep,4,78,25,475.0,403.0,439.1,455.3,63.4,clock,17.56
17.93,position,Sheep,4,79,25,475.0,271.0,460.9,452.5,182.0,,17.93
18.82,item_collect,Sheep,4,80,25,343.0,205.0,433.4,447.2,258.5,wall,18.82
18.92,position,Sheep,4,80,25,307.0,205.0,430.8,441.8,267.2,,18.92
19.92,position,Sheep,4,81,25,253.0,25.0,422.0,403.1,414.2,,19.92
20.08,item_collect,Sheep,4,81,25,223.0,25.0,412.8,399.3,419.7,trap,20.08
20.91,position,Sheep,4,82,25,286.0,25.0,369.8,382.6,367.3,,20.91
21.03,item_collect,Sheep,4,100,25,301.0,40.0,367.0,376.2,342.6,heal,21.03
21.36,item_collect,Sheep,6,100,25,301.0,100.0,363.6,356.5,264.1,star,21.36
21.9,position,Sheep,6,100,25,265.0,127.0,361.0,323.7,218.9,,21.9
22.42,item_collect,Sheep,8,100,25,220.0,94.0,356.4,297.1,244.7,star,22.42
22.89,position,Sheep,8,100,25,220.0,85.0,327.5,299.1,239.5,,22.89
23.88,position,Sheep,8,100,25,151.0,25.0,276.9,285.3,289.1,,23.88
24.87,position,Sheep,8,100,25,145.0,58.0,245.6,244.8,212.1,,24.87
25.86,position,Sheep,8,100,25,40.0,25.0,199.0,217.2,249.4,,25.86
26.86,position,Sheep,8,100,25,28.0,151.0,151.9,191.8,130.5,,26.86
27.1,item_collect,Sheep,10,100,25,70.0,151.0,138.8,187.0,77.6,star,27.1
27.86,position,Sheep,10,100,25,58.0,115.0,96.0,163.9,61.9,,27.86
27.86,enemy_proximity,Sheep,10,100,25,58.0,115.0,96.0,163.9,61.9,,27.86
28.86,position,Sheep,10,100,25,53.5,53.5,36.6,135.2,83.4,,28.86
28.86,enemy_proximity,Sheep,10,100,25,53.5,53.5,36.6,135.2,83.4,,28.86
29.85,position,Sheep,10,100,25,212.5,23.5,39.3,69.3,179.2,,29.85
30.85,position,Sheep,10,100,25,302.5,107.5,109.6,61.8,198.2,,30.85
30.98,item_collect,Sheep,12,100,25,302.5,131.5,112.9,70.9,199.0,star,30.98
31.83,position,Sheep,12,100,25,302.5,242.5,120.1,131.4,213.6,,31.83
32.83,position,Sheep,12,100,25,302.5,242.5,143.1,192.6,167.1,,32.83
36.53,position,Sheep,12,100,25,302.5,242.5,201.9,223.0,102.5,,36.53
37.53,position,Sheep,12,100,25,302.5,242.5,271.0,238.6,31.8,,37.53
37.53,enemy_proximity,Sheep,12,100,25,302.5,242.5,271.0,238.6,31.8,,37.53
37.59,damage,Sheep,12,50,25,302.5,242.5,275.8,238.8,27.0,,37.59
38.53,position,Sheep,12,50,25,302.5,242.5,284.2,239.2,18.6,,38.53
38.53,enemy_proximity,Sheep,12,50,25,302.5,242.5,284.2,239.2,18.6,,38.53
39.52,position,Sheep,12,50,25,302.5,242.5,284.2,239.2,18.6,,39.52
39.52,enemy_proximity,Sheep,12,50,25,302.5,242.5,284.2,239.2,18.6,,39.52
39.59,damage,Sheep,12,0,25,302.5,242.5,284.2,239.2,18.6,,39.59
39.59,game_over,Sheep,12,0,25,302.5,242.5,284.2,239.2,18.6,,39.59
1.03,position,Sheep,0,100,25,390,270,73.6,57.0,381.4,,1.03
2.04,position,Sheep,0,100,25,390,297,114.2,86.1,347.2,,2.04
3.04,position,Sheep,0,100,25,318,300,119.3,145.7,251.5,,3.04
4.03,position,Sheep,0,100,25,360,300,143.8,194.7,240.5,,4.03
5.04,position,Sheep,0,100,25,393,174,201.7,208.1,194.3,,5.04
5.52,item_collect,Sheep,2,100,25,384,162,227.4,214.6,165.2,star,5.52
5.97,item_collect,Sheep,4,100,25,399,114,247.1,230.6,191.5,star,5.97
6.03,position,Sheep,4,100,25,411,114,250.8,232.1,199.0,,6.03
7.03,position,Sheep,4,100,25,511.5,84,301.5,220.4,250.4,,7.03
8.03,position,Sheep,4,100,25,511.5,150,360.4,211.3,163.0,,8.03
8.13,item_collect,Sheep,4,100,25,520.5,150,366.4,211.0,165.7,trap,8.13
9.03,position,Sheep,4,100,25,475.5,150,408.5,185.2,75.7,,9.03
9.03,enemy_proximity,Sheep,4,100,25,475.5,150,408.5,185.2,75.7,,9.03
10.02,position,Sheep,4,100,25,502.5,210,466.2,184.2,44.5,,10.02
10.02,enemy_proximity,Sheep,4,100,25,502.5,210,466.2,184.2,44.5,,10.02
10.47,damage,Sheep,4,50,25,511.5,210,485.8,200.3,27.5,,10.47
11.02,position,Sheep,4,50,25,589.5,240,504.3,225.1,86.5,,11.02
11.02,enemy_proximity,Sheep,4,50,25,589.5,240,504.3,225.1,86.5,,11.02
12.02,position,Sheep,4,50,25,601.5,240,562.3,238.2,39.3,,12.02
12.02,enemy_proximity,Sheep,4,50,25,601.5,240,562.3,238.2,39.3,,12.02
12.47,damage,Sheep,4,0,25,583.5,240,580.3,239.0,3.4,,12.47
12.47,game_over,Sheep,4,0,25,583.5,240,580.3,239.0,3.4,,12.47
1.04,position,Sheep,0,100,25,390,270,73.6,57.0,381.4,,1.04
2.04,position,Sheep,0,100,25,390,270,114.2,86.1,331.5,,2.04
2.95,item_collect,Sheep,0,100,25,372,294,119.2,140.7,295.6,shield,2.95
3.04,position,Sheep,0,100,25,369,294,119.3,145.7,290.4,,3.04
4.03,position,Sheep,0,100,25,441,330,143.8,194.7,326.5,,4.03
4.63,item_collect,Sheep,2,100,25,414,369,177.9,205.3,287.3,star,4.63
5.03,position,Sheep,2,100,25,414,441,197.7,214.1,313.5,,5.03
5.46,item_collect,Sheep,2,100,25,414,519,204.9,238.8,349.6,trap,5.46
6.03,position,Sheep,2,100,25,480,540,208.5,272.6,381.1,,6.03
7.02,position,Sheep,2,100,25,513,414,209.8,332.6,313.9,,7.02
7.22,item_collect,Sheep,2,100,25,549,414,209.9,344.6,346.1,trap,7.22
7.75,item_collect,Sheep,4,100,25,579,354,239.9,354.7,339.1,star,7.75
8.02,position,Sheep,4,100,25,627,354,255.2,356.4,371.9,,8.02
9.02,position,Sheep,4,100,25,603,360,281.4,307.9,325.8,,9.02
9.44,item_collect,Sheep,6,100,25,579,390,305.9,303.5,286.4,star,9.44
10.02,position,Sheep,6,100,25,573,390,340.8,300.9,248.7,,10.02
11.02,position,Sheep,6,100,25,600,480,400.8,300.1,268.4,,11.02
11.83,item_collect,Sheep,8,100,25,690,489,439.2,324.2,300.1,star,11.83
12.01,position,Sheep,8,100,25,690,516,450.1,325.8,306.2,,12.01
13.01,position,Sheep,8,100,25,651,474,476.9,370.8,202.4,,13.01
14.0,position,Sheep,8,100,25,669,474,503.3,413.8,176.3,,14.0
14.5,item_collect,Sheep,10,100,25,654,432,528.9,423.7,125.4,star,14.5
15.0,position,Sheep,10,100,25,654,342,559.1,412.7,118.3,,15.0
15.0,item_collect,Sheep,10,100,25,654,342,559.1,412.7,118.3,shield,15.0
15.36,item_collect,Sheep,10,100,25,699,324,566.0,387.5,147.4,heal,15.36
16.0,position,Sheep,10,100,25,708,264,597.8,364.5,149.2,,16.0
17.0,position,Sheep,10,100,25,585,234,552.8,359.2,129.2,,17.0
17.02,item_collect,Sheep,10,100,25,582,234,552.3,358.1,127.6,shield,17.02
18.01,position,Sheep,10,100,25,570,162,542.1,310.6,151.2,,18.01
18.67,item_collect,Sheep,12,100,25,570,42,586.3,297.8,256.3,star,18.67
19.0,position,Sheep,12,100,25,516,24,594.5,275.5,263.4,,19.0
20.01,position,Sheep,12,100,25,473.2,92.2,574.2,214.4,158.5,,20.01
21.01,position,Sheep,12,100,25,383.2,122.2,551.5,155.6,171.6,,21.01
22.01,position,Sheep,12,100,25,353.2,95.2,512.6,110.2,160.1,,22.01
23.0,position,Sheep,12,100,25,293.2,83.2,448.6,91.1,155.6,,23.0
23.13,item_collect,Sheep,12,100,25,293.2,98.2,439.0,90.8,146.0,heal,23.13
23.88,item_collect,Sheep,12,100,25,293.2,218.2,400.9,121.2,145.0,clock,23.88
24.0,position,Sheep,12,100,25,287.2,242.2,397.9,129.0,158.3,,24.0
24.59,item_collect,Sheep,14,100,25,203.2,188.2,391.7,170.4,189.3,star,24.59
25.0,position,Sheep,14,100,25,203.2,74.2,387.3,161.8,203.8,,25.0
26.01,position,Sheep,14,100,25,203.2,152.2,359.2,102.3,163.8,,26.01
27.01,position,Sheep,14,100,25,203.2,242.2,298.0,108.5,163.9,,27.01
27.71,item_collect,Sheep,16,100,25,143.2,191.2,249.0,118.4,128.4,star,27.71
28.02,position,Sheep,16,100,25,131.2,173.2,227.4,119.3,110.3,,28.02
29.02,position,Sheep,16,100,25,83.2,254.2,155.5,120.0,152.5,,29.02
30.02,position,Sheep,16,100,25,152.2,317.2,119.6,164.6,156.1,,30.02
30.22,item_collect,Sheep,18,100,25,152.2,281.2,106.8,171.3,119.0,star,30.22
31.02,position,Sheep,18,100,25,152.2,332.2,92.0,225.3,122.8,,31.02
32.02,position,Sheep,18,100,25,143.2,392.2,90.2,297.3,108.8,,32.02
33.02,position,Sheep,18,100,25,23.2,434.2,115.7,358.5,119.5,,33.02
34.02,position,Sheep,18,100,25,32.2,446.2,65.1,388.2,66.7,,34.02
34.02,enemy_proximity,Sheep,18,100,25,32.2,446.2,65.1,388.2,66.7,,34.02
34.37,item_collect,Sheep,20,100,25,38.2,476.2,42.1,392.6,83.7,star,34.37
34.56,item_collect,Sheep,20,100,25,71.2,482.2,36.3,406.6,83.3,heal,34.56
34.99,item_collect,Sheep,20,100,25,122.2,491.2,31.9,442.7,102.6,wall,34.99
35.03,position,Sheep,20,100,25,128.2,497.2,31.7,445.5,109.5,,35.03
35.34,item_collect,Sheep,22,100,25,161.2,542.2,31.6,448.3,160.1,star,35.34
35.51,item_collect,Sheep,22,100,25,191.2,542.2,31.0,460.9,179.8,shield,35.51
36.02,position,Sheep,22,100,25,278.2,533.2,67.9,476.2,217.9,,36.02
37.02,position,Sheep,22,100,25,263.2,461.2,140.9,454.5,122.6,,37.02
37.02,item_collect,Sheep,22,100,25,263.2,461.2,140.9,454.5,122.6,wall,37.02
38.03,position,Sheep,22,100,25,298.0,298.0,177.4,408.0,163.2,,38.03
38.65,item_collect,Sheep,22,100,25,370.0,238.0,208.3,371.9,209.9,clock,38.65
39.03,position,Sheep,22,100,25,388.0,196.0,210.3,341.5,229.7,,39.03
40.03,position,Sheep,22,100,25,388.0,118.0,210.0,257.5,226.1,,40.03
40.48,item_collect,Sheep,24,100,25,418.0,100.0,242.1,244.3,227.5,star,40.48
41.03,position,Sheep,24,100,25,418.0,79.0,286.5,238.2,206.5,,41.03
42.03,position,Sheep,24,100,25,505.0,85.0,359.4,211.2,192.7,,42.03
42.96,item_collect,Sheep,26,100,25,490.0,25.0,388.6,150.0,161.0,star,42.96
43.02,position,Sheep,26,100,25,502.0,25.0,388.8,144.4,164.5,,43.02
43.94,item_collect,Sheep,28,100,25,631.0,40.0,436.9,95.6,201.9,star,43.94
44.02,position,Sheep,28,100,25,631.0,55.0,443.9,94.7,191.3,,44.02
45.01,position,Sheep,28,100,25,676.0,181.0,505.0,120.4,181.5,,45.01
46.01,position,Sheep,28,100,25,655.0,256.0,573.4,150.0,133.8,,46.01
46.81,item_collect,Sheep,30,100,25,628.6,278.2,570.3,217.1,84.5,star,46.81
47.0,position,Sheep,30,100,25,628.6,292.6,580.2,229.9,79.2,,47.0
47.0,enemy_proximity,Sheep,30,100,25,628.6,292.6,580.2,229.9,79.2,,47.0
47.51,damage,Sheep,30,50,25,597.4,302.2,596.5,274.9,27.3,,47.51
47.6,item_collect,Sheep,30,50,25,582.4,302.2,597.6,282.8,24.6,wall,47.6
48.0,position,Sheep,30,50,25,510.4,302.2,571.2,294.5,61.3,,48.0
48.0,enemy_proximity,Sheep,30,50,25,510.4,302.2,571.2,294.5,61.3,,48.0
48.99,position,Sheep,30,50,25,330.4,302.2,513.1,326.0,184.3,,48.99
49.99,position,Sheep,30,50,25,261.4,233.2,426.8,315.2,184.6,,49.99
50.2,item_collect,Sheep,30,70,25,222.4,233.2,408.2,306.9,199.9,heal,50.2
50.98,position,Sheep,30,71,25,204.4,191.2,333.5,300.4,169.1,,50.98
51.98,position,Sheep,30,72,25,168.4,119.2,272.2,255.7,171.4,,51.98
52.02,item_collect,Sheep,30,72,25,162.4,119.2,271.7,252.5,172.4,shield,52.02
52.99,position,Sheep,30,73,25,114.4,98.2,194.3,215.1,141.6,,52.99
53.32,item_collect,Sheep,30,93,25,102.4,53.2,162.6,211.3,169.2,heal,53.32
53.97,item_collect,Sheep,32,94,25,150.4,41.2,126.3,167.0,128.1,star,53.97
53.99,position,Sheep,32,94,25,150.4,38.2,125.8,165.5,129.6,,53.99
54.99,position,Sheep,32,95,25,294.4,23.2,123.1,71.7,178.1,,54.99
55.99,position,Sheep,32,96,25,360.4,77.2,200.7,31.7,166.0,,55.99
56.03,item_collect,Sheep,32,96,25,360.4,71.2,203.9,31.6,161.4,clock,56.03
56.99,position,Sheep,32,97,25,420.4,119.2,290.4,40.1,152.2,,56.99
57.99,position,Sheep,32,98,25,372.4,209.2,349.5,97.7,113.8,,57.99
58.85,item_collect,Sheep,32,99,25,399.4,239.2,384.3,166.9,73.9,trap,58.85
58.94,item_collect,Sheep,32,99,25,414.4,248.2,385.3,174.8,78.9,wall,58.94
58.99,position,Sheep,32,99,25,423.4,248.2,386.0,179.6,78.2,,58.99
58.99,enemy_proximity,Sheep,32,99,25,423.4,248.2,386.0,179.6,78.2,,58.99
59.99,position,Sheep,32,100,25,603.4,272.2,390.6,206.1,222.8,,59.99
60.98,position,Sheep,32,100,25,720.4,272.2,435.7,267.2,284.7,,60.98
61.77,item_collect,Sheep,32,100,25,720.4,401.2,477.2,313.1,258.7,clock,61.77
61.98,position,Sheep,32,100,25,708.4,419.2,494.8,322.9,234.3,,61.98
62.48,item_collect,Sheep,32,100,25,654.4,461.2,532.3,343.5,169.6,trap,62.48
62.8,item_collect,Sheep,34,100,25,642.4,479.2,557.0,358.4,147.9,star,62.8
62.98,position,Sheep,34,100,25,594.4,479.2,563.7,374.7,108.9,,62.98
63.98,position,Sheep,34,100,25,636.4,482.2,590.6,456.5,52.5,,63.98
63.98,enemy_proximity,Sheep,34,100,25,636.4,482.2,590.6,456.5,52.5,,63.98
64.98,position,Sheep,34,100,25,609.4,542.2,617.3,480.2,62.5,,64.98
64.98,enemy_proximity,Sheep,34,100,25,609.4,542.2,617.3,480.2,62.5,,64.98
65.98,position,Sheep,34,100,25,534.4,452.2,626.9,498.2,103.3,,65.98
66.99,position,Sheep,34,100,25,474.4,365.2,606.3,466.9,166.6,,66.99
67.24,item_collect,Sheep,34,100,25,462.4,323.2,585.9,456.2,181.5,heal,67.24
67.98,position,Sheep,34,100,25,414.4,266.2,527.6,426.8,196.5,,67.98
68.99,position,Sheep,34,100,25,294.4,170.2,481.3,362.4,268.1,,68.99
69.22,item_collect,Sheep,36,100,25,279.4,137.2,477.6,342.0,285.0,star,69.22
69.99,position,Sheep,36,100,25,264.4,113.2,418.1,311.0,250.5,,69.99
70.99,position,Sheep,36,100,25,135.4,113.2,323.5,300.3,265.2,,70.99
71.99,position,Sheep,36,100,25,114.4,182.2,264.6,250.7,165.1,,71.99
72.74,item_collect,Sheep,38,100,25,72.4,242.2,206.6,220.4,136.0,star,72.74
72.99,position,Sheep,38,100,25,27.4,242.2,183.7,214.0,158.8,,72.99
73.99,position,Sheep,38,100,25,81.4,332.2,102.5,183.0,150.7,,73.99
74.25,item_collect,Sheep,40,100,25,129.4,332.2,95.1,207.3,129.5,star,74.25
74.84,item_collect,Sheep,40,100,25,119.6,338.9,90.5,269.8,75.0,shield,74.84
74.99,position,Sheep,40,100,25,113.6,365.9,90.3,286.0,83.3,,74.99
74.99,enemy_proximity,Sheep,40,100,25,113.6,365.9,90.3,286.0,83.3,,74.99
75.99,position,Sheep,40,100,25,182.6,467.9,125.9,378.0,106.3,,75.99
76.12,item_collect,Sheep,40,100,25,182.6,491.9,139.2,383.4,116.9,wall,76.12
76.92,item_collect,Sheep,42,100,25,221.6,455.9,173.9,412.3,64.7,star,76.92
76.99,position,Sheep,42,100,25,230.6,443.9,174.5,415.9,62.8,,76.99
76.99,enemy_proximity,Sheep,42,100,25,230.6,443.9,174.5,415.9,62.8,,76.99
77.99,position,Sheep,42,100,25,361.0,397.0,226.2,475.9,156.2,,77.99
78.06,item_collect,Sheep,42,100,25,370.0,385.0,229.6,469.6,163.9,wall,78.06
78.99,position,Sheep,42,100,25,484.0,448.0,292.6,451.5,191.5,,78.99
79.85,item_collect,Sheep,42,100,25,481.0,460.0,375.6,478.1,106.9,shield,79.85
79.85,item_collect,Sheep,42,100,25,481.0,460.0,375.6,478.1,106.9,clock,79.85
79.99,position,Sheep,42,100,25,481.0,508.0,390.0,478.7,95.6,,79.99
79.99,enemy_proximity,Sheep,42,100,25,481.0,508.0,390.0,478.7,95.6,,79.99
80.99,position,Sheep,42,100,25,481.0,268.0,471.1,439.0,171.2,,80.99
81.99,position,Sheep,42,100,25,649.0,115.0,479.9,331.9,275.1,,81.99
82.11,item_collect,Sheep,42,100,25,670.0,115.0,479.9,319.3,279.1,clock,82.11
82.74,item_collect,Sheep,42,100,25,718.0,43.0,501.0,261.8,308.2,wall,82.74
82.99,position,Sheep,42,100,25,694.0,25.0,521.3,247.1,281.4,,82.99
83.99,position,Sheep,42,100,25,382.0,28.0,568.3,188.5,245.9,,83.99
84.99,position,Sheep,42,100,25,355.0,73.0,513.6,119.1,165.1,,84.99
85.99,position,Sheep,42,100,25,301.0,82.0,428.2,100.4,128.5,,85.99
86.98,position,Sheep,42,100,25,295.0,37.0,337.0,94.1,70.9,,86.98
86.98,enemy_proximity,Sheep,42,100,25,295.0,37.0,337.0,94.1,70.9,,86.98
87.99,position,Sheep,42,100,25,148.0,25.0,269.2,33.7,121.5,,87.99
88.98,position,Sheep,42,100,25,106.0,61.0,162.4,31.7,63.5,,88.98
88.98,enemy_proximity,Sheep,42,100,25,106.0,61.0,162.4,31.7,63.5,,88.98
89.43,damage,Sheep,42,75,25,97.0,61.0,124.4,55.6,27.9,,89.43
89.98,position,Sheep,42,75,25,103.0,61.0,124.4,55.6,22.1,,89.98
89.98,enemy_proximity,Sheep,42,75,25,103.0,61.0,124.4,55.6,22.1,,89.98
90.98,position,Sheep,42,75,25,25.0,85.0,124.4,55.6,103.6,,90.98
91.98,position,Sheep,42,75,25,109.0,151.0,116.0,95.7,55.8,,91.98
91.98,enemy_proximity,Sheep,42,75,25,109.0,151.0,116.0,95.7,55.8,,91.98
92.98,position,Sheep,42,76,25,205.0,259.0,142.7,192.6,91.1,,92.98
92.98,enemy_proximity,Sheep,42,76,25,205.0,259.0,142.7,192.6,91.1,,92.98
93.59,item_collect,Sheep,42,77,25,145.0,310.0,199.7,217.7,107.3,shield,93.59
93.59,item_collect,Sheep,44,77,25,145.0,310.0,199.7,217.7,107.3,star,93.59
93.98,position,Sheep,44,77,25,142.0,331.0,207.7,258.0,98.2,,93.98
93.98,enemy_proximity,Sheep,44,77,25,142.0,331.0,207.7,258.0,98.2,,93.98
94.98,position,Sheep,44,78,25,85.0,433.0,142.9,320.3,126.7,,94.98
95.98,position,Sheep,44,79,25,52.0,541.0,85.2,391.7,152.9,,95.98
96.08,item_collect,Sheep,44,99,25,70.0,541.0,87.0,402.4,139.7,heal,96.08
96.63,item_collect,Sheep,46,100,25,121.0,493.0,89.6,461.7,44.3,star,96.63
96.74,damage,Sheep,46,75,25,121.0,475.0,96.2,468.4,25.7,,96.74
96.99,position,Sheep,46,75,25,121.0,469.0,96.2,468.4,24.8,,96.99
96.99,enemy_proximity,Sheep,46,75,25,121.0,469.0,96.2,468.4,24.8,,96.99
97.99,position,Sheep,46,75,25,190.0,385.0,96.2,468.4,125.6,,97.99
98.99,position,Sheep,46,75,25,211.0,316.0,92.3,441.8,173.0,,98.99
99.99,position,Sheep,46,76,25,242.5,173.5,118.1,345.9,212.6,,99.99
100.99,position,Sheep,46,77,25,206.5,173.5,199.3,293.5,120.2,,100.99
101.42,item_collect,Sheep,46,77,25,203.5,101.5,208.3,248.0,146.6,clock,101.42
101.99,position,Sheep,46,78,25,269.5,23.5,209.8,186.8,173.9,,101.99
102.74,item_collect,Sheep,46,79,25,371.5,119.5,235.6,124.9,136.0,shield,102.74
102.99,position,Sheep,46,79,25,431.5,179.5,262.4,121.8,178.7,,102.99
103.99,position,Sheep,46,79,25,481.9,196.3,306.3,199.0,175.6,,103.99
105.0,position,Sheep,46,69,25,541.9,241.9,402.0,186.5,150.5,,105.0
105.95,item_collect,Sheep,46,89,25,610.9,271.9,493.8,203.6,135.6,heal,105.95
105.99,position,Sheep,46,89,25,619.9,280.9,496.8,207.6,143.2,,105.99
106.54,item_collect,Sheep,46,90,25,611.7,301.9,542.9,236.1,95.2,trap,106.54
106.99,position,Sheep,46,90,25,533.7,301.9,587.4,245.7,77.8,,106.99
106.99,enemy_proximity,Sheep,46,90,25,533.7,301.9,587.4,245.7,77.8,,106.99
107.91,item_collect,Sheep,48,91,25,581.7,391.9,548.9,307.9,90.1,star,107.91
108.0,position,Sheep,48,91,25,566.7,400.9,546.0,316.4,87.0,,108.0
108.0,enemy_proximity,Sheep,48,91,25,566.7,400.9,546.0,316.4,87.0,,108.0
109.0,position,Sheep,48,92,25,512.7,415.9,561.0,368.0,68.0,,109.0
109.0,enemy_proximity,Sheep,48,92,25,512.7,415.9,561.0,368.0,68.0,,109.0
109.12,item_collect,Sheep,50,93,25,491.7,415.9,562.9,372.7,83.3,star,109.12
110.0,position,Sheep,50,93,25,413.7,442.9,558.7,409.4,148.9,,110.0
110.07,item_collect,Sheep,50,100,25,413.7,430.9,555.9,410.9,143.7,heal,110.07
110.07,item_collect,Sheep,52,100,25,413.7,430.9,555.9,410.9,143.7,star,110.07
110.5,item_collect,Sheep,54,100,25,371.7,385.9,535.7,415.4,166.7,star,110.5
111.0,position,Sheep,54,100,25,323.7,319.9,511.9,418.2,212.4,,111.0
111.99,position,Sheep,54,100,25,263.7,295.9,476.9,341.6,218.0,,111.99
112.29,item_collect,Sheep,56,100,25,263.7,310.9,442.3,332.8,180.0,star,112.29
112.99,position,Sheep,56,100,25,263.7,343.9,372.7,301.4,117.1,,112.99
113.99,position,Sheep,56,100,25,224.7,214.9,274.2,271.6,75.2,,113.99
113.99,enemy_proximity,Sheep,56,100,25,224.7,214.9,274.2,271.6,75.2,,113.99
114.99,position,Sheep,56,100,25,59.7,133.9,185.4,214.1,149.1,,114.99
115.99,position,Sheep,56,100,25,32.7,70.9,91.8,161.7,108.4,,115.99
116.99,position,Sheep,56,100,25,110.7,61.9,31.5,72.8,79.9,,116.99
116.99,enemy_proximity,Sheep,56,100,25,110.7,61.9,31.5,72.8,79.9,,116.99
117.98,position,Sheep,56,100,25,248.7,25.9,141.8,47.5,109.0,,117.98
118.99,position,Sheep,56,100,25,314.7,91.9,257.7,30.2,84.0,,118.99
118.99,enemy_proximity,Sheep,56,100,25,314.7,91.9,257.7,30.2,84.0,,118.99
119.99,position,Sheep,56,100,25,404.7,181.9,341.1,87.0,114.2,,119.99
120.99,position,Sheep,56,100,25,482.7,199.9,405.8,174.1,81.1,,120.99
120.99,enemy_proximity,Sheep,56,100,25,482.7,199.9,405.8,174.1,81.1,,120.99
121.99,position,Sheep,56,100,25,566.7,226.9,502.3,221.0,64.6,,121.99
121.99,enemy_proximity,Sheep,56,100,25,566.7,226.9,502.3,221.0,64.6,,121.99
122.02,item_collect,Sheep,58,100,25,563.7,220.9,503.8,224.8,60.0,star,122.02
122.99,position,Sheep,58,100,25,563.7,46.9,568.7,178.1,131.3,,122.99
123.87,item_collect,Sheep,58,100,25,473.7,40.9,526.1,119.4,94.4,shield,123.87
123.98,position,Sheep,58,100,25,473.7,61.9,518.3,110.3,65.8,,123.98
123.98,enemy_proximity,Sheep,58,100,25,473.7,61.9,518.3,110.3,65.8,,123.98
124.62,damage,Sheep,58,75,25,482.7,25.9,482.6,52.1,26.2,,124.62
124.99,position,Sheep,58,75,25,548.7,25.9,482.6,52.1,71.1,,124.99
124.99,enemy_proximity,Sheep,58,75,25,548.7,25.9,482.6,52.1,71.1,,124.99
125.98,position,Sheep,58,75,25,632.7,100.9,482.6,52.1,157.8,,125.98
126.98,position,Sheep,58,75,25,617.7,148.9,497.3,87.4,135.2,,126.98
127.37,damage,Sheep,58,25,25,545.7,115.9,520.0,120.0,26.0,,127.37
127.97,position,Sheep,58,25,25,503.7,94.9,516.4,103.7,15.5,,127.97
127.97,enemy_proximity,Sheep,58,25,25,503.7,94.9,516.4,103.7,15.5,,127.97
128.97,position,Sheep,58,25,25,473.7,31.9,481.6,43.1,13.7,,128.97
128.97,enemy_proximity,Sheep,58,25,25,473.7,31.9,481.6,43.1,13.7,,128.97
129.97,position,Sheep,58,25,25,632.7,31.9,571.8,30.5,60.8,,129.97
129.97,enemy_proximity,Sheep,58,25,25,632.7,31.9,571.8,30.5,60.8,,129.97
130.97,position,Sheep,58,26,25,563.7,160.9,629.1,104.1,86.7,,130.97
130.97,enemy_proximity,Sheep,58,26,25,563.7,160.9,629.1,104.1,86.7,,130.97
131.33,item_collect,Sheep,58,26,25,563.7,190.9,617.4,140.7,73.5,shield,131.33
131.97,position,Sheep,58,27,25,602.7,241.9,573.0,186.6,62.8,,131.97
131.97,enemy_proximity,Sheep,58,27,25,602.7,241.9,573.0,186.6,62.8,,131.97
132.96,position,Sheep,58,28,25,533.7,340.9,589.1,290.4,75.0,,132.96
132.96,enemy_proximity,Sheep,58,28,25,533.7,340.9,589.1,290.4,75.0,,132.96
133.79,item_collect,Sheep,60,29,25,566.7,400.9,554.2,351.4,51.0,star,133.79
133.96,position,Sheep,60,29,25,545.7,430.9,562.5,371.6,61.7,,133.96
133.96,enemy_proximity,Sheep,60,29,25,545.7,430.9,562.5,371.6,61.7,,133.96
134.76,item_collect,Sheep,62,30,25,542.7,520.9,541.7,465.3,55.6,star,134.76
134.96,position,Sheep,62,30,25,566.7,541.9,540.7,491.7,56.5,,134.96
134.96,enemy_proximity,Sheep,62,30,25,566.7,541.9,540.7,491.7,56.5,,134.96
135.49,item_collect,Sheep,62,31,25,632.7,520.9,575.4,536.0,59.2,shield,135.49
135.95,position,Sheep,62,31,25,593.7,463.9,623.7,519.2,62.9,,135.95
135.95,enemy_proximity,Sheep,62,31,25,593.7,463.9,623.7,519.2,62.9,,135.95
135.97,item_collect,Sheep,62,51,25,593.7,460.9,624.0,517.0,63.8,heal,135.97
136.95,position,Sheep,62,52,25,473.7,412.9,548.2,441.2,79.8,,136.95
136.95,enemy_proximity,Sheep,62,52,25,473.7,412.9,548.2,441.2,79.8,,136.95
137.26,damage,Sheep,62,27,25,485.7,424.9,513.6,423.6,28.0,,137.26
137.65,item_collect,Sheep,64,27,25,461.7,451.9,513.6,423.6,59.2,star,137.65
137.94,position,Sheep,64,27,25,413.7,454.9,513.6,423.6,104.7,,137.94
138.93,position,Sheep,64,27,25,413.7,310.9,513.6,423.6,150.7,,138.93
139.1,item_collect,Sheep,64,47,25,389.7,280.9,513.6,423.6,189.0,heal,139.1
139.93,position,Sheep,64,47,25,320.7,205.9,480.9,353.1,217.6,,139.93
140.93,position,Sheep,64,48,25,245.7,115.9,374.7,301.7,226.2,,140.93
141.93,position,Sheep,64,49,25,143.7,25.9,274.0,268.4,275.4,,141.93
142.23,item_collect,Sheep,66,50,25,116.7,70.9,249.2,245.1,218.9,star,142.23
142.93,position,Sheep,66,50,25,113.7,157.9,171.0,212.4,79.1,,142.93
142.93,enemy_proximity,Sheep,66,50,25,113.7,157.9,171.0,212.4,79.1,,142.93
143.4,damage,Sheep,66,1,25,101.7,172.9,123.6,183.6,24.4,,143.4
143.93,position,Sheep,66,1,25,122.7,124.9,120.3,146.0,21.2,,143.93
143.93,enemy_proximity,Sheep,66,1,25,122.7,124.9,120.3,146.0,21.2,,143.93
144.93,position,Sheep,66,1,25,260.7,115.9,204.4,120.6,56.5,,144.93
144.93,enemy_proximity,Sheep,66,1,25,260.7,115.9,204.4,120.6,56.5,,144.93
145.28,item_collect,Sheep,66,21,25,302.7,160.9,250.6,120.1,66.2,heal,145.28
145.92,position,Sheep,66,21,25,263.7,250.9,296.2,182.2,76.0,,145.92
145.92,enemy_proximity,Sheep,66,21,25,263.7,250.9,296.2,182.2,76.0,,145.92
146.48,damage,Sheep,66,-28,25,263.7,265.9,279.6,243.9,27.2,,146.48
146.48,game_over,Sheep,66,0,25,263.7,265.9,279.6,243.9,27.2,,146.48
1.08,position,Sheep,0,100,25,390,270,73.6,57.0,381.4,,1.08
2.08,position,Sheep,0,100,25,390,270,114.2,86.1,331.5,,2.08
3.08,position,Sheep,0,100,25,390,270,156.3,116.3,279.7,,3.08
8.37,position,Sheep,0,100,25,390,270,216.2,119.6,229.9,,8.37
9.37,position,Sheep,0,100,25,390,300,267.2,136.4,204.6,,9.37
10.37,position,Sheep,0,100,25,360,384,296.1,182.7,211.2,,10.37
10.46,item_collect,Sheep,0,100,25,360,399,296.8,187.6,220.6,trap,10.46
11.37,position,Sheep,0,100,25,330,465,293.5,228.9,238.9,,11.37
12.37,position,Sheep,0,100,25,381,480,272.4,281.0,226.7,,12.37
12.52,item_collect,Sheep,0,100,25,354,489,271.7,290.0,215.4,wall,12.52
13.37,position,Sheep,0,100,25,384,540,270.4,329.0,239.7,,13.37
14.37,position,Sheep,0,100,25,421.0,466.0,277.2,378.5,168.3,,14.37
14.93,item_collect,Sheep,0,100,25,481.0,460.0,295.4,405.1,193.6,clock,14.93
15.36,position,Sheep,0,100,25,583.0,538.0,298.0,431.0,304.4,,15.36
16.36,position,Sheep,0,100,25,679.0,478.0,320.7,457.3,358.9,,16.36
16.46,item_collect,Sheep,2,100,25,703.0,514.0,321.6,459.5,385.3,star,16.46
17.36,position,Sheep,2,100,25,686.5,503.5,338.6,470.8,349.4,,17.36
18.36,position,Sheep,2,100,25,710.5,413.5,362.0,475.8,354.1,,18.36
18.7,item_collect,Sheep,4,100,25,722.5,371.5,369.9,477.0,368.1,star,18.7
19.36,position,Sheep,4,100,25,719.5,263.5,406.4,476.6,378.7,,19.36
19.46,item_collect,Sheep,6,100,25,701.5,263.5,409.1,471.2,358.7,star,19.46
20.36,position,Sheep,6,100,25,653.5,242.5,418.6,418.6,293.6,,20.36
21.36,position,Sheep,6,100,25,650.5,113.5,419.9,358.6,336.6,,21.36
21.86,item_collect,Sheep,6,100,25,623.5,101.5,420.0,328.6,305.0,wall,21.86
22.35,position,Sheep,6,100,25,569.5,50.5,420.0,308.6,298.3,,22.35
22.86,item_collect,Sheep,8,100,25,508.0,88.0,420.0,303.6,232.9,star,22.86
23.36,position,Sheep,8,100,25,511.0,97.0,420.0,273.6,198.7,,23.36
24.13,item_collect,Sheep,8,100,25,571.0,103.0,400.4,237.8,217.4,shield,24.13
24.35,position,Sheep,8,100,25,571.0,73.0,395.9,225.6,232.3,,24.35
25.1,item_collect,Sheep,8,100,25,571.0,190.0,403.3,188.2,167.7,shield,25.1
25.35,position,Sheep,8,100,25,571.0,235.0,418.0,185.4,160.8,,25.35
26.35,position,Sheep,8,100,25,628.0,289.0,470.8,192.4,184.5,,26.35
27.35,position,Sheep,8,100,25,662.5,245.5,513.4,228.4,150.1,,27.35
27.85,item_collect,Sheep,8,100,25,671.5,272.5,542.2,235.8,134.4,wall,27.85
28.35,position,Sheep,8,100,25,716.5,218.5,562.0,238.0,155.7,,28.35
29.01,item_collect,Sheep,10,100,25,673.0,115.0,569.6,215.4,144.1,star,29.01
29.35,position,Sheep,10,100,25,625.0,112.0,569.9,191.6,96.8,,29.35
29.35,enemy_proximity,Sheep,10,100,25,625.0,112.0,569.9,191.6,96.8,,29.35
30.34,position,Sheep,10,100,25,526.0,25.0,570.0,119.6,104.3,,30.34
31.35,position,Sheep,10,100,25,415.0,109.0,518.4,107.5,103.4,,31.35
31.66,item_collect,Sheep,10,100,25,385.0,130.0,499.4,97.0,119.1,trap,31.66
32.34,position,Sheep,10,100,25,355.0,151.0,450.7,91.1,112.9,,32.34
33.34,position,Sheep,10,100,25,355.0,94.0,394.0,115.5,44.5,,33.34
33.34,enemy_proximity,Sheep,10,100,25,355.0,94.0,394.0,115.5,44.5,,33.34
34.35,position,Sheep,10,100,25,301.0,91.0,370.0,110.9,71.8,,34.35
34.35,enemy_proximity,Sheep,10,100,25,301.0,91.0,370.0,110.9,71.8,,34.35
34.48,item_collect,Sheep,10,100,25,295.0,100.0,368.3,107.4,73.7,clock,34.48
34.48,item_collect,Sheep,12,100,25,295.0,100.0,368.3,107.4,73.7,star,34.48
35.34,position,Sheep,12,100,25,283.0,238.0,346.9,96.4,155.3,,35.34
36.34,position,Sheep,12,100,25,157.0,448.0,314.3,91.7,389.5,,36.34
37.34,position,Sheep,12,100,25,25.0,526.0,252.8,118.3,467.0,,37.34
37.64,item_collect,Sheep,14,100,25,40.0,541.0,231.2,119.2,463.2,star,37.64
38.34,position,Sheep,14,100,25,121.0,508.0,212.8,159.9,360.0,,38.34
39.34,position,Sheep,14,100,25,181.0,466.0,210.2,231.8,236.0,,39.34
40.31,item_collect,Sheep,14,100,25,250.0,541.0,210.0,301.4,242.9,heal,40.31
40.34,position,Sheep,14,100,25,256.0,541.0,210.0,303.8,241.6,,40.34
41.34,position,Sheep,14,100,25,361.0,475.0,239.2,354.7,171.2,,41.34
41.91,item_collect,Sheep,16,100,25,415.0,433.0,268.3,377.0,157.0,star,41.91
42.35,position,Sheep,16,100,25,415.0,433.0,290.0,396.0,130.3,,42.35
43.35,position,Sheep,16,100,25,481.0,541.0,319.7,454.7,183.0,,43.35
43.49,item_collect,Sheep,18,100,25,481.0,523.0,323.8,464.7,167.7,star,43.49
44.35,position,Sheep,18,100,25,481.0,436.0,382.8,478.2,106.8,,44.35
45.32,item_collect,Sheep,20,100,25,601.0,460.0,441.5,454.8,159.6,star,45.32
45.35,position,Sheep,20,100,25,601.0,466.0,444.1,454.4,157.4,,45.35
46.35,position,Sheep,20,100,25,637.0,475.0,514.5,423.0,133.1,,46.35
47.36,position,Sheep,20,100,25,668.5,473.5,586.7,451.7,84.7,,47.36
47.36,enemy_proximity,Sheep,20,100,25,668.5,473.5,586.7,451.7,84.7,,47.36
48.36,position,Sheep,20,100,25,722.5,332.5,652.3,464.3,149.3,,48.36
49.36,position,Sheep,20,100,25,656.5,254.5,659.7,380.9,126.4,,49.36
50.36,position,Sheep,20,100,25,653.5,266.5,704.5,332.3,83.3,,50.36
50.36,enemy_proximity,Sheep,20,100,25,653.5,266.5,704.5,332.3,83.3,,50.36
51.12,item_collect,Sheep,20,100,25,581.5,233.5,706.6,277.7,132.7,shield,51.12
51.36,position,Sheep,20,100,25,563.5,227.5,687.6,273.8,132.4,,51.36
52.04,item_collect,Sheep,20,100,25,551.5,143.5,630.3,270.4,149.4,trap,52.04
52.36,position,Sheep,20,100,25,500.5,92.5,609.5,261.2,200.9,,52.36
53.36,position,Sheep,20,100,25,413.5,83.5,571.8,195.2,193.8,,53.36
53.91,item_collect,Sheep,22,100,25,401.5,23.5,557.6,157.6,205.8,star,53.91
54.36,position,Sheep,22,100,25,353.5,23.5,522.2,149.2,210.3,,54.36
55.36,position,Sheep,22,100,25,353.5,23.5,476.9,93.5,141.9,,55.36
56.36,position,Sheep,22,100,25,293.5,83.5,433.2,91.6,139.9,,56.36
56.74,item_collect,Sheep,22,100,25,281.5,23.5,427.8,103.2,166.6,clock,56.74
56.74,item_collect,Sheep,24,100,25,281.5,23.5,427.8,103.2,166.6,star,56.74
56.91,item_collect,Sheep,24,100,25,221.5,23.5,423.2,106.0,217.9,clock,56.91
57.36,position,Sheep,24,100,25,143.5,59.5,409.3,111.9,270.9,,57.36
58.37,position,Sheep,24,100,25,113.5,179.5,376.4,117.8,270.0,,58.37
58.51,item_collect,Sheep,26,100,25,131.5,179.5,372.6,116.2,249.3,star,58.51
58.51,item_collect,Sheep,28,100,25,131.5,179.5,372.6,116.2,249.3,star,58.51
58.85,item_collect,Sheep,30,100,25,221.5,209.5,356.9,99.6,174.5,star,58.85
59.36,position,Sheep,30,100,25,242.5,242.5,311.3,95.8,162.0,,59.36
60.36,position,Sheep,30,100,25,263.5,290.5,300.4,190.5,106.6,,60.36
60.95,item_collect,Sheep,30,100,25,278.5,299.5,282.1,236.1,63.5,wall,60.95
61.36,position,Sheep,30,100,25,353.5,284.5,284.7,241.6,81.1,,61.36
61.36,enemy_proximity,Sheep,30,100,25,353.5,284.5,284.7,241.6,81.1,,61.36
62.36,position,Sheep,30,100,25,421.0,244.0,356.2,226.3,67.1,,62.36
62.36,enemy_proximity,Sheep,30,100,25,421.0,244.0,356.2,226.3,67.1,,62.36
62.79,item_collect,Sheep,30,100,25,481.0,280.0,368.8,259.6,114.0,clock,62.79
63.29,item_collect,Sheep,30,100,25,481.0,400.0,395.1,286.7,142.2,wall,63.29
63.36,position,Sheep,30,100,25,481.0,424.0,400.8,289.7,156.4,,63.36
64.36,position,Sheep,30,100,25,328.0,538.0,419.2,373.2,188.4,,64.36
65.37,position,Sheep,30,100,25,253.0,538.0,415.7,466.6,177.7,,65.37
66.36,position,Sheep,30,100,25,175.0,445.0,336.9,466.9,163.4,,66.36
67.37,position,Sheep,30,100,25,241.0,355.0,290.6,399.2,66.4,,67.37
67.37,enemy_proximity,Sheep,30,100,25,241.0,355.0,290.6,399.2,66.4,,67.37
68.37,position,Sheep,30,100,25,280.0,235.0,270.4,309.6,75.3,,68.37
68.37,enemy_proximity,Sheep,30,100,25,280.0,235.0,270.4,309.6,75.3,,68.37
69.08,item_collect,Sheep,32,100,25,283.0,118.0,281.7,248.3,130.3,star,69.08
69.37,position,Sheep,32,100,25,232.0,103.0,293.8,224.9,136.6,,69.37
70.37,position,Sheep,32,100,25,298.0,25.0,299.9,129.2,104.3,,70.37
70.75,damage,Sheep,32,75,25,301.0,67.0,300.0,92.4,25.5,,70.75
71.37,position,Sheep,32,75,25,361.0,88.0,300.0,92.4,61.2,,71.37
71.37,enemy_proximity,Sheep,32,75,25,361.0,88.0,300.0,92.4,61.2,,71.37
72.37,position,Sheep,32,75,25,361.0,88.0,300.0,92.4,61.2,,72.37
72.37,enemy_proximity,Sheep,32,75,25,361.0,88.0,300.0,92.4,61.2,,72.37
73.38,position,Sheep,32,75,25,391.0,160.0,351.3,103.2,69.3,,73.38
73.38,enemy_proximity,Sheep,32,75,25,391.0,160.0,351.3,103.2,69.3,,73.38
74.37,position,Sheep,32,76,25,391.0,274.0,386.6,185.6,88.5,,74.37
74.37,enemy_proximity,Sheep,32,76,25,391.0,274.0,386.6,185.6,88.5,,74.37
74.97,damage,Sheep,32,27,25,391.0,268.0,389.6,243.0,25.0,,74.97
75.37,position,Sheep,32,27,25,391.0,256.0,389.8,254.2,2.1,,75.37
75.37,enemy_proximity,Sheep,32,27,25,391.0,256.0,389.8,254.2,2.1,,75.37
76.37,position,Sheep,32,27,25,391.0,256.0,389.8,254.2,2.1,,76.37
76.37,enemy_proximity,Sheep,32,27,25,391.0,256.0,389.8,254.2,2.1,,76.37
76.97,damage,Sheep,32,-23,25,391.0,256.0,389.8,254.2,2.1,,76.97
76.97,game_over,Sheep,32,0,25,391.0,256.0,389.8,254.2,2.1,,76.97
1.07,position,Sheep,0,100,25,390,270,73.6,57.0,381.4,,1.07
2.06,position,Sheep,0,100,25,390,270,114.2,86.1,331.5,,2.06
3.06,position,Sheep,0,100,25,390,270,156.3,116.3,279.7,,3.06
4.07,position,Sheep,0,100,25,390,300,208.7,127.4,250.4,,4.07
5.07,position,Sheep,0,100,25,420,300,209.8,187.4,238.4,,5.07
6.06,position,Sheep,0,100,25,420,327,231.0,233.0,211.0,,6.06
7.06,position,Sheep,0,100,25,420,507,265.4,271.2,281.9,,7.06
8.05,position,Sheep,0,100,25,462,540,269.4,331.0,284.2,,8.05
9.05,position,Sheep,0,100,25,482.2,542.2,284.4,382.4,254.3,,9.05
10.05,position,Sheep,0,100,25,482.2,515.2,303.2,436.9,195.4,,10.05
11.04,position,Sheep,0,90,25,482.2,515.2,345.2,473.5,143.3,,11.04
12.04,position,Sheep,0,80,25,482.2,477.5,404.8,479.3,77.5,,12.04
12.04,enemy_proximity,Sheep,0,80,25,482.2,477.5,404.8,479.3,77.5,,12.04
13.04,position,Sheep,0,81,25,539.2,414.5,453.6,453.2,94.0,,13.04
13.04,enemy_proximity,Sheep,0,81,25,539.2,414.5,453.6,453.2,94.0,,13.04
14.04,position,Sheep,0,82,25,611.2,354.5,500.7,425.0,131.1,,14.04
14.71,item_collect,Sheep,0,100,25,722.2,312.5,540.5,421.3,211.8,heal,14.71
15.04,position,Sheep,0,100,25,722.2,263.7,557.2,415.3,224.1,,15.04
15.33,item_collect,Sheep,0,100,25,671.2,263.7,563.7,399.8,173.4,heal,15.33
15.91,item_collect,Sheep,0,100,25,641.2,182.7,560.7,369.7,203.6,wall,15.91
16.04,position,Sheep,0,100,25,617.2,176.7,553.4,366.3,200.1,,16.04
17.05,position,Sheep,0,100,25,578.2,23.7,542.8,323.9,302.3,,17.05
18.05,position,Sheep,0,100,25,473.2,62.7,586.9,298.1,261.4,,18.05
19.06,position,Sheep,0,100,25,413.2,92.7,585.4,247.7,231.7,,19.06
20.06,position,Sheep,0,100,25,413.2,23.7,571.4,190.5,229.9,,20.06
21.05,position,Sheep,0,100,25,413.2,23.7,539.2,154.0,181.2,,21.05
22.04,position,Sheep,0,100,25,413.2,23.7,512.5,109.6,131.3,,22.04
23.05,position,Sheep,0,100,25,413.2,23.7,459.7,91.6,82.3,,23.05
23.05,enemy_proximity,Sheep,0,100,25,413.2,23.7,459.7,91.6,82.3,,23.05
24.04,position,Sheep,0,100,25,413.2,23.7,423.9,58.4,36.3,,24.04
24.04,enemy_proximity,Sheep,0,100,25,413.2,23.7,423.9,58.4,36.3,,24.04
24.19,damage,Sheep,0,50,25,413.2,23.7,422.7,49.4,27.4,,24.19
25.04,position,Sheep,0,50,25,413.2,23.7,421.8,43.5,21.6,,25.04
25.04,enemy_proximity,Sheep,0,50,25,413.2,23.7,421.8,43.5,21.6,,25.04
99.04,position,Sheep,0,50,25,413.2,23.7,421.8,43.5,21.6,,99.04
99.04,enemy_proximity,Sheep,0,50,25,413.2,23.7,421.8,43.5,21.6,,99.04
99.19,damage,Sheep,0,0,25,413.2,23.7,421.8,43.5,21.6,,99.19
99.19,game_over,Sheep,0,0,25,413.2,23.7,421.8,43.5,21.6,,99.19
1.07,position,Sheep,0,90,25,390,270,73.6,57.0,381.4,,1.07
2.07,position,Sheep,0,80,25,390,288.0,114.2,86.1,341.8,,2.07
3.06,position,Sheep,0,70,25,390,302.4,119.3,145.7,312.7,,3.06
4.06,position,Sheep,0,60,25,390,279.0,143.8,194.7,260.2,,4.06
5.05,position,Sheep,0,50,25,390,255.0,197.7,214.1,196.6,,5.05
6.06,position,Sheep,0,50,25,390,141.6,249.3,237.0,170.0,,6.06
7.06,position,Sheep,0,51,25,420,114.6,299.3,221.0,160.9,,7.06
8.05,position,Sheep,0,52,25,477,90.6,358.2,211.4,169.4,,8.05
8.94,item_collect,Sheep,0,53,25,492,150.6,399.7,187.5,99.4,shield,8.94
9.06,position,Sheep,0,53,25,474,150.6,406.4,185.5,76.1,,9.06
9.06,enemy_proximity,Sheep,0,53,25,474,150.6,406.4,185.5,76.1,,9.06
10.05,position,Sheep,0,54,25,480,144.6,465.1,178.9,37.4,,10.05
10.05,enemy_proximity,Sheep,0,54,25,480,144.6,465.1,178.9,37.4,,10.05
11.05,position,Sheep,0,55,25,573,150.6,514.3,153.3,58.8,,11.05
11.05,enemy_proximity,Sheep,0,55,25,573,150.6,514.3,153.3,58.8,,11.05
12.05,position,Sheep,0,56,25,630,180.6,574.2,150.4,63.5,,12.05
12.05,enemy_proximity,Sheep,0,56,25,630,180.6,574.2,150.4,63.5,,12.05
13.04,position,Sheep,0,57,25,699,180.6,625.3,165.7,75.1,,13.04
13.04,enemy_proximity,Sheep,0,57,25,699,180.6,625.3,165.7,75.1,,13.04
13.34,damage,Sheep,0,32,25,666,180.6,642.0,172.6,25.3,,13.34
14.03,position,Sheep,0,32,25,654,270.6,642.0,172.6,98.7,,14.03
14.03,enemy_proximity,Sheep,0,32,25,654,270.6,642.0,172.6,98.7,,14.03
14.87,item_collect,Sheep,0,32,25,582,300.6,642.0,172.6,141.4,wall,14.87
15.03,position,Sheep,0,32,25,552,330.6,642.0,172.6,181.8,,15.03
16.03,position,Sheep,0,32,25,594,474.6,654.9,204.9,276.5,,16.03
16.96,item_collect,Sheep,0,33,25,692.2,491.9,664.6,257.3,236.1,shield,16.96
16.96,item_collect,Sheep,2,33,25,692.2,491.9,664.6,257.3,236.1,star,16.96
17.03,position,Sheep,2,33,25,695.2,503.9,668.2,259.1,246.2,,17.03
18.03,position,Sheep,2,34,25,704.2,503.9,713.0,288.3,215.7,,18.03
19.02,position,Sheep,2,35,25,623.2,473.9,700.3,330.0,163.2,,19.02
20.02,position,Sheep,2,36,25,593.2,482.9,664.3,361.4,140.7,,20.02
21.02,position,Sheep,2,37,25,683.2,539.9,660.5,421.2,120.8,,21.02
21.89,damage,Sheep,2,13,25,683.2,491.9,668.1,468.4,27.9,,21.89
22.02,position,Sheep,2,13,25,683.2,473.9,668.1,468.4,16.1,,22.02
22.02,enemy_proximity,Sheep,2,13,25,683.2,473.9,668.1,468.4,16.1,,22.02
23.02,position,Sheep,2,13,25,683.2,473.9,668.1,468.4,16.1,,23.02
23.02,enemy_proximity,Sheep,2,13,25,683.2,473.9,668.1,468.4,16.1,,23.02
23.9,damage,Sheep,2,-37,25,683.2,473.9,668.9,468.9,15.1,,23.9
23.9,game_over,Sheep,2,0,25,683.2,473.9,668.9,468.9,15.1,,23.9
1.08,position,Sheep,0,100,25,390,270,73.6,57.0,381.4,,1.08
2.07,position,Sheep,0,100,25,390,306,114.2,86.1,352.8,,2.07
3.07,position,Sheep,0,100,25,426,399,119.3,145.7,397.7,,3.07
4.06,position,Sheep,0,100,25,486,465,143.8,194.7,436.1,,4.06
5.05,position,Sheep,0,100,25,498,426,197.7,214.1,367.5,,5.05
6.05,position,Sheep,0,100,25,606,462,249.3,237.0,421.8,,6.05
7.05,position,Sheep,0,100,25,690,477,272.8,287.0,458.4,,7.05
8.05,position,Sheep,0,100,25,657,399,331.2,298.4,341.0,,8.05
9.03,item_collect,Sheep,0,100,25,726,309,390.1,299.8,336.0,heal,9.03
9.05,position,Sheep,0,100,25,726,306,391.1,299.8,334.9,,9.05
9.2,item_collect,Sheep,2,100,25,726,279,397.6,297.9,328.9,star,9.2
10.05,position,Sheep,2,100,25,672,267,428.0,273.9,244.1,,10.05
11.05,position,Sheep,2,100,25,627,177,487.8,270.4,167.6,,11.05
12.04,position,Sheep,2,100,25,627,87,535.9,244.3,181.8,,12.04
12.29,item_collect,Sheep,2,100,25,627,42,550.8,242.4,214.4,trap,12.29
13.04,position,Sheep,2,100,25,513,27,566.5,203.1,184.1,,13.04
14.04,position,Sheep,2,100,25,477,75,550.9,155.8,109.5,,14.04
15.03,position,Sheep,2,100,25,417,126,514.0,121.5,97.1,,15.03
15.03,enemy_proximity,Sheep,2,100,25,417,126,514.0,121.5,97.1,,15.03
16.03,position,Sheep,2,100,25,390,156,471.6,92.9,103.1,,16.03
17.03,position,Sheep,2,100,25,423,186,433.7,90.3,96.3,,17.03
17.03,enemy_proximity,Sheep,2,100,25,423,186,433.7,90.3,96.3,,17.03
17.58,item_collect,Sheep,2,100,25,399,237,411.3,111.3,126.3,shield,17.58
18.02,position,Sheep,2,100,25,426,267,397.0,132.0,138.1,,18.02
19.02,position,Sheep,2,100,25,417,381,390.8,191.5,191.3,,19.02
20.02,position,Sheep,2,100,25,348,426,365.6,233.3,193.5,,20.02
21.02,position,Sheep,2,100,25,243,456,360.7,293.0,201.0,,21.02
22.01,position,Sheep,2,100,25,177,486,360.1,353.0,226.3,,22.01
23.01,position,Sheep,2,100,25,168,456,352.1,408.2,190.2,,23.01
23.08,item_collect,Sheep,2,100,25,159,456,348.5,410.1,195.0,shield,23.08
24.01,position,Sheep,2,100,25,87,408,304.8,435.1,219.5,,24.01
25.0,position,Sheep,2,100,25,216,372,251.1,454.6,89.7,,25.0
25.0,enemy_proximity,Sheep,2,100,25,216,372,251.1,454.6,89.7,,25.0
25.58,item_collect,Sheep,2,100,25,219,357,224.6,473.9,117.0,wall,25.58
26.0,position,Sheep,2,100,25,294,375,229.1,468.3,113.7,,26.0
26.99,position,Sheep,2,100,25,364.0,331.0,274.7,453.0,151.1,,26.99
27.99,position,Sheep,2,100,25,364.0,325.0,321.8,424.8,108.4,,27.99
28.19,item_collect,Sheep,2,100,25,343.0,331.0,333.7,423.3,92.8,wall,28.19
28.99,position,Sheep,2,100,25,292.0,226.0,322.7,421.2,197.6,,28.99
29.98,position,Sheep,2,100,25,289.0,115.0,280.6,387.5,272.7,,29.98
30.99,position,Sheep,2,100,25,361.0,91.0,271.1,328.7,254.2,,30.99
31.1,item_collect,Sheep,2,100,25,364.0,70.0,270.8,321.8,268.4,wall,31.1
31.99,position,Sheep,2,100,25,523.0,37.0,270.2,283.8,353.3,,31.99
32.98,position,Sheep,2,100,25,589.0,31.0,290.0,234.2,361.5,,32.98
33.6,item_collect,Sheep,2,100,25,565.0,70.0,318.6,215.5,286.1,clock,33.6
33.69,item_collect,Sheep,2,100,25,565.0,100.0,323.6,214.8,267.3,shield,33.69
33.99,position,Sheep,2,100,25,565.0,208.0,341.4,212.5,223.6,,33.99
34.98,position,Sheep,2,100,25,605.8,251.2,390.5,191.0,223.6,,34.98
35.98,position,Sheep,2,100,25,569.8,305.2,449.3,181.3,172.8,,35.98
36.5,item_collect,Sheep,2,100,25,536.8,338.2,471.8,194.8,157.4,clock,36.5
36.98,position,Sheep,2,100,25,596.8,362.2,496.1,208.3,183.9,,36.98
37.11,item_collect,Sheep,2,100,25,644.8,362.2,499.3,215.6,206.5,shield,37.11
37.98,position,Sheep,2,100,25,656.8,422.2,523.6,237.8,227.4,,37.98
38.97,position,Sheep,2,100,25,596.8,446.2,487.6,280.1,198.8,,38.97
39.25,item_collect,Sheep,2,100,25,551.8,446.2,484.3,296.7,164.1,wall,39.25
39.97,position,Sheep,2,100,25,422.8,440.2,476.6,325.4,126.8,,39.97
40.96,position,Sheep,2,100,25,295.0,421.0,431.4,334.7,161.4,,40.96
41.96,position,Sheep,2,100,25,295.0,397.0,405.3,382.7,111.2,,41.96
42.95,position,Sheep,2,100,25,265.0,307.0,365.4,389.0,129.6,,42.95
43.63,item_collect,Sheep,4,100,25,253.0,235.0,361.1,348.3,156.5,star,43.63
43.95,position,Sheep,4,100,25,205.0,235.0,347.9,337.7,176.0,,43.95
44.28,item_collect,Sheep,6,100,25,205.0,223.0,338.1,321.7,165.7,star,44.28
44.94,position,Sheep,6,100,25,205.0,103.0,305.5,304.2,224.9,,44.94
45.11,item_collect,Sheep,6,100,25,220.0,85.0,295.6,303.0,230.7,clock,45.11
45.94,position,Sheep,6,100,25,208.0,85.0,273.4,265.4,191.9,,45.94
46.93,position,Sheep,6,100,25,208.0,49.0,229.3,240.0,192.2,,46.93
47.38,item_collect,Sheep,6,100,25,250.0,25.0,215.6,220.6,198.6,wall,47.38
47.93,position,Sheep,6,100,25,349.0,28.0,212.4,197.8,217.9,,47.93
48.93,position,Sheep,6,100,25,424.0,121.0,210.4,147.9,215.3,,48.93
49.59,item_collect,Sheep,6,100,25,424.0,70.0,234.6,125.6,197.4,clock,49.59
49.92,position,Sheep,6,100,25,424.0,28.0,254.3,122.5,194.2,,49.92
50.92,position,Sheep,6,100,25,358.0,154.0,303.2,100.1,76.9,,50.92
50.92,enemy_proximity,Sheep,6,100,25,358.0,154.0,303.2,100.1,76.9,,50.92
51.92,position,Sheep,6,100,25,358.0,229.0,351.9,108.1,121.0,,51.92
52.91,position,Sheep,6,100,25,325.0,334.0,379.7,155.6,186.6,,52.91
53.91,position,Sheep,6,100,25,274.0,295.0,369.9,203.0,132.9,,53.91
54.38,item_collect,Sheep,6,100,25,265.0,340.0,342.3,207.7,153.2,wall,54.38
54.9,item_collect,Sheep,6,100,25,244.0,433.0,321.3,208.8,237.1,clock,54.9
54.92,position,Sheep,6,100,25,238.0,439.0,320.3,208.9,244.4,,54.92
55.91,position,Sheep,6,100,25,202.0,541.0,274.5,235.6,313.9,,55.91
56.92,position,Sheep,6,100,25,364.0,541.0,270.2,292.9,265.2,,56.92
57.91,position,Sheep,6,100,25,388.0,475.0,270.0,352.9,169.8,,57.91
58.91,position,Sheep,6,100,25,424.0,427.0,292.7,402.4,133.6,,58.91
59.89,position,Sheep,6,100,25,484.0,298.0,346.8,413.4,179.3,,59.89
60.89,position,Sheep,6,100,25,514.0,265.0,363.1,368.2,182.8,,60.89
61.04,item_collect,Sheep,8,100,25,520.0,241.0,362.4,359.2,197.0,star,61.04
61.89,position,Sheep,8,100,25,604.0,235.0,360.3,308.2,254.5,,61.89
62.17,item_collect,Sheep,8,100,25,610.0,268.0,360.2,291.2,250.9,shield,62.17
62.88,position,Sheep,8,100,25,718.0,265.0,393.5,274.0,324.6,,62.88
63.88,position,Sheep,8,100,25,655.0,241.0,453.4,270.5,203.8,,63.88
64.87,position,Sheep,8,100,25,697.0,274.0,503.1,253.2,195.0,,64.87
65.87,position,Sheep,8,100,25,724.0,424.0,561.5,241.6,244.3,,65.87
66.86,position,Sheep,8,100,25,670.0,484.0,595.7,275.5,221.4,,66.86
67.3,item_collect,Sheep,10,100,25,712.0,520.0,582.4,292.5,261.9,star,67.3
67.86,position,Sheep,10,100,25,706.0,544.0,549.0,307.7,283.7,,67.86
68.87,position,Sheep,10,100,25,595.0,475.0,562.2,370.2,109.8,,68.87
69.86,position,Sheep,10,100,25,655.0,400.0,569.4,412.8,86.6,,69.86
69.86,enemy_proximity,Sheep,10,100,25,655.0,400.0,569.4,412.8,86.6,,69.86
70.87,position,Sheep,10,100,25,724.0,277.0,600.8,364.4,151.1,,70.87
71.86,position,Sheep,10,100,25,625.0,265.0,605.4,360.3,97.3,,71.86
71.86,enemy_proximity,Sheep,10,100,25,625.0,265.0,605.4,360.3,97.3,,71.86
72.86,position,Sheep,10,100,25,556.0,235.0,545.9,341.3,106.8,,72.86
73.86,position,Sheep,10,100,25,523.0,133.0,584.5,302.6,180.4,,73.86
74.86,position,Sheep,10,100,25,475.0,91.0,582.3,242.2,185.4,,74.86
75.86,position,Sheep,10,100,25,409.0,124.0,570.8,171.7,168.7,,75.86
76.86,position,Sheep,10,100,25,403.0,124.0,516.9,139.9,115.0,,76.86
77.85,position,Sheep,10,100,25,385.0,277.0,459.9,174.6,126.8,,77.85
78.86,position,Sheep,10,100,25,364.0,331.0,397.3,193.7,141.3,,78.86
79.85,position,Sheep,10,100,25,355.0,367.0,362.8,248.4,118.9,,79.85
80.85,position,Sheep,10,100,25,343.0,424.0,360.2,320.3,105.1,,80.85
81.85,position,Sheep,10,100,25,292.0,454.0,360.0,392.3,91.8,,81.85
81.85,enemy_proximity,Sheep,10,100,25,292.0,454.0,360.0,392.3,91.8,,81.85
82.85,position,Sheep,10,100,25,223.0,484.0,309.2,427.9,102.9,,82.85
83.84,position,Sheep,10,100,25,175.0,481.0,249.8,457.1,78.5,,83.84
83.84,enemy_proximity,Sheep,10,100,25,175.0,481.0,249.8,457.1,78.5,,83.84
84.83,position,Sheep,10,100,25,100.0,385.0,189.8,470.7,124.2,,84.83
85.83,position,Sheep,10,100,25,85.0,289.0,179.1,403.4,148.1,,85.83
85.86,item_collect,Sheep,12,100,25,85.0,283.0,176.9,402.4,150.7,star,85.86
86.82,position,Sheep,12,100,25,118.0,145.0,124.8,369.4,224.5,,86.82
87.77,item_collect,Sheep,12,100,25,220.0,115.0,95.7,314.6,235.1,wall,87.77
87.82,position,Sheep,12,100,25,229.0,115.0,94.9,311.1,237.5,,87.82
88.81,position,Sheep,12,100,25,409.0,115.0,90.5,251.3,346.4,,88.81
89.8,position,Sheep,12,100,25,424.0,82.0,90.0,179.3,347.8,,89.8
90.8,position,Sheep,12,100,25,514.0,100.0,128.1,128.0,387.0,,90.8
91.81,position,Sheep,12,100,25,481.0,211.0,199.4,120.6,295.8,,91.81
92.8,position,Sheep,12,100,25,508.0,274.0,262.3,135.0,282.3,,92.8
93.79,position,Sheep,12,100,25,499.0,424.0,297.1,189.8,309.2,,93.79
94.07,item_collect,Sheep,14,100,25,550.0,424.0,311.8,201.3,326.1,star,94.07
94.54,item_collect,Sheep,16,100,25,580.0,454.0,344.8,207.5,340.7,star,94.54
94.79,position,Sheep,16,100,25,604.0,454.0,352.4,223.8,341.0,,94.79
95.78,position,Sheep,16,100,25,643.0,484.0,368.8,289.3,336.3,,95.78
96.64,item_collect,Sheep,18,100,25,580.0,544.0,413.7,319.5,279.4,star,96.64
96.79,position,Sheep,18,100,25,553.0,544.0,415.4,330.2,254.3,,96.79
97.37,item_collect,Sheep,18,100,25,535.0,523.0,419.0,372.0,190.4,trap,97.37
97.78,position,Sheep,18,100,25,535.0,448.0,419.7,402.0,124.2,,97.78
98.78,position,Sheep,18,100,25,574.0,415.0,457.3,446.0,120.8,,98.78
99.77,position,Sheep,18,100,25,574.0,358.0,516.1,422.9,87.0,,99.77
99.77,enemy_proximity,Sheep,18,100,25,574.0,358.0,516.1,422.9,87.0,,99.77
100.68,item_collect,Sheep,18,100,25,550.0,295.0,542.5,421.2,126.4,shield,100.68
100.68,item_collect,Sheep,18,100,25,550.0,295.0,542.5,421.2,126.4,clock,100.68
100.76,position,Sheep,18,100,25,580.0,295.0,544.8,421.1,130.9,,100.76
101.76,position,Sheep,18,100,25,664.0,193.0,563.0,403.5,233.5,,101.76
102.76,position,Sheep,18,100,25,559.0,124.0,565.6,372.8,248.9,,102.76
103.76,position,Sheep,18,100,25,475.0,64.0,512.9,333.9,272.6,,103.76
104.76,position,Sheep,18,100,25,391.0,124.0,453.8,325.8,211.3,,104.76
105.75,position,Sheep,18,100,25,331.0,94.0,399.8,294.9,212.4,,105.75
106.21,item_collect,Sheep,20,100,25,295.0,130.0,372.3,294.1,181.4,star,106.21
106.74,position,Sheep,20,100,25,265.0,151.0,362.0,251.2,139.4,,106.74
107.74,position,Sheep,20,100,25,214.0,82.0,310.7,205.4,156.8,,107.74
107.79,item_collect,Sheep,20,100,25,205.0,73.0,309.1,201.5,165.4,wall,107.79
108.73,position,Sheep,20,100,25,85.0,25.0,302.3,167.4,259.8,,108.73
109.73,position,Sheep,20,100,25,25.0,100.0,243.2,123.8,219.5,,109.73
109.9,item_collect,Sheep,20,100,25,25.0,130.0,229.3,122.2,204.4,clock,109.9
110.73,position,Sheep,20,100,25,151.0,178.0,159.3,120.1,58.5,,110.73
110.73,enemy_proximity,Sheep,20,100,25,151.0,178.0,159.3,120.1,58.5,,110.73
111.02,item_collect,Sheep,20,100,25,151.0,190.0,135.5,120.1,71.6,heal,111.02
111.68,item_collect,Sheep,22,100,25,241.0,220.0,128.4,168.1,124.0,star,111.68
111.73,position,Sheep,22,100,25,247.0,238.0,132.1,170.1,133.5,,111.73
112.72,position,Sheep,22,100,25,265.0,346.0,196.2,210.4,152.0,,112.72
113.57,item_collect,Sheep,22,100,25,181.0,400.0,208.9,279.9,123.3,shield,113.57
113.72,position,Sheep,22,100,25,175.0,427.0,209.3,292.5,138.8,,113.72
113.89,item_collect,Sheep,24,100,25,160.0,454.0,209.6,306.5,155.6,star,113.89
114.71,item_collect,Sheep,24,100,25,118.0,490.0,210.0,375.1,147.1,heal,114.71
114.72,position,Sheep,24,100,25,121.0,493.0,208.7,375.8,146.4,,114.72
115.21,item_collect,Sheep,24,100,25,100.0,544.0,185.7,405.6,162.8,wall,115.21
115.37,item_collect,Sheep,24,100,25,70.0,544.0,183.9,419.5,168.8,shield,115.37
115.71,item_collect,Sheep,26,100,25,25.0,523.0,170.6,440.2,167.5,star,115.71
115.72,position,Sheep,26,100,25,25.0,520.0,169.3,440.8,164.6,,115.72
116.39,item_collect,Sheep,26,100,25,34.0,400.0,114.3,448.9,94.0,trap,116.39
116.72,position,Sheep,26,100,25,91.0,385.0,96.3,434.1,49.3,,116.72
116.72,enemy_proximity,Sheep,26,100,25,91.0,385.0,96.3,434.1,49.3,,116.72
117.73,position,Sheep,26,100,25,214.0,385.0,136.5,392.5,77.9,,117.73
117.73,enemy_proximity,Sheep,26,100,25,214.0,385.0,136.5,392.5,77.9,,117.73
118.38,item_collect,Sheep,26,100,25,214.0,280.0,158.3,391.2,124.4,wall,118.38
118.73,position,Sheep,26,100,25,262.0,217.0,168.4,390.8,197.4,,118.73
119.72,position,Sheep,26,100,25,367.0,91.0,192.4,390.3,346.5,,119.72
120.71,position,Sheep,26,100,25,406.0,25.0,206.0,354.1,385.1,,120.71
121.7,position,Sheep,26,100,25,445.0,94.0,209.9,270.2,293.9,,121.7
122.69,position,Sheep,26,100,25,517.0,154.0,275.3,241.2,256.9,,122.69
123.69,position,Sheep,26,100,25,646.0,184.0,346.7,211.7,300.6,,123.69
124.26,item_collect,Sheep,26,100,25,670.0,184.0,383.5,193.1,286.7,heal,124.26
124.69,position,Sheep,26,100,25,724.0,193.0,418.4,183.8,305.7,,124.69
125.69,position,Sheep,26,100,25,691.0,175.0,490.5,157.0,201.3,,125.69
126.69,position,Sheep,26,100,25,655.0,265.0,568.7,156.0,139.0,,126.69
127.69,position,Sheep,26,100,25,547.0,304.0,583.6,231.6,81.1,,127.69
127.69,enemy_proximity,Sheep,26,100,25,547.0,304.0,583.6,231.6,81.1,,127.69
128.68,position,Sheep,26,100,25,445.0,331.0,572.1,294.7,132.2,,128.68
129.69,position,Sheep,26,100,25,415.0,472.0,502.0,327.2,168.9,,129.69
130.22,item_collect,Sheep,26,100,25,460.0,544.0,473.8,341.2,203.3,trap,130.22
130.68,position,Sheep,26,100,25,484.0,544.0,478.5,380.0,164.1,,130.68
130.91,item_collect,Sheep,26,100,25,490.0,511.0,479.2,399.6,111.9,heal,130.91
131.68,position,Sheep,26,100,25,544.0,511.0,479.9,464.0,79.5,,131.68
131.68,enemy_proximity,Sheep,26,100,25,544.0,511.0,479.9,464.0,79.5,,131.68
132.67,position,Sheep,26,100,25,622.0,544.0,522.6,507.0,106.1,,132.67
133.67,position,Sheep,26,100,25,661.0,466.0,534.7,499.5,130.7,,133.67
134.68,position,Sheep,26,100,25,664.0,382.0,538.6,466.2,151.0,,134.68
135.54,item_collect,Sheep,28,100,25,724.0,370.0,562.3,452.4,181.5,star,135.54
135.68,position,Sheep,28,100,25,724.0,346.0,564.9,441.5,185.6,,135.68
136.67,position,Sheep,28,100,25,631.0,265.0,555.6,367.0,126.8,,136.67
137.47,item_collect,Sheep,30,100,25,523.0,235.0,527.6,323.7,88.8,star,137.47
137.67,position,Sheep,30,100,25,505.0,235.0,509.0,326.8,91.9,,137.67
137.67,enemy_proximity,Sheep,30,100,25,505.0,235.0,509.0,326.8,91.9,,137.67
138.12,item_collect,Sheep,30,100,25,475.0,193.0,484.5,303.0,110.4,wall,138.12
138.67,position,Sheep,30,100,25,403.0,94.0,472.7,278.9,197.6,,138.67
139.65,position,Sheep,30,100,25,286.0,34.0,403.3,270.5,264.0,,139.65
140.64,position,Sheep,30,100,25,304.0,55.0,345.7,216.8,167.1,,140.64
141.63,position,Sheep,30,100,25,304.0,109.0,301.2,150.9,42.0,,141.63
141.63,enemy_proximity,Sheep,30,100,25,304.0,109.0,301.2,150.9,42.0,,141.63
141.73,item_collect,Sheep,30,100,25,310.0,91.0,300.8,141.3,51.1,shield,141.73
142.62,position,Sheep,30,100,25,403.0,25.0,345.6,90.7,87.3,,142.62
142.62,enemy_proximity,Sheep,30,100,25,403.0,25.0,345.6,90.7,87.3,,142.62
143.62,position,Sheep,30,100,25,409.0,124.0,402.9,32.4,91.8,,143.62
143.62,enemy_proximity,Sheep,30,100,25,409.0,124.0,402.9,32.4,91.8,,143.62
144.62,position,Sheep,30,100,25,391.0,217.0,402.9,114.6,103.1,,144.62
145.51,item_collect,Sheep,30,100,25,358.0,340.0,387.8,196.1,147.0,trap,145.51
145.62,position,Sheep,30,100,25,364.0,361.0,377.8,201.1,160.5,,145.62
146.61,position,Sheep,30,100,25,295.0,424.0,360.5,292.8,146.6,,146.61
147.61,position,Sheep,30,100,25,295.0,385.0,360.0,388.8,65.1,,147.61
147.61,enemy_proximity,Sheep,30,100,25,295.0,385.0,360.0,388.8,65.1,,147.61
148.61,position,Sheep,30,100,25,205.0,343.0,307.8,407.0,121.1,,148.61
149.6,position,Sheep,30,100,25,190.0,205.0,280.0,385.1,201.3,,149.6
150.59,position,Sheep,30,100,25,43.0,121.0,250.9,364.9,320.5,,150.59
150.99,item_collect,Sheep,32,100,25,25.0,73.0,235.6,363.1,358.5,star,150.99
151.59,position,Sheep,32,100,25,64.0,43.0,214.6,334.4,328.0,,151.59
152.58,position,Sheep,32,100,25,211.0,25.0,210.1,238.6,213.6,,152.58
153.58,position,Sheep,32,100,25,304.0,124.0,210.0,142.6,95.8,,153.58
153.58,enemy_proximity,Sheep,32,100,25,304.0,124.0,210.0,142.6,95.8,,153.58
154.57,position,Sheep,32,100,25,265.0,253.0,284.7,145.1,109.6,,154.57
155.57,position,Sheep,32,100,25,184.0,214.0,286.5,231.3,103.9,,155.57
156.55,item_collect,Sheep,32,100,25,103.0,178.0,204.0,218.9,109.0,clock,156.55
156.57,position,Sheep,32,100,25,97.0,178.0,202.5,218.3,112.9,,156.57
157.32,item_collect,Sheep,34,100,25,103.0,334.0,143.9,189.2,150.4,star,157.32
157.32,item_collect,Sheep,36,100,25,103.0,334.0,143.9,189.2,150.4,star,157.32
157.56,position,Sheep,36,100,25,121.0,346.0,120.7,183.7,162.3,,157.56
158.57,position,Sheep,36,100,25,211.0,394.0,90.7,258.2,181.4,,158.57
159.57,position,Sheep,36,100,25,178.0,520.0,113.4,343.9,187.6,,159.57
159.57,item_collect,Sheep,36,100,25,178.0,520.0,113.4,343.9,187.6,wall,159.57
160.56,position,Sheep,36,100,25,301.0,451.0,164.1,387.5,150.9,,160.56
161.56,position,Sheep,36,100,25,388.6,393.4,242.3,363.3,149.4,,161.56
162.19,item_collect,Sheep,36,100,25,425.8,432.4,287.9,392.3,143.6,shield,162.19
162.49,item_collect,Sheep,36,100,25,428.8,450.4,307.7,410.4,127.6,trap,162.49
162.56,position,Sheep,36,100,25,440.8,450.4,313.6,412.9,132.6,,162.56
163.55,position,Sheep,36,100,25,485.8,402.4,399.0,392.6,87.3,,163.55
163.55,enemy_proximity,Sheep,36,100,25,485.8,402.4,399.0,392.6,87.3,,163.55
164.55,position,Sheep,36,100,25,485.8,438.4,430.6,440.3,55.3,,164.55
164.55,enemy_proximity,Sheep,36,100,25,485.8,438.4,430.6,440.3,55.3,,164.55
165.55,position,Sheep,36,100,25,545.8,483.4,487.8,499.6,60.2,,165.55
165.55,enemy_proximity,Sheep,36,100,25,545.8,483.4,487.8,499.6,60.2,,165.55
165.84,item_collect,Sheep,36,100,25,545.8,429.4,515.6,506.2,82.5,wall,165.84
166.55,position,Sheep,36,100,25,449.8,315.4,501.2,508.0,199.3,,166.55
167.55,position,Sheep,36,100,25,355.0,232.0,448.0,453.5,240.3,,167.55
168.56,position,Sheep,36,100,25,268.0,115.0,392.6,394.1,305.6,,168.56
169.34,item_collect,Sheep,38,100,25,163.0,25.0,355.9,341.4,370.6,star,169.34
169.55,position,Sheep,38,100,25,145.0,25.0,340.6,329.6,362.0,,169.55
170.55,position,Sheep,38,100,25,115.0,64.0,275.1,277.6,266.9,,170.55
171.54,position,Sheep,38,100,25,115.0,145.0,214.0,223.2,126.2,,171.54
172.16,item_collect,Sheep,40,100,25,70.0,244.0,160.5,205.6,98.3,star,172.16
172.33,item_collect,Sheep,42,100,25,40.0,244.0,151.7,191.3,123.6,star,172.33
172.55,position,Sheep,42,100,25,25.0,278.2,129.5,184.3,140.5,,172.55
173.55,position,Sheep,42,90,25,33.4,326.2,47.7,232.3,95.0,,173.55
173.55,enemy_proximity,Sheep,42,90,25,33.4,326.2,47.7,232.3,95.0,,173.55
174.54,position,Sheep,42,90,25,89.8,337.0,48.7,323.4,43.3,,174.54
174.54,enemy_proximity,Sheep,42,90,25,89.8,337.0,48.7,323.4,43.3,,174.54
175.04,item_collect,Sheep,42,90,25,155.8,310.0,102.3,329.1,56.8,clock,175.04
175.14,item_collect,Sheep,42,90,25,191.8,298.0,113.1,329.3,84.7,trap,175.14
175.54,position,Sheep,42,91,25,155.8,208.0,146.3,312.5,104.9,,175.54
176.54,position,Sheep,42,92,25,221.8,178.0,208.3,246.4,69.7,,176.54
176.54,enemy_proximity,Sheep,42,92,25,221.8,178.0,208.3,246.4,69.7,,176.54
177.53,position,Sheep,42,93,25,137.8,118.0,209.9,171.9,90.0,,177.53
177.53,enemy_proximity,Sheep,42,93,25,137.8,118.0,209.9,171.9,90.0,,177.53
178.53,position,Sheep,42,94,25,125.8,187.0,205.4,131.6,97.0,,178.53
178.53,enemy_proximity,Sheep,42,94,25,125.8,187.0,205.4,131.6,97.0,,178.53
178.56,item_collect,Sheep,44,94,25,131.8,187.0,204.1,131.0,91.4,star,178.56
179.53,position,Sheep,44,95,25,200.8,217.0,180.8,122.5,96.6,,179.53
179.53,enemy_proximity,Sheep,44,95,25,200.8,217.0,180.8,122.5,96.6,,179.53
180.53,position,Sheep,44,96,25,275.8,277.0,208.4,181.9,116.6,,180.53
181.52,position,Sheep,44,97,25,305.8,412.0,210.0,289.8,155.3,,181.52
182.51,position,Sheep,44,98,25,365.8,526.0,257.1,362.4,196.4,,182.51
183.5,position,Sheep,44,99,25,425.8,505.0,314.0,442.1,128.3,,183.5
183.8,item_collect,Sheep,46,99,25,431.8,547.0,330.5,468.1,128.4,star,183.8
184.51,position,Sheep,46,100,25,485.8,481.0,404.6,479.3,81.2,,184.51
184.51,enemy_proximity,Sheep,46,100,25,485.8,481.0,404.6,479.3,81.2,,184.51
185.5,position,Sheep,46,100,25,485.8,301.0,476.0,417.7,117.2,,185.5
186.45,item_collect,Sheep,46,100,25,491.8,208.0,479.9,315.3,108.0,wall,186.45
186.5,position,Sheep,46,100,25,482.8,199.0,480.0,309.9,111.0,,186.5
186.96,item_collect,Sheep,48,100,25,398.8,124.0,475.0,280.8,174.3,star,186.96
187.49,position,Sheep,48,100,25,365.8,55.0,420.5,271.2,223.1,,187.49
188.49,position,Sheep,48,100,25,404.8,28.0,390.4,182.1,154.8,,188.49
189.05,item_collect,Sheep,48,100,25,428.8,88.0,401.5,128.4,48.7,trap,189.05
189.48,position,Sheep,48,100,25,506.8,97.0,431.2,97.2,75.6,,189.48
189.48,enemy_proximity,Sheep,48,100,25,506.8,97.0,431.2,97.2,75.6,,189.48
190.48,damage,Sheep,48,50,25,509.8,157.0,506.7,129.7,27.5,,190.48
190.48,position,Sheep,48,50,25,509.8,157.0,506.7,129.7,27.5,,190.48
190.48,enemy_proximity,Sheep,48,50,25,509.8,157.0,506.7,129.7,27.5,,190.48
191.48,position,Sheep,48,50,25,449.8,187.0,488.7,155.9,49.8,,191.48
191.48,enemy_proximity,Sheep,48,50,25,449.8,187.0,488.7,155.9,49.8,,191.48
192.47,position,Sheep,48,50,25,365.8,286.0,453.5,175.4,141.1,,192.47
193.0,item_collect,Sheep,48,70,25,425.8,280.0,430.6,178.3,101.9,heal,193.0
193.27,item_collect,Sheep,48,70,25,401.8,238.0,419.1,178.8,61.7,wall,193.27
193.47,position,Sheep,48,71,25,365.8,235.0,408.3,179.2,70.1,,193.47
193.47,enemy_proximity,Sheep,48,71,25,365.8,235.0,408.3,179.2,70.1,,193.47
194.47,position,Sheep,48,72,25,206.8,235.0,330.5,208.8,126.5,,194.47
195.47,position,Sheep,48,73,25,200.8,301.0,234.9,239.0,70.7,,195.47
195.47,enemy_proximity,Sheep,48,73,25,200.8,301.0,234.9,239.0,70.7,,195.47
196.47,position,Sheep,48,74,25,86.8,268.0,165.8,297.8,84.4,,196.47
196.47,enemy_proximity,Sheep,48,74,25,86.8,268.0,165.8,297.8,84.4,,196.47
196.63,item_collect,Sheep,50,74,25,86.8,280.0,156.5,285.1,69.9,star,196.63
197.46,position,Sheep,50,75,25,128.8,337.0,92.7,313.8,42.9,,197.46
197.46,enemy_proximity,Sheep,50,75,25,128.8,337.0,92.7,313.8,42.9,,197.46
197.79,damage,Sheep,50,25,25,152.8,337.0,128.4,326.3,26.6,,197.79
198.45,position,Sheep,50,25,25,95.8,427.0,113.1,378.6,51.4,,198.45
198.45,enemy_proximity,Sheep,50,25,25,95.8,427.0,113.1,378.6,51.4,,198.45
199.25,item_collect,Sheep,50,25,25,125.8,493.0,91.4,444.5,59.4,trap,199.25
199.44,position,Sheep,50,25,25,125.8,529.0,94.1,466.4,70.2,,199.44
199.44,enemy_proximity,Sheep,50,25,25,125.8,529.0,94.1,466.4,70.2,,199.44
200.45,position,Sheep,50,25,25,26.8,493.0,68.1,538.3,61.3,,200.45
200.45,enemy_proximity,Sheep,50,25,25,26.8,493.0,68.1,538.3,61.3,,200.45
200.78,item_collect,Sheep,50,26,25,26.8,433.0,40.0,534.3,102.1,trap,200.78
201.44,position,Sheep,50,26,25,32.8,388.0,33.1,503.3,115.3,,201.44
202.44,position,Sheep,50,16,25,126.4,388.0,30.5,455.4,117.3,,202.44
203.45,position,Sheep,50,16,25,247.6,358.0,30.1,407.4,223.1,,203.45
204.45,position,Sheep,50,17,25,391.6,298.0,84.3,391.8,321.3,,204.45
205.29,item_collect,Sheep,50,18,25,493.6,337.0,124.3,390.4,373.2,clock,205.29
205.45,position,Sheep,50,18,25,541.6,337.0,132.3,390.3,412.8,,205.45
206.46,position,Sheep,50,19,25,601.6,397.0,180.3,390.1,421.4,,206.46
206.82,item_collect,Sheep,52,20,25,547.6,433.0,196.1,387.2,354.5,star,206.82
207.45,position,Sheep,52,20,25,544.6,535.0,257.3,367.0,332.8,,207.45
208.45,position,Sheep,52,21,25,544.6,535.0,319.9,456.1,238.1,,208.45
209.44,position,Sheep,52,22,25,634.6,508.0,414.0,480.3,222.3,,209.44
209.54,item_collect,Sheep,52,22,25,634.6,490.0,416.4,468.5,219.3,wall,209.54
209.92,item_collect,Sheep,52,23,25,703.6,493.0,456.1,453.2,250.7,shield,209.92
210.44,position,Sheep,52,23,25,724.6,514.0,504.6,424.1,237.7,,210.44
210.75,item_collect,Sheep,52,44,25,700.6,511.0,534.9,435.6,182.1,heal,210.75
210.75,item_collect,Sheep,54,44,25,700.6,511.0,534.9,435.6,182.1,star,210.75
211.44,position,Sheep,54,44,25,724.6,547.0,603.7,468.9,143.9,,211.44
211.67,item_collect,Sheep,54,45,25,697.6,547.0,630.6,475.8,97.8,clock,211.67
211.92,damage,Sheep,54,20,25,685.6,487.0,660.4,478.6,26.6,,211.92
212.44,position,Sheep,54,20,25,643.6,361.0,660.4,478.6,118.8,,212.44
213.43,position,Sheep,54,20,25,427.6,271.0,660.4,478.6,311.9,,213.43
214.36,item_collect,Sheep,54,20,25,391.6,193.0,610.1,474.3,356.2,shield,214.36
214.43,position,Sheep,54,20,25,391.6,181.0,607.1,466.9,358.0,,214.43
214.69,item_collect,Sheep,54,20,25,391.6,133.0,579.0,454.4,372.1,wall,214.69
215.42,position,Sheep,54,21,25,484.6,94.0,521.0,424.5,332.5,,215.42
216.28,item_collect,Sheep,54,22,25,520.0,118.0,480.9,353.2,238.5,trap,216.28
216.43,position,Sheep,54,22,25,547.0,133.0,480.4,335.3,212.9,,216.43
217.42,position,Sheep,54,23,25,634.0,145.0,529.3,244.8,144.6,,217.42
218.29,item_collect,Sheep,56,24,25,724.0,100.0,569.3,166.0,168.2,star,218.29
218.42,position,Sheep,56,24,25,724.0,76.0,582.1,158.2,164.0,,218.42
218.81,item_collect,Sheep,56,24,25,703.0,28.0,615.3,150.2,150.4,trap,218.81
219.42,position,Sheep,56,25,25,724.0,88.0,633.8,129.7,99.3,,219.42
219.42,enemy_proximity,Sheep,56,25,25,724.0,88.0,633.8,129.7,99.3,,219.42
219.91,damage,Sheep,56,1,25,685.0,124.0,657.0,124.2,28.0,,219.91
220.41,position,Sheep,56,1,25,625.0,124.0,657.0,124.2,32.0,,220.41
220.41,enemy_proximity,Sheep,56,1,25,625.0,124.0,657.0,124.2,32.0,,220.41
221.4,position,Sheep,56,1,25,591.4,25.0,657.0,124.2,119.0,,221.4
222.39,position,Sheep,56,1,25,487.0,25.0,639.5,112.5,175.9,,222.39
223.39,position,Sheep,56,2,25,418.0,124.0,631.6,84.7,217.2,,223.39
224.38,position,Sheep,56,3,25,304.0,85.0,580.2,148.3,283.4,,224.38
225.38,position,Sheep,56,4,25,268.0,154.0,471.5,171.0,204.2,,225.38
225.74,item_collect,Sheep,56,4,25,253.0,115.0,428.5,178.6,186.7,trap,225.74
226.37,position,Sheep,56,5,25,139.0,115.0,370.1,147.2,233.4,,226.37
227.07,item_collect,Sheep,56,26,25,43.0,151.0,324.9,92.9,287.8,heal,227.07
227.37,position,Sheep,56,26,25,28.0,151.0,297.9,108.2,273.3,,227.37
228.37,position,Sheep,56,27,25,97.0,208.0,179.5,119.9,120.7,,228.37
229.36,position,Sheep,56,28,25,28.0,316.0,102.5,146.7,185.0,,229.36
230.36,position,Sheep,56,29,25,157.0,322.0,92.1,193.2,144.2,,230.36
230.43,item_collect,Sheep,56,29,25,157.0,310.0,91.9,196.4,130.9,trap,230.43
231.35,position,Sheep,56,30,25,217.0,382.0,90.4,241.2,189.3,,231.35
232.35,position,Sheep,56,31,25,232.0,355.0,93.6,317.0,143.5,,232.35
233.35,position,Sheep,56,32,25,277.0,319.0,198.3,307.0,79.6,,233.35
233.35,enemy_proximity,Sheep,56,32,25,277.0,319.0,198.3,307.0,79.6,,233.35
234.35,position,Sheep,56,33,25,424.0,313.0,265.1,329.9,159.8,,234.35
234.41,item_collect,Sheep,56,33,25,430.0,325.0,266.4,322.0,163.6,clock,234.41
235.34,position,Sheep,56,34,25,490.0,421.0,368.6,300.3,171.2,,235.34
236.14,item_collect,Sheep,56,55,25,544.0,433.0,453.9,326.3,139.7,heal,236.14
236.14,item_collect,Sheep,56,75,25,544.0,433.0,453.9,326.3,139.7,heal,236.14
236.34,position,Sheep,56,75,25,610.0,475.0,470.6,338.9,194.8,,236.34
236.34,item_collect,Sheep,56,75,25,610.0,475.0,470.6,338.9,194.8,shield,236.34
237.33,position,Sheep,56,76,25,637.0,475.0,527.3,422.8,121.5,,237.33
238.32,position,Sheep,56,77,25,667.0,397.0,624.9,475.1,88.7,,238.32
238.32,enemy_proximity,Sheep,56,77,25,667.0,397.0,624.9,475.1,88.7,,238.32
239.17,item_collect,Sheep,58,78,25,577.0,403.0,659.4,398.4,82.6,star,239.17
239.32,position,Sheep,58,78,25,568.0,430.0,659.7,380.4,104.3,,239.32
240.33,position,Sheep,58,79,25,478.0,451.0,574.1,392.9,112.3,,240.33
241.32,position,Sheep,58,80,25,415.0,484.0,477.4,438.2,77.4,,241.32
241.32,enemy_proximity,Sheep,58,80,25,415.0,484.0,477.4,438.2,77.4,,241.32
241.39,item_collect,Sheep,58,80,25,403.0,475.0,470.0,441.4,75.0,clock,241.39
241.98,item_collect,Sheep,60,81,25,343.0,415.0,424.0,418.0,81.1,star,241.98
242.32,position,Sheep,60,81,25,367.0,421.0,392.6,394.1,37.1,,242.32
242.32,enemy_proximity,Sheep,60,81,25,367.0,421.0,392.6,394.1,37.1,,242.32
242.42,damage,Sheep,60,56,25,367.0,415.0,379.5,392.5,25.8,,242.42
242.64,item_collect,Sheep,62,56,25,367.0,337.0,379.5,392.5,56.8,star,242.64
243.32,position,Sheep,62,56,25,397.0,205.0,379.5,392.5,188.3,,243.32
243.75,item_collect,Sheep,64,56,25,430.0,181.0,379.5,392.5,217.4,star,243.75
244.31,position,Sheep,64,56,25,463.0,181.0,379.5,392.5,227.3,,244.31
245.31,position,Sheep,64,56,25,358.0,115.0,360.1,281.2,166.2,,245.31
246.31,position,Sheep,64,57,25,316.0,94.0,386.4,162.4,98.2,,246.31
246.31,enemy_proximity,Sheep,64,57,25,316.0,94.0,386.4,162.4,98.2,,246.31
247.31,position,Sheep,64,58,25,298.0,154.0,307.9,101.6,53.4,,247.31
247.31,enemy_proximity,Sheep,64,58,25,298.0,154.0,307.9,101.6,53.4,,247.31
248.3,position,Sheep,64,59,25,241.0,244.0,292.3,228.2,53.7,,248.3
248.3,enemy_proximity,Sheep,64,59,25,241.0,244.0,292.3,228.2,53.7,,248.3
248.6,item_collect,Sheep,64,80,25,208.0,223.0,254.3,237.8,48.6,heal,248.6
249.29,position,Sheep,64,80,25,178.0,115.0,211.3,179.7,72.8,,249.29
249.29,enemy_proximity,Sheep,64,80,25,178.0,115.0,211.3,179.7,72.8,,249.29
250.21,item_collect,Sheep,64,81,25,88.0,163.0,137.4,120.7,65.0,shield,250.21
250.21,item_collect,Sheep,64,81,25,88.0,163.0,137.4,120.7,65.0,clock,250.21
250.29,position,Sheep,64,81,25,64.0,139.0,130.3,126.6,67.5,,250.29
250.29,enemy_proximity,Sheep,64,81,25,64.0,139.0,130.3,126.6,67.5,,250.29
250.47,item_collect,Sheep,66,82,25,28.0,73.0,112.6,140.6,108.2,star,250.47
251.28,position,Sheep,66,82,25,64.0,25.0,34.6,101.4,81.8,,251.28
251.28,enemy_proximity,Sheep,66,82,25,64.0,25.0,34.6,101.4,81.8,,251.28
252.28,position,Sheep,66,83,25,136.0,56.2,108.7,64.4,28.5,,252.28
252.28,enemy_proximity,Sheep,66,83,25,136.0,56.2,108.7,64.4,28.5,,252.28
252.65,damage,Sheep,66,33,25,156.4,38.2,140.7,49.7,19.5,,252.65
253.28,position,Sheep,66,33,25,270.4,35.2,218.8,30.9,51.8,,253.28
253.28,enemy_proximity,Sheep,66,33,25,270.4,35.2,218.8,30.9,51.8,,253.28
254.27,position,Sheep,66,33,25,273.4,155.2,298.6,93.7,66.4,,254.27
254.27,enemy_proximity,Sheep,66,33,25,273.4,155.2,298.6,93.7,66.4,,254.27
254.8,item_collect,Sheep,66,33,25,309.4,206.2,299.9,164.1,43.1,wall,254.8
255.27,position,Sheep,66,33,25,393.4,278.2,317.9,203.2,106.5,,255.27
256.26,position,Sheep,66,34,25,484.0,358.0,379.5,293.4,122.9,,256.26
257.26,position,Sheep,66,35,25,571.0,295.0,497.6,329.4,81.1,,257.26
257.26,enemy_proximity,Sheep,66,35,25,571.0,295.0,497.6,329.4,81.1,,257.26
258.14,damage,Sheep,66,-14,25,607.0,265.0,592.3,286.1,25.8,,258.14
258.14,game_over,Sheep,66,0,25,607.0,265.0,592.3,286.1,25.8,,258.14
1.07,position,Rabbit,0,200,75,390,270,73.6,57.0,381.4,,1.07
2.07,position,Rabbit,0,200,75,360,306,114.2,86.1,329.9,,2.07
2.57,item_collect,Rabbit,0,200,75,270,309,118.0,115.8,245.8,wall,2.57
3.07,position,Rabbit,0,200,75,225,363,119.3,145.7,241.6,,3.07
4.07,position,Rabbit,0,200,75,49.0,334.0,95.7,194.5,147.1,,4.07
5.06,position,Rabbit,0,200,75,163.0,298.0,90.7,254.3,84.5,,5.06
5.06,enemy_proximity,Rabbit,0,200,75,163.0,298.0,90.7,254.3,84.5,,5.06
6.05,position,Rabbit,0,200,75,205.0,226.0,140.3,279.8,84.1,,6.05
6.05,enemy_proximity,Rabbit,0,200,75,205.0,226.0,140.3,279.8,84.1,,6.05
6.37,item_collect,Rabbit,1,200,75,163.0,205.0,155.4,289.7,85.1,star,6.37
6.74,item_collect,Rabbit,2,200,75,133.0,181.0,174.5,295.3,121.6,star,6.74
7.05,position,Rabbit,2,200,75,85.0,178.0,160.2,290.2,135.1,,7.05
7.5,item_collect,Rabbit,2,200,75,43.0,145.0,138.3,276.9,162.7,shield,7.5
8.05,position,Rabbit,2,200,75,25.0,55.0,105.8,271.9,231.4,,8.05
9.05,position,Rabbit,2,200,75,115.0,64.0,91.5,215.6,153.4,,9.05
10.05,position,Rabbit,2,200,75,187.0,25.0,97.5,160.3,162.2,,10.05
11.04,position,Rabbit,2,200,75,304.0,40.0,117.8,107.1,197.9,,11.04
11.21,item_collect,Rabbit,2,200,75,304.0,70.0,126.2,109.7,182.2,wall,11.21
12.04,position,Rabbit,2,200,75,421.0,211.0,156.2,116.5,281.2,,12.04
13.04,position,Rabbit,2,200,75,484.0,214.0,207.1,119.4,292.7,,13.04
13.58,item_collect,Rabbit,2,200,75,514.0,220.0,239.0,119.8,292.6,shield,13.58
14.04,position,Rabbit,2,200,75,484.0,274.0,260.1,131.4,265.4,,14.04
14.69,item_collect,Rabbit,3,200,75,430.0,274.0,288.9,153.8,185.4,star,14.69
15.05,position,Rabbit,3,200,75,400.0,304.0,294.8,173.7,167.4,,15.05
16.05,position,Rabbit,3,200,75,421.0,415.0,334.7,205.8,226.3,,16.05
16.64,item_collect,Rabbit,3,200,75,421.0,520.0,353.7,230.5,297.2,trap,16.64
16.87,item_collect,Rabbit,4,200,75,430.0,544.0,355.9,244.3,308.7,star,16.87
17.05,position,Rabbit,4,200,75,463.0,544.0,357.5,255.2,307.4,,17.05
18.06,position,Rabbit,4,200,75,484.0,424.0,363.4,309.8,166.1,,18.06
19.02,item_collect,Rabbit,4,200,75,490.0,424.0,413.1,314.9,133.5,trap,19.02
19.06,position,Rabbit,4,200,75,496.0,424.0,414.9,315.7,135.3,,19.06
19.94,item_collect,Rabbit,4,200,75,598.0,460.0,465.0,329.6,186.3,heal,19.94
20.06,position,Rabbit,4,200,75,604.0,463.0,468.1,335.8,186.1,,20.06
21.06,position,Rabbit,4,200,75,685.0,475.0,478.5,394.4,221.6,,21.06
22.05,position,Rabbit,4,200,75,664.0,448.0,525.7,419.2,141.3,,22.05
23.01,item_collect,Rabbit,4,200,75,664.0,370.0,564.6,433.2,117.8,shield,23.01
23.05,position,Rabbit,4,200,75,664.0,364.0,564.8,431.2,119.8,,23.05
24.04,position,Rabbit,4,200,75,724.0,265.0,571.3,372.6,186.8,,24.04
24.67,item_collect,Rabbit,4,200,75,613.0,265.0,551.3,357.9,111.6,clock,24.67
24.82,item_collect,Rabbit,4,200,75,583.0,235.0,547.9,349.6,119.9,wall,24.82
25.04,position,Rabbit,4,200,75,505.0,199.0,544.4,342.8,149.0,,25.04
26.04,position,Rabbit,4,200,75,356.2,118.6,498.9,332.2,256.9,,26.04
27.04,position,Rabbit,4,200,75,356.2,34.6,439.0,330.2,307.0,,27.04
28.04,position,Rabbit,4,200,75,425.2,25.6,399.2,293.2,268.9,,28.04
38.16,position,Rabbit,4,200,75,425.2,25.6,390.9,234.2,211.4,,38.16
39.16,position,Rabbit,4,200,75,425.2,25.6,390.1,174.2,152.7,,39.16
40.15,position,Rabbit,4,200,75,356.2,25.6,372.3,140.6,116.1,,40.15
41.14,position,Rabbit,4,200,75,425.2,37.6,361.3,82.3,78.0,,41.14
41.14,enemy_proximity,Rabbit,4,200,75,425.2,37.6,361.3,82.3,78.0,,41.14
41.9,item_collect,Rabbit,4,200,75,392.2,130.6,360.2,84.3,56.3,clock,41.9
42.14,position,Rabbit,4,200,75,392.2,214.6,360.1,98.3,120.6,,42.14
43.14,position,Rabbit,4,200,75,344.2,334.6,377.3,149.1,188.4,,43.14
43.17,item_collect,Rabbit,4,200,75,356.2,340.6,378.0,151.0,190.9,trap,43.17
44.13,position,Rabbit,4,200,75,278.2,445.6,376.5,200.9,263.7,,44.13
45.13,position,Rabbit,4,200,75,176.2,424.6,361.8,257.6,249.7,,45.13
45.65,item_collect,Rabbit,5,200,75,221.2,361.6,356.2,286.8,154.3,star,45.65
46.12,position,Rabbit,5,200,75,239.2,355.6,329.8,295.3,108.9,,46.12
47.09,item_collect,Rabbit,6,200,75,206.2,223.6,278.6,289.3,97.8,star,47.09
47.12,position,Rabbit,6,200,75,206.2,217.6,277.8,287.5,100.1,,47.12
47.58,item_collect,Rabbit,6,200,75,206.2,133.6,272.8,260.1,143.0,wall,47.58
48.12,position,Rabbit,6,200,75,302.2,100.6,269.3,248.2,151.2,,48.12
49.12,position,Rabbit,6,200,75,364.0,61.0,296.4,205.2,159.2,,49.12
49.71,item_collect,Rabbit,7,200,75,370.0,154.0,299.1,170.3,72.7,star,49.71
50.12,position,Rabbit,7,200,75,394.0,154.0,299.7,193.3,102.2,,50.12
51.12,position,Rabbit,7,200,75,472.0,184.0,356.3,208.0,118.2,,51.12
52.12,position,Rabbit,7,200,75,565.0,145.0,405.5,185.4,164.5,,52.12
53.12,position,Rabbit,7,200,75,532.0,244.0,464.7,181.5,91.8,,53.12
53.12,enemy_proximity,Rabbit,7,200,75,532.0,244.0,464.7,181.5,91.8,,53.12
53.19,item_collect,Rabbit,7,200,75,520.0,244.0,466.6,185.1,79.5,wall,53.19
54.12,position,Rabbit,7,200,75,481.0,391.0,498.5,213.7,178.1,,54.12
55.14,position,Rabbit,7,200,75,481.0,544.0,493.1,264.1,280.1,,55.14
56.14,position,Rabbit,7,200,75,481.0,544.0,481.6,322.6,221.4,,56.14
60.32,position,Rabbit,7,200,75,415.0,523.0,480.2,382.6,154.8,,60.32
61.31,position,Rabbit,7,200,75,415.0,376.0,472.9,438.2,85.0,,61.31
61.31,enemy_proximity,Rabbit,7,200,75,415.0,376.0,472.9,438.2,85.0,,61.31
61.64,item_collect,Rabbit,8,200,75,415.0,373.0,454.2,444.6,81.7,star,61.64
62.3,position,Rabbit,8,200,75,415.0,391.0,426.1,430.5,41.0,,62.3
62.3,enemy_proximity,Rabbit,8,200,75,415.0,391.0,426.1,430.5,41.0,,62.3
62.37,damage,Rabbit,8,150,75,415.0,403.0,425.5,426.6,25.8,,62.37
63.3,position,Rabbit,8,150,75,424.0,439.0,423.7,434.4,4.7,,63.3
63.3,enemy_proximity,Rabbit,8,150,75,424.0,439.0,423.7,434.4,4.7,,63.3
64.3,position,Rabbit,8,150,75,415.0,463.0,423.7,434.4,29.9,,64.3
64.3,enemy_proximity,Rabbit,8,150,75,415.0,463.0,423.7,434.4,29.9,,64.3
64.94,damage,Rabbit,8,100,75,424.0,460.0,423.7,434.4,25.7,,64.94
65.29,position,Rabbit,8,100,75,424.0,439.0,423.7,434.4,4.7,,65.29
65.29,enemy_proximity,Rabbit,8,100,75,424.0,439.0,423.7,434.4,4.7,,65.29
66.29,position,Rabbit,8,100,75,424.0,544.0,420.9,477.3,66.8,,66.29
66.29,enemy_proximity,Rabbit,8,100,75,424.0,544.0,420.9,477.3,66.8,,66.29
66.94,damage,Rabbit,8,50,75,424.0,487.0,420.3,500.2,13.7,,66.94
67.29,position,Rabbit,8,50,75,424.0,484.0,420.2,493.2,10.0,,67.29
67.29,enemy_proximity,Rabbit,8,50,75,424.0,484.0,420.2,493.2,10.0,,67.29
68.29,position,Rabbit,8,50,75,424.0,511.0,420.1,520.2,10.0,,68.29
68.29,enemy_proximity,Rabbit,8,50,75,424.0,511.0,420.1,520.2,10.0,,68.29
68.94,damage,Rabbit,8,0,75,424.0,511.0,420.1,520.2,10.0,,68.94
68.94,game_over,Rabbit,8,0,75,424.0,511.0,420.1,520.2,10.0,,68.94
1.08,position,Sheep,0,100,25,390,270,73.6,57.0,381.4,,1.08
2.08,position,Sheep,0,100,25,390,270,114.2,86.1,331.5,,2.08
3.07,position,Sheep,0,100,25,390,270,156.3,116.3,279.7,,3.07
4.12,position,Sheep,0,100,23.2,390,270,216.2,119.6,229.9,,4.12
5.12,position,Sheep,0,100,25.0,390,270,267.2,136.4,181.5,,5.12
6.12,position,Sheep,0,100,25.0,390,270,296.1,182.7,128.2,,6.12
7.12,position,Sheep,0,100,25.0,390,270,343.6,207.3,78.0,,7.12
7.12,enemy_proximity,Sheep,0,100,25.0,390,270,343.6,207.3,78.0,,7.12
8.1,damage,Sheep,0,50,25.0,390,270,365.6,258.2,27.1,,8.1
8.12,position,Sheep,0,50,25.0,390,270,366.5,258.6,26.1,,8.12
8.12,enemy_proximity,Sheep,0,50,25.0,390,270,366.5,258.6,26.1,,8.12
9.12,position,Sheep,0,50,25.0,390,270,374.6,262.5,17.1,,9.12
9.12,enemy_proximity,Sheep,0,50,25.0,390,270,374.6,262.5,17.1,,9.12
10.09,damage,Sheep,0,0,25.0,390,270,374.6,262.5,17.1,,10.09
10.09,game_over,Sheep,0,0,25.0,390,270,374.6,262.5,17.1,,10.09
1.07,position,Sheep,0,100,25,390,306,73.6,57.0,402.6,,1.07
2.06,position,Sheep,0,100,25,426,405,114.2,86.1,446.0,,2.06
3.07,position,Sheep,0,100,25,477,546,119.3,145.7,536.8,,3.07
4.07,position,Sheep,0,100,25,546,462,143.8,194.7,482.9,,4.07
4.91,item_collect,Sheep,2,100,25,576,369,192.8,207.5,415.9,star,4.91
5.06,position,Sheep,2,100,25,591,357,197.7,214.1,418.4,,5.06
5.95,item_collect,Sheep,2,100,25,663,402,242.4,236.0,452.2,wall,5.95
6.06,position,Sheep,2,100,25,663,423,249.3,237.0,453.6,,6.06
7.07,position,Sheep,2,100,25,552,441,265.2,270.6,333.6,,7.07
7.69,item_collect,Sheep,2,100,25,537,432,289.5,293.4,283.7,heal,7.69
8.06,position,Sheep,2,100,25,519,417,311.2,296.9,240.0,,8.06
9.06,position,Sheep,2,100,25,456,327,371.1,299.6,89.2,,9.06
9.06,enemy_proximity,Sheep,2,100,25,456,327,371.1,299.6,89.2,,9.06
10.06,position,Sheep,2,100,25,513,249,406.7,278.2,110.2,,10.06
11.05,position,Sheep,2,100,25,477,192,466.2,271.0,79.7,,11.05
11.05,enemy_proximity,Sheep,2,100,25,477,192,466.2,271.0,79.7,,11.05
12.05,position,Sheep,2,100,25,354,216,436.2,270.1,98.4,,12.05
12.05,enemy_proximity,Sheep,2,100,25,354,216,436.2,270.1,98.4,,12.05
12.14,item_collect,Sheep,2,100,25,339,216,431.2,270.1,106.9,clock,12.14
13.05,position,Sheep,2,100,25,267,156,376.2,270.0,157.9,,13.05
14.06,position,Sheep,2,100,25,297,114,353.6,220.2,120.4,,14.06
15.05,position,Sheep,2,100,25,264,126,306.2,194.4,80.4,,15.05
15.05,enemy_proximity,Sheep,2,100,25,264,126,306.2,194.4,80.4,,15.05
16.05,position,Sheep,2,100,25,216,168,280.3,147.4,67.5,,16.05
16.05,enemy_proximity,Sheep,2,100,25,216,168,280.3,147.4,67.5,,16.05
16.53,item_collect,Sheep,2,100,25,252,246,262.0,128.4,118.0,shield,16.53
17.05,position,Sheep,2,100,25,276,327,285.3,145.7,181.5,,17.05
18.04,position,Sheep,2,100,25,312,453,298.2,203.7,249.6,,18.04
19.04,position,Sheep,2,100,25,366,543,276.2,252.8,303.8,,19.04
20.04,position,Sheep,2,100,25,366,546,270.7,312.5,252.2,,20.04
21.03,position,Sheep,2,100,25,366,546,270.1,372.5,198.3,,21.03
22.09,position,Sheep,2,100,23.0,366,546,296.0,421.8,142.6,,22.09
23.09,position,Sheep,2,100,25.0,366,546,328.0,466.5,88.1,,23.09
23.09,enemy_proximity,Sheep,2,100,25.0,366,546,328.0,466.5,88.1,,23.09
24.09,position,Sheep,2,100,25.0,366,546,356.2,513.5,33.9,,24.09
24.09,enemy_proximity,Sheep,2,100,25.0,366,546,356.2,513.5,33.9,,24.09
24.2,damage,Sheep,2,75,25.0,366,546,357.2,520.4,27.0,,24.2
25.08,position,Sheep,2,75,25.0,366,546,357.2,520.4,27.0,,25.08
25.08,enemy_proximity,Sheep,2,75,25.0,366,546,357.2,520.4,27.0,,25.08
26.09,position,Sheep,2,75,25.0,366,546,357.2,520.4,27.0,,26.09
26.09,enemy_proximity,Sheep,2,75,25.0,366,546,357.2,520.4,27.0,,26.09
26.22,damage,Sheep,2,25,25.0,366,546,357.4,521.4,26.1,,26.22
27.08,position,Sheep,2,25,25.0,366,546,357.8,524.4,23.1,,27.08
27.08,enemy_proximity,Sheep,2,25,25.0,366,546,357.8,524.4,23.1,,27.08
28.07,position,Sheep,2,25,25.0,366,546,357.8,524.4,23.1,,28.07
28.07,enemy_proximity,Sheep,2,25,25.0,366,546,357.8,524.4,23.1,,28.07
28.2,damage,Sheep,2,-25,25.0,366,546,357.8,524.4,23.1,,28.2
28.2,game_over,Sheep,2,0,25.0,366,546,357.8,524.4,23.1,,28.2
1.06,position,Sheep,0,100,25,357,306,73.6,57.0,377.3,,1.06
2.04,position,Sheep,0,100,25,351,333,114.2,86.1,342.1,,2.04
2.07,item_collect,Sheep,0,100,25,357,339,114.5,88.0,349.0,heal,2.07
3.04,position,Sheep,0,100,25,318,426,119.3,145.7,343.5,,3.04
4.03,position,Sheep,0,100,25,354,486,143.8,194.7,359.2,,4.03
4.35,item_collect,Sheep,0,100,25,366,522,161.3,202.1,379.8,clock,4.35
5.04,position,Sheep,0,100,25,270,546,197.7,214.1,339.7,,5.04
6.04,position,Sheep,0,100,25,510,420,208.5,262.6,340.1,,6.04
7.04,position,Sheep,0,100,25,561,357,256.3,245.8,324.3,,7.04
7.7,item_collect,Sheep,0,100,25,546,309,266.9,284.0,280.2,shield,7.7
8.03,position,Sheep,0,100,25,564,297,284.4,292.9,279.6,,8.03
9.03,position,Sheep,0,100,25,633,267,344.0,299.1,290.8,,9.03
9.94,item_collect,Sheep,0,100,25,633,132,380.3,264.2,285.2,clock,9.94
10.02,position,Sheep,0,100,25,627,132,382.2,259.5,276.0,,10.02
11.02,position,Sheep,0,100,25,477,30,389.2,200.2,191.5,,11.02
12.02,position,Sheep,0,100,25,417,75,389.9,140.2,70.6,,12.02
12.02,enemy_proximity,Sheep,0,100,25,417,75,389.9,140.2,70.6,,12.02
13.02,position,Sheep,0,100,25,378,27,415.8,91.8,75.0,,13.02
13.02,enemy_proximity,Sheep,0,100,25,378,27,415.8,91.8,75.0,,13.02
14.01,position,Sheep,0,100,25,363,156,419.6,76.0,98.0,,14.01
14.01,enemy_proximity,Sheep,0,100,25,363,156,419.6,76.0,98.0,,14.01
15.0,position,Sheep,0,100,25,396,285,399.2,125.3,159.8,,15.0
16.0,position,Sheep,0,100,25,333,306,391.1,184.4,134.8,,16.0
17.0,position,Sheep,0,100,25,375,297,364.7,232.5,65.3,,17.0
17.0,enemy_proximity,Sheep,0,100,25,375,297,364.7,232.5,65.3,,17.0
17.48,damage,Sheep,0,75,25,390,273,366.4,258.5,27.7,,17.48
18.0,position,Sheep,0,75,25,390,273,366.4,258.5,27.7,,18.0
18.0,enemy_proximity,Sheep,0,75,25,390,273,366.4,258.5,27.7,,18.0
19.01,position,Sheep,0,75,25,390,273,366.4,258.5,27.7,,19.01
19.01,enemy_proximity,Sheep,0,75,25,390,273,366.4,258.5,27.7,,19.01
43.97,damage,Sheep,0,25,25,390,273,367.3,258.9,26.7,,43.97
44.47,position,Sheep,0,25,25,390,306,379.4,274.5,33.3,,44.47
44.47,enemy_proximity,Sheep,0,25,25,390,306,379.4,274.5,33.3,,44.47
45.47,position,Sheep,0,25,25,390,306,383.6,284.6,22.3,,45.47
45.47,enemy_proximity,Sheep,0,25,25,390,306,383.6,284.6,22.3,,45.47
45.96,damage,Sheep,0,-25,25,390,306,383.6,284.6,22.3,,45.96
45.96,game_over,Sheep,0,0,25,390,306,383.6,284.6,22.3,,45.96
1.06,position,Rabbit,0,200,75,390,270,73.6,57.0,381.4,,1.06
2.05,position,Rabbit,0,200,75,390,270,114.2,86.1,331.5,,2.05
3.04,position,Rabbit,0,200,75,390,270,156.3,116.3,279.7,,3.04
4.03,position,Rabbit,0,200,75,390,270,216.2,119.6,229.9,,4.03
5.02,position,Rabbit,0,200,75,390,270,267.2,136.4,181.5,,5.02
6.01,position,Rabbit,0,200,75,390,270,296.1,182.7,128.2,,6.01
7.0,position,Rabbit,0,200,75,390,270,343.6,207.3,78.0,,7.0
7.0,enemy_proximity,Rabbit,0,200,75,390,270,343.6,207.3,78.0,,7.0
7.98,damage,Rabbit,0,150,75,390,270,365.6,258.2,27.1,,7.98
8.0,position,Rabbit,0,150,75,390,270,366.5,258.6,26.1,,8.0
8.0,enemy_proximity,Rabbit,0,150,75,390,270,366.5,258.6,26.1,,8.0
9.01,position,Rabbit,0,150,75,390,270,374.6,262.5,17.1,,9.01
9.01,enemy_proximity,Rabbit,0,150,75,390,270,374.6,262.5,17.1,,9.01
10.0,damage,Rabbit,0,100,75,390,270,374.6,262.5,17.1,,10.0
10.01,position,Rabbit,0,100,75,390,270,374.6,262.5,17.1,,10.01
10.01,enemy_proximity,Rabbit,0,100,75,390,270,374.6,262.5,17.1,,10.01
11.01,position,Rabbit,0,100,75,390,270,374.6,262.5,17.1,,11.01
11.01,enemy_proximity,Rabbit,0,100,75,390,270,374.6,262.5,17.1,,11.01
11.99,damage,Rabbit,0,50,75,390,270,374.6,262.5,17.1,,11.99
12.01,position,Rabbit,0,50,75,390,270,374.6,262.5,17.1,,12.01
12.01,enemy_proximity,Rabbit,0,50,75,390,270,374.6,262.5,17.1,,12.01
13.0,position,Rabbit,0,50,75,390,270,374.6,262.5,17.1,,13.0
13.0,enemy_proximity,Rabbit,0,50,75,390,270,374.6,262.5,17.1,,13.0
13.99,damage,Rabbit,0,0,75,390,270,374.6,262.5,17.1,,13.99
13.99,game_over,Rabbit,0,0,75,390,270,374.6,262.5,17.1,,13.99
1.06,position,Rabbit,0,200,75,426,306,34.1,81.4,451.7,,1.06
2.06,position,Rabbit,0,200,75,426,387,36.8,137.6,462.3,,2.06
3.06,position,Rabbit,0,200,75,486,456,84.3,165.0,496.0,,3.06
4.05,position,Rabbit,0,200,75,576,414,137.8,185.0,494.5,,4.05
4.34,item_collect,Rabbit,0,200,75,612,363,148.2,197.1,492.6,shield,4.34
5.05,position,Rabbit,0,200,75,666,327,189.6,207.2,491.2,,5.05
6.06,position,Rabbit,0,200,75,675,267,237.4,235.3,438.8,,6.06
7.06,position,Rabbit,0,200,75,621,147,290.3,227.8,340.4,,7.06
7.21,item_collect,Rabbit,1,200,75,612,147,296.5,222.0,324.3,star,7.21
8.06,position,Rabbit,1,200,75,477,147,346.1,211.9,146.0,,8.06
9.05,position,Rabbit,1,200,75,543,117,395.0,189.3,164.7,,9.05
10.04,position,Rabbit,1,200,75,507,90,454.2,181.1,105.3,,10.04
10.72,item_collect,Rabbit,1,200,75,432,87,484.1,159.6,89.4,shield,10.72
11.04,position,Rabbit,1,200,75,417,117,497.6,148.5,86.5,,11.04
11.04,enemy_proximity,Rabbit,1,200,75,417,117,497.6,148.5,86.5,,11.04
12.04,position,Rabbit,1,200,75,405,126,474.3,169.5,81.9,,12.04
12.04,enemy_proximity,Rabbit,1,200,75,405,126,474.3,169.5,81.9,,12.04
12.27,item_collect,Rabbit,2,200,75,393,132,461.3,174.5,80.5,star,12.27
12.9,damage,Rabbit,2,175,75,399,177,423.6,178.6,24.6,,12.9
13.04,position,Rabbit,2,175,75,408,186,423.6,178.6,17.2,,13.04
13.04,enemy_proximity,Rabbit,2,175,75,408,186,423.6,178.6,17.2,,13.04
14.04,position,Rabbit,2,175,75,387,288,423.6,178.6,115.3,,14.04
15.04,position,Rabbit,2,175,75,387,273,415.6,178.9,98.3,,15.04
15.04,enemy_proximity,Rabbit,2,175,75,387,273,415.6,178.9,98.3,,15.04
16.03,position,Rabbit,2,176,75,387,273,392.3,225.7,47.6,,16.03
16.03,enemy_proximity,Rabbit,2,176,75,387,273,392.3,225.7,47.6,,16.03
16.37,damage,Rabbit,2,126,75,387,273,391.3,245.7,27.7,,16.37
17.03,position,Rabbit,2,126,75,387,273,390.8,254.7,18.7,,17.03
17.03,enemy_proximity,Rabbit,2,126,75,387,273,390.8,254.7,18.7,,17.03
18.02,position,Rabbit,2,126,75,387,273,390.8,254.7,18.7,,18.02
18.02,enemy_proximity,Rabbit,2,126,75,387,273,390.8,254.7,18.7,,18.02
18.36,damage,Rabbit,2,76,75,387,273,390.8,254.7,18.7,,18.36
19.01,position,Rabbit,2,76,75,387,273,390.8,254.7,18.7,,19.01
19.01,enemy_proximity,Rabbit,2,76,75,387,273,390.8,254.7,18.7,,19.01
20.01,position,Rabbit,2,76,75,387,273,390.8,254.7,18.7,,20.01
20.01,enemy_proximity,Rabbit,2,76,75,387,273,390.8,254.7,18.7,,20.01
20.34,damage,Rabbit,2,26,75,387,273,390.8,254.7,18.7,,20.34
21.0,position,Rabbit,2,26,75,387,273,390.8,254.7,18.7,,21.0
21.0,enemy_proximity,Rabbit,2,26,75,387,273,390.8,254.7,18.7,,21.0
22.04,position,Rabbit,2,26,70.8,387,273,390.8,254.7,18.7,,22.04
22.04,enemy_proximity,Rabbit,2,26,70.8,387,273,390.8,254.7,18.7,,22.04
22.37,damage,Rabbit,2,-24,72.8,387,273,390.8,254.7,18.7,,22.37
22.37,game_over,Rabbit,2,0,72.8,387,273,390.8,254.7,18.7,,22.37
1.07,position,Sheep,0,100,25,390,270,73.6,57.0,381.4,,1.07
2.07,position,Sheep,0,100,25,357,321,114.2,86.1,337.9,,2.07
3.08,position,Sheep,0,100,25,267,297,119.3,145.7,211.4,,3.08
4.07,position,Sheep,0,100,25,267,258,143.8,194.7,138.5,,4.07
5.06,position,Sheep,0,100,25,201,396,197.7,214.1,181.9,,5.06
5.33,item_collect,Sheep,0,100,25,183,402,203.3,229.0,174.2,trap,5.33
6.06,position,Sheep,0,100,25,180,534,208.5,272.6,263.0,,6.06
7.06,position,Sheep,0,100,25,318,546,209.8,332.6,239.3,,7.06
8.06,position,Sheep,0,100,25,282,546,194.0,382.8,185.4,,8.06
9.05,position,Sheep,0,100,25,231,546,181.7,441.1,115.9,,9.05
10.05,position,Sheep,0,100,25,231,546,180.2,501.1,67.8,,10.05
10.05,enemy_proximity,Sheep,0,100,25,231,546,180.2,501.1,67.8,,10.05
11.04,position,Sheep,0,100,25,297,546,207.8,534.1,90.0,,11.04
11.04,enemy_proximity,Sheep,0,100,25,297,546,207.8,534.1,90.0,,11.04
12.05,position,Sheep,0,100,25,366,489,231.5,537.6,143.0,,12.05
13.06,position,Sheep,0,100,20.6,366,477,255.4,539.0,126.8,,13.06
14.11,position,Sheep,0,100,25.0,366,477,286.6,539.7,101.1,,14.11
15.12,position,Sheep,0,100,25.0,366,477,345.5,538.2,64.5,,15.12
15.12,enemy_proximity,Sheep,0,100,25.0,366,477,345.5,538.2,64.5,,15.12
15.73,damage,Sheep,0,50,25.0,366,477,356.2,503.2,28.0,,15.73
16.11,position,Sheep,0,50,25.0,366,477,357.8,493.3,18.3,,16.11
16.11,enemy_proximity,Sheep,0,50,25.0,366,477,357.8,493.3,18.3,,16.11
17.11,position,Sheep,0,50,25.0,366,477,357.8,493.3,18.3,,17.11
17.11,enemy_proximity,Sheep,0,50,25.0,366,477,357.8,493.3,18.3,,17.11
17.73,damage,Sheep,0,0,25.0,366,477,357.8,493.3,18.3,,17.73
17.73,game_over,Sheep,0,0,25.0,366,477,357.8,493.3,18.3,,17.73
1.06,position,Sheep,0,100,25,390,270,73.6,57.0,381.4,,1.06
2.06,position,Sheep,0,100,25,390,270,114.2,86.1,331.5,,2.06
3.05,position,Sheep,0,100,25,390,270,156.3,116.3,279.7,,3.05
6.09,position,Sheep,0,100,25,390,270,216.2,119.6,229.9,,6.09
7.1,position,Sheep,0,100,25,426,306,267.2,136.4,232.4,,7.1
7.81,item_collect,Sheep,0,100,25,432,333,293.8,165.8,216.9,heal,7.81
8.09,position,Sheep,0,100,25,483,327,296.1,182.7,236.1,,8.09
9.09,position,Sheep,0,100,25,480,318,343.6,207.3,175.7,,9.09
9.12,item_collect,Sheep,0,100,25,480,312,345.1,208.3,170.2,trap,9.12
10.09,position,Sheep,0,100,25,540,237,372.1,244.5,168.1,,10.09
11.08,position,Sheep,0,100,25,576,219,423.0,259.0,158.2,,11.08
12.09,position,Sheep,0,100,25,549,153,481.8,268.7,133.8,,12.09
13.08,position,Sheep,0,100,25,564,153,519.9,240.3,97.8,,13.08
13.08,enemy_proximity,Sheep,0,100,25,564,153,519.9,240.3,97.8,,13.08
14.08,position,Sheep,0,100,25,507,111,531.1,240.1,131.4,,14.08
14.68,item_collect,Sheep,0,100,25,432,87,520.9,233.5,171.4,shield,14.68
15.07,position,Sheep,0,100,25,417,87,516.9,224.8,170.2,,15.07
16.06,position,Sheep,0,100,25,369,126,493.9,215.3,153.5,,16.06
16.06,item_collect,Sheep,0,100,25,369,126,493.9,215.3,153.5,wall,16.06
17.06,position,Sheep,0,100,25,264,27,466.8,186.6,258.1,,17.06
18.06,position,Sheep,0,100,25,177,27,407.3,180.6,276.9,,18.06
19.03,item_collect,Sheep,0,100,25,129,117,369.0,143.2,241.5,clock,19.03
19.04,position,Sheep,0,100,25,135,123,368.7,142.3,234.5,,19.04
20.05,position,Sheep,0,100,25,291,129,343.1,95.5,62.0,,20.05
20.05,enemy_proximity,Sheep,0,100,25,291,129,343.1,95.5,62.0,,20.05
21.04,position,Sheep,0,100,25,339,213,304.8,120.1,98.9,,21.04
21.04,enemy_proximity,Sheep,0,100,25,339,213,304.8,120.1,98.9,,21.04
21.33,item_collect,Sheep,2,100,25,372,213,302.3,136.9,103.1,star,21.33
22.04,position,Sheep,2,100,25,378,213,300.5,179.9,84.2,,22.04
22.04,enemy_proximity,Sheep,2,100,25,378,213,300.5,179.9,84.2,,22.04
23.03,position,Sheep,2,100,25,378,213,343.1,207.1,35.4,,23.03
23.03,enemy_proximity,Sheep,2,100,25,378,213,343.1,207.1,35.4,,23.03
23.17,damage,Sheep,2,75,25,378,213,351.1,207.7,27.4,,23.17
24.03,position,Sheep,2,75,25,378,213,351.1,207.7,27.4,,24.03
24.03,enemy_proximity,Sheep,2,75,25,378,213,351.1,207.7,27.4,,24.03
25.03,position,Sheep,2,75,25,378,213,351.1,207.7,27.4,,25.03
25.03,enemy_proximity,Sheep,2,75,25,378,213,351.1,207.7,27.4,,25.03
25.17,damage,Sheep,2,25,25,378,213,352.1,207.7,26.4,,25.17
26.02,position,Sheep,2,25,25,378,213,374.0,209.0,5.6,,26.02
26.02,enemy_proximity,Sheep,2,25,25,378,213,374.0,209.0,5.6,,26.02
27.01,position,Sheep,2,25,25,378,216,374.0,209.0,8.0,,27.01
27.01,enemy_proximity,Sheep,2,25,25,378,216,374.0,209.0,8.0,,27.01
27.17,damage,Sheep,2,-25,25,378,235.8,377.3,215.3,20.5,,27.17
27.17,game_over,Sheep,2,0,25,378,235.8,377.3,215.3,20.5,,27.17
1.03,position,Pig,0,250,50,372,270,73.6,57.0,366.6,,1.03
1.03,item_collect,Pig,0,250,50,372,270,73.6,57.0,366.6,shield,1.03
2.03,position,Pig,0,250,50,369,270,114.2,86.1,314.3,,2.03
3.03,position,Pig,0,250,50,384,270,156.3,116.3,274.7,,3.03
4.03,position,Pig,0,250,50,384,210,216.2,119.6,190.6,,4.03
5.03,position,Pig,0,250,50,333,207,267.2,136.4,96.6,,5.03
5.03,enemy_proximity,Pig,0,250,50,333,207,267.2,136.4,96.6,,5.03
6.03,position,Pig,0,250,50,384,261,296.1,182.7,117.7,,6.03
7.02,position,Pig,0,250,50,408,276,343.6,207.3,94.2,,7.02
7.02,enemy_proximity,Pig,0,250,50,408,276,343.6,207.3,94.2,,7.02
8.02,position,Pig,0,250,50,408,276,366.5,258.6,45.0,,8.02
8.02,enemy_proximity,Pig,0,250,50,408,276,366.5,258.6,45.0,,8.02
8.32,damage,Pig,0,225,50,408,276,383.5,264.0,27.3,,8.32
9.02,position,Pig,0,225,50,408,276,383.5,264.0,27.3,,9.02
9.02,enemy_proximity,Pig,0,225,50,408,276,383.5,264.0,27.3,,9.02
10.05,position,Pig,0,225,50.0,408,276,383.5,264.0,27.3,,10.05
10.05,enemy_proximity,Pig,0,225,50.0,408,276,383.5,264.0,27.3,,10.05
10.39,damage,Pig,0,175,50.0,408,276,384.4,264.2,26.4,,10.39
11.08,position,Pig,0,175,50.0,408,276,404.2,267.4,9.4,,11.08
11.08,enemy_proximity,Pig,0,175,50.0,408,276,404.2,267.4,9.4,,11.08
12.08,position,Pig,0,175,50.0,408,276,404.2,267.4,9.4,,12.08
12.08,enemy_proximity,Pig,0,175,50.0,408,276,404.2,267.4,9.4,,12.08
12.39,damage,Pig,0,125,50.0,408,276,404.2,267.4,9.4,,12.39
13.08,position,Pig,0,125,50.0,408,276,404.2,267.4,9.4,,13.08
13.08,enemy_proximity,Pig,0,125,50.0,408,276,404.2,267.4,9.4,,13.08
14.08,position,Pig,0,125,50.0,408,276,404.2,267.4,9.4,,14.08
14.08,enemy_proximity,Pig,0,125,50.0,408,276,404.2,267.4,9.4,,14.08
14.4,damage,Pig,0,75,50.0,408,276,404.2,267.4,9.4,,14.4
15.07,position,Pig,0,75,50.0,408,276,404.2,267.4,9.4,,15.07
15.07,enemy_proximity,Pig,0,75,50.0,408,276,404.2,267.4,9.4,,15.07
16.07,position,Pig,0,75,50.0,408,276,404.2,267.4,9.4,,16.07
16.07,enemy_proximity,Pig,0,75,50.0,408,276,404.2,267.4,9.4,,16.07
16.39,damage,Pig,0,25,50.0,408,276,404.2,267.4,9.4,,16.39
17.07,position,Pig,0,25,50.0,408,276,404.2,267.4,9.4,,17.07
17.07,enemy_proximity,Pig,0,25,50.0,408,276,404.2,267.4,9.4,,17.07
18.07,position,Pig,0,25,50.0,408,276,404.2,267.4,9.4,,18.07
18.07,enemy_proximity,Pig,0,25,50.0,408,276,404.2,267.4,9.4,,18.07
18.39,damage,Pig,0,-25,50.0,408,276,404.2,267.4,9.4,,18.39
18.39,game_over,Pig,0,0,50.0,408,276,404.2,267.4,9.4,,18.39
1.04,position,Sheep,0,100,25,390,270,73.6,57.0,381.4,,1.04
2.03,position,Sheep,0,100,25,390,270,114.2,86.1,331.5,,2.03
3.03,position,Sheep,0,100,25,390,270,156.3,116.3,279.7,,3.03
47.6,position,Sheep,0,100,25,390,270,216.2,119.6,229.9,,47.6
48.6,position,Sheep,0,100,21.5,390,270,267.2,136.4,181.5,,48.6
49.63,position,Sheep,0,100,24.5,390,270,296.1,182.7,128.2,,49.63
50.63,position,Sheep,0,100,25.0,390,270,343.6,207.3,78.0,,50.63
50.63,enemy_proximity,Sheep,0,100,25.0,390,270,343.6,207.3,78.0,,50.63
51.6,damage,Sheep,0,50,25.0,390,270,365.6,258.2,27.1,,51.6
51.61,position,Sheep,0,50,25.0,390,270,366.5,258.6,26.1,,51.61
51.61,enemy_proximity,Sheep,0,50,25.0,390,270,366.5,258.6,26.1,,51.61
52.61,position,Sheep,0,50,25.0,390,270,374.6,262.5,17.1,,52.61
52.61,enemy_proximity,Sheep,0,50,25.0,390,270,374.6,262.5,17.1,,52.61
53.58,damage,Sheep,0,0,25.0,390,270,374.6,262.5,17.1,,53.58
53.58,game_over,Sheep,0,0,25.0,390,270,374.6,262.5,17.1,,53.58
1.08,position,Pig,0,250,50,390,270,73.6,57.0,381.4,,1.08
2.08,position,Pig,0,250,50,390,270,114.2,86.1,331.5,,2.08
3.07,position,Pig,0,250,50,390,234,156.3,116.3,261.7,,3.07
4.07,position,Pig,0,250,50,381,306,202.8,139.2,244.1,,4.07
5.07,position,Pig,0,250,50,366,336,209.2,198.7,208.4,,5.07
5.67,item_collect,Pig,0,250,50,366,402,218.6,229.2,227.1,clock,5.67
6.06,position,Pig,0,250,50,330,426,213.7,252.7,208.7,,6.06
7.07,position,Pig,0,250,50,252,456,210.4,312.6,149.3,,7.07
8.06,position,Pig,0,250,50,276,546,210.0,372.6,185.5,,8.06
8.24,item_collect,Pig,1,250,50,249,546,202.0,378.7,173.8,star,8.24
9.06,position,Pig,1,250,50,222,546,183.5,420.8,131.0,,9.06
10.05,position,Pig,1,250,50,366,546,180.4,480.7,196.8,,10.05
11.05,position,Pig,1,250,50,393,477,188.2,489.9,205.2,,11.05
12.04,position,Pig,1,250,50,441,456,235.3,462.9,205.8,,12.04
13.1,position,Pig,1,250,50,486,525,293.8,451.6,205.8,,13.1
14.15,position,Pig,1,250,50,546,447,343.5,473.4,204.2,,14.15
15.2,position,Pig,1,250,50,576,357,403.1,479.2,211.7,,15.2
16.24,position,Pig,1,250,50,678,327,452.2,453.4,258.8,,16.24
17.29,position,Pig,1,250,50,705,267,477.5,406.5,266.8,,17.29
18.33,position,Pig,1,250,50,660,207,479.8,346.5,227.9,,18.33
19.3,item_collect,Pig,1,250,50,726,192,526.3,328.0,241.6,shield,19.3
19.4,position,Pig,1,250,50,726,210,528.9,322.6,227.0,,19.4
20.39,position,Pig,1,250,50,726,177,581.7,302.3,191.1,,20.39
21.39,position,Pig,1,250,44.5,627,177,628.7,274.0,97.0,,21.39
21.39,enemy_proximity,Pig,1,250,44.5,627,177,628.7,274.0,97.0,,21.39
21.93,item_collect,Pig,1,250,28.5,627.0,100.5,651.5,257.5,159.0,wall,21.93
22.39,position,Pig,1,250,14.5,577.5,28.5,656.9,230.2,216.8,,22.39
23.39,position,Pig,1,250,2.5,421.0,31.0,643.9,186.3,271.7,,23.39
24.39,position,Pig,1,250,8.5,385.0,124.0,601.0,153.9,218.1,,24.39
25.4,position,Pig,1,250,14.5,394.0,169.0,541.2,150.4,148.3,,25.4
26.12,item_collect,Pig,1,250,18.9,400.0,184.0,497.2,150.1,102.9,trap,26.12
26.38,position,Pig,1,250,20.5,448.0,184.0,488.3,161.0,46.4,,26.38
26.38,enemy_proximity,Pig,1,250,20.5,448.0,184.0,488.3,161.0,46.4,,26.38
27.38,position,Pig,1,250,26.5,388.0,202.0,432.9,178.2,50.8,,27.38
27.38,enemy_proximity,Pig,1,250,26.5,388.0,202.0,432.9,178.2,50.8,,27.38
28.38,position,Pig,1,250,32.5,370.0,247.0,399.5,188.9,65.1,,28.38
28.38,enemy_proximity,Pig,1,250,32.5,370.0,247.0,399.5,188.9,65.1,,28.38
29.37,position,Pig,1,250,38.5,355.0,313.0,380.3,201.3,114.5,,29.37
30.37,position,Pig,1,250,44.5,349.0,424.0,367.7,219.8,205.0,,30.37
31.36,position,Pig,1,250,50.0,295.0,454.0,361.6,263.7,201.7,,31.36
32.36,position,Pig,1,250,50.0,235.0,484.0,360.2,323.6,203.4,,32.36
32.68,item_collect,Pig,2,250,50.0,190.0,484.0,360.1,342.6,221.2,star,32.68
33.36,position,Pig,2,250,50.0,175.0,466.0,360.0,383.6,202.5,,33.36
33.37,item_collect,Pig,3,250,50.0,175.0,463.0,360.0,384.6,200.9,star,33.37
34.04,item_collect,Pig,4,250,50.0,163.0,385.0,342.0,413.2,181.2,star,34.04
34.35,position,Pig,4,250,50.0,121.0,385.0,323.3,416.2,204.7,,34.35
35.1,item_collect,Pig,4,250,50.0,130.0,325.0,288.6,396.8,174.1,heal,35.1
35.34,position,Pig,4,250,50.0,154.0,325.0,280.2,385.8,140.1,,35.34
35.77,item_collect,Pig,4,250,50.0,160.0,295.0,263.3,369.0,127.1,heal,35.77
36.33,position,Pig,4,250,50.0,214.0,283.0,230.2,362.4,81.0,,36.33
36.33,enemy_proximity,Pig,4,250,50.0,214.0,283.0,230.2,362.4,81.0,,36.33
37.34,position,Pig,4,250,50.0,214.0,103.0,211.6,310.4,207.4,,37.34
37.52,item_collect,Pig,4,250,50.0,214.0,70.0,211.2,299.4,229.4,shield,37.52
38.23,item_collect,Pig,5,250,50.0,280.0,25.0,210.2,256.4,241.7,star,38.23
38.33,position,Pig,5,250,50.0,298.0,25.0,210.2,250.4,241.9,,38.33
39.08,item_collect,Pig,5,250,50.0,304.0,70.0,210.0,205.4,164.8,trap,39.08
39.33,position,Pig,5,250,50.0,304.0,115.0,210.0,190.4,120.5,,39.33
40.33,position,Pig,5,250,50.0,304.0,244.0,210.0,198.4,104.5,,40.33
41.28,item_collect,Pig,5,250,50.0,340.0,214.0,236.1,226.9,104.7,wall,41.28
41.32,position,Pig,5,250,50.0,349.0,214.0,238.9,228.0,111.0,,41.32
42.12,item_collect,Pig,6,250,50.0,490.0,214.0,264.7,235.4,226.3,star,42.12
42.33,position,Pig,6,250,50.0,511.0,214.0,277.6,237.1,234.6,,42.33
43.34,position,Pig,6,250,50.0,511.0,274.0,294.2,223.0,222.7,,43.34
44.33,position,Pig,6,250,50.0,478.0,334.0,316.9,215.4,200.0,,44.33
45.34,position,Pig,6,250,50.0,478.0,409.0,340.7,212.4,239.8,,45.34
45.85,item_collect,Pig,7,250,50.0,490.0,418.0,353.5,236.0,227.5,star,45.85
46.33,position,Pig,7,250,50.0,544.0,424.0,357.7,264.6,245.1,,46.33
47.33,position,Pig,7,250,50.0,475.0,484.0,396.9,296.0,203.5,,47.33
48.32,position,Pig,7,250,50.0,454.0,544.0,417.7,347.2,200.1,,48.32
48.85,item_collect,Pig,8,250,50.0,415.0,523.0,419.2,379.2,143.9,star,48.85
49.31,position,Pig,8,250,50.0,415.0,475.0,419.7,407.2,68.0,,49.31
49.31,enemy_proximity,Pig,8,250,50.0,415.0,475.0,419.7,407.2,68.0,,49.31
50.3,position,Pig,8,250,50.0,475.0,544.0,420.0,467.2,94.5,,50.3
50.3,enemy_proximity,Pig,8,250,50.0,475.0,544.0,420.0,467.2,94.5,,50.3
51.3,position,Pig,8,250,50.0,481.0,382.0,450.5,454.4,78.6,,51.3
51.3,enemy_proximity,Pig,8,250,50.0,481.0,382.0,450.5,454.4,78.6,,51.3
51.6,item_collect,Pig,8,250,50.0,490.0,328.0,466.1,448.7,123.1,clock,51.6
52.3,position,Pig,8,250,50.0,652.0,268.0,477.2,408.7,224.4,,52.3
53.3,position,Pig,8,250,50.0,658.0,208.0,479.7,348.8,227.2,,53.3
54.29,position,Pig,8,250,50.0,625.0,106.0,528.3,325.1,239.5,,54.29
55.29,position,Pig,8,250,50.0,523.0,25.0,579.3,302.6,283.2,,55.29
56.29,position,Pig,8,250,50.0,451.0,94.0,594.4,251.7,213.2,,56.29
56.66,item_collect,Pig,9,250,50.0,415.0,100.0,580.1,237.2,214.6,star,56.66
57.29,position,Pig,9,250,50.0,361.0,124.0,542.9,239.0,215.2,,57.29
57.47,item_collect,Pig,10,250,50.0,355.0,103.0,531.9,239.3,223.3,star,57.47
58.29,position,Pig,10,250,50.0,325.0,94.0,490.5,207.2,200.5,,58.29
59.28,position,Pig,10,250,50.0,295.0,217.0,429.6,181.4,139.2,,59.28
60.28,position,Pig,10,250,50.0,205.0,274.0,368.8,205.0,177.7,,60.28
60.47,item_collect,Pig,11,250,50.0,190.0,304.0,354.5,206.8,191.1,star,60.47
61.28,position,Pig,11,250,50.0,145.0,307.0,306.9,224.7,181.6,,61.28
62.28,position,Pig,11,250,50.0,124.0,346.0,237.1,238.9,155.7,,62.28
62.81,item_collect,Pig,12,250,50.0,160.0,394.0,215.7,263.0,142.3,star,62.81
62.98,item_collect,Pig,13,250,50.0,190.0,394.0,213.8,274.9,121.5,star,62.98
63.28,position,Pig,13,250,50.0,214.0,394.0,211.8,296.4,97.7,,63.28
63.28,enemy_proximity,Pig,13,250,50.0,214.0,394.0,211.8,296.4,97.7,,63.28
64.27,position,Pig,13,250,50.0,175.0,532.0,210.1,368.3,167.4,,64.27
65.28,position,Pig,13,250,50.0,343.0,535.0,182.6,428.5,192.5,,65.28
66.27,position,Pig,13,250,50.0,385.0,475.0,210.8,476.3,174.2,,66.27
66.62,item_collect,Pig,13,250,50.0,424.0,490.0,235.8,478.6,188.5,clock,66.62
66.62,item_collect,Pig,14,250,50.0,424.0,490.0,235.8,478.6,188.5,star,66.62
67.27,position,Pig,14,250,50.0,424.0,424.0,272.2,460.1,156.0,,67.27
68.27,position,Pig,14,250,50.0,358.0,238.0,327.5,424.2,188.7,,68.27
69.26,position,Pig,14,250,50.0,394.0,157.0,358.1,369.4,215.4,,69.26
70.26,position,Pig,14,250,50.0,424.0,58.0,359.9,297.4,247.8,,70.26
70.56,item_collect,Pig,14,250,50.0,403.0,25.0,360.0,275.8,254.5,wall,70.56
71.26,position,Pig,14,250,50.0,277.0,25.0,360.0,237.4,228.0,,71.26
72.26,position,Pig,14,250,50.0,145.0,25.0,309.9,203.0,242.7,,72.26
73.26,position,Pig,14,250,50.0,115.0,115.0,279.2,145.3,167.0,,73.26
74.26,position,Pig,14,250,50.0,154.0,202.0,219.8,124.8,101.4,,74.26
75.26,position,Pig,14,250,50.0,256.0,244.0,210.7,195.8,66.2,,75.26
75.26,enemy_proximity,Pig,14,250,50.0,256.0,244.0,210.7,195.8,66.2,,75.26
76.25,position,Pig,14,250,50.0,304.0,226.0,251.3,236.6,53.8,,76.25
76.25,enemy_proximity,Pig,14,250,50.0,304.0,226.0,251.3,236.6,53.8,,76.25
76.6,damage,Pig,14,225,50.0,304.0,238.0,276.4,238.6,27.6,,76.6
77.25,position,Pig,14,225,50.0,361.0,214.0,276.4,238.6,88.1,,77.25
77.25,enemy_proximity,Pig,14,225,50.0,361.0,214.0,276.4,238.6,88.1,,77.25
78.26,position,Pig,14,225,50.0,361.0,280.0,276.4,238.6,94.2,,78.26
78.26,enemy_proximity,Pig,14,225,50.0,361.0,280.0,276.4,238.6,94.2,,78.26
79.25,position,Pig,14,225,50.0,391.0,298.0,274.7,264.4,121.0,,79.25
80.25,position,Pig,14,226,50.0,373.0,304.0,321.3,297.5,52.1,,80.25
80.25,enemy_proximity,Pig,14,226,50.0,373.0,304.0,321.3,297.5,52.1,,80.25
81.24,position,Pig,14,227,50.0,424.0,235.0,361.4,270.8,72.1,,81.24
81.24,enemy_proximity,Pig,14,227,50.0,424.0,235.0,361.4,270.8,72.1,,81.24
81.5,damage,Pig,14,177,50.0,382.0,235.0,361.7,252.4,26.7,,81.5
82.23,position,Pig,14,177,50.0,376.0,235.0,374.9,246.6,11.7,,82.23
82.23,enemy_proximity,Pig,14,177,50.0,376.0,235.0,374.9,246.6,11.7,,82.23
83.24,position,Pig,14,177,50.0,394.0,163.0,386.2,210.2,47.9,,83.24
83.24,enemy_proximity,Pig,14,177,50.0,394.0,163.0,386.2,210.2,47.9,,83.24
83.75,item_collect,Pig,14,177,50.0,373.0,115.0,389.1,173.2,60.4,wall,83.75
83.92,item_collect,Pig,15,177,50.0,343.0,85.0,387.3,162.6,89.3,star,83.92
84.24,position,Pig,15,177,50.0,334.0,28.0,384.0,161.1,142.2,,84.24
85.24,position,Pig,15,178,50.0,196.0,25.0,363.6,121.6,193.4,,85.24
86.23,position,Pig,15,179,50.0,115.0,64.0,311.7,88.5,198.2,,86.23
87.23,position,Pig,15,180,50.0,124.0,172.0,300.7,73.1,202.5,,87.23
88.24,position,Pig,15,181,50.0,163.0,214.0,261.9,116.5,138.8,,88.24
89.23,position,Pig,15,182,50.0,205.0,292.0,214.3,151.3,141.0,,89.23
89.96,item_collect,Pig,15,203,50.0,145.0,283.0,210.6,203.9,102.8,heal,89.96
90.22,position,Pig,15,203,50.0,145.0,265.0,210.3,223.1,77.6,,90.22
90.22,enemy_proximity,Pig,15,203,50.0,145.0,265.0,210.3,223.1,77.6,,90.22
91.22,position,Pig,15,204,50.0,112.0,334.0,200.5,289.3,99.1,,91.22
91.22,enemy_proximity,Pig,15,204,50.0,112.0,334.0,200.5,289.3,99.1,,91.22
92.22,position,Pig,15,205,50.0,166.0,394.0,142.1,320.6,77.2,,92.22
92.22,enemy_proximity,Pig,15,205,50.0,166.0,394.0,142.1,320.6,77.2,,92.22
93.23,position,Pig,15,206,50.0,178.0,466.0,131.4,379.6,98.1,,93.23
93.23,enemy_proximity,Pig,15,206,50.0,178.0,466.0,131.4,379.6,98.1,,93.23
93.95,item_collect,Pig,15,227,50.0,163.0,445.0,172.4,404.3,41.8,heal,93.95
94.22,position,Pig,15,227,50.0,115.0,445.0,175.5,423.2,64.3,,94.22
94.22,enemy_proximity,Pig,15,227,50.0,115.0,445.0,175.5,423.2,64.3,,94.22
95.21,position,Pig,15,228,50.0,163.0,385.0,119.9,448.4,76.7,,95.21
95.21,enemy_proximity,Pig,15,228,50.0,163.0,385.0,119.9,448.4,76.7,,95.21
95.85,item_collect,Pig,15,229,50.0,250.0,355.0,165.4,447.6,125.4,shield,95.85
96.2,position,Pig,15,229,50.0,274.0,355.0,174.3,424.3,121.5,,96.2
97.21,position,Pig,15,230,50.0,223.0,232.0,205.3,366.0,135.1,,97.21
97.67,item_collect,Pig,16,231,50.0,205.0,163.0,208.7,332.6,169.6,star,97.67
98.2,position,Pig,16,231,50.0,244.0,112.0,209.7,294.2,185.4,,98.2
99.19,position,Pig,16,232,50.0,304.0,193.0,239.6,244.7,82.6,,99.19
99.19,enemy_proximity,Pig,16,232,50.0,304.0,193.0,239.6,244.7,82.6,,99.19
100.19,position,Pig,16,233,50.0,382.0,274.0,300.2,221.0,97.5,,100.19
100.19,enemy_proximity,Pig,16,233,50.0,382.0,274.0,300.2,221.0,97.5,,100.19
100.7,item_collect,Pig,17,234,50.0,349.0,310.0,336.2,213.0,97.9,star,100.7
101.18,position,Pig,17,234,50.0,364.0,337.0,353.7,236.3,101.2,,101.18
102.18,position,Pig,17,235,50.0,301.0,454.0,359.5,308.0,157.3,,102.18
102.94,item_collect,Pig,18,236,50.0,235.0,460.0,359.9,363.2,158.1,star,102.94
103.18,position,Pig,18,236,50.0,235.0,484.0,360.0,380.0,162.6,,103.18
104.17,position,Pig,18,237,50.0,175.0,415.0,315.4,417.6,140.4,,104.17
105.17,position,Pig,18,238,50.0,124.0,367.0,256.9,447.8,155.5,,105.17
106.17,position,Pig,18,239,50.0,41.8,325.0,198.1,477.7,218.5,,106.17
107.17,position,Pig,18,229,50.0,26.2,299.8,181.0,413.0,191.8,,107.17
108.17,position,Pig,18,229,50.0,62.2,235.0,128.2,379.6,158.9,,108.17
109.17,position,Pig,18,230,50.0,95.2,160.0,98.3,321.3,161.3,,109.17
110.18,position,Pig,18,220,50.0,139.0,178.0,90.5,250.1,86.9,,110.18
110.18,enemy_proximity,Pig,18,220,50.0,139.0,178.0,90.5,250.1,86.9,,110.18
111.17,position,Pig,18,220,50.0,157.0,214.0,104.2,187.2,59.2,,111.17
111.17,enemy_proximity,Pig,18,220,50.0,157.0,214.0,104.2,187.2,59.2,,111.17
112.17,position,Pig,18,221,50.0,247.0,244.0,166.6,204.1,89.7,,112.17
112.17,enemy_proximity,Pig,18,221,50.0,247.0,244.0,166.6,204.1,89.7,,112.17
113.17,position,Pig,18,222,50.0,274.0,319.0,226.0,233.8,97.8,,113.17
113.17,enemy_proximity,Pig,18,222,50.0,274.0,319.0,226.0,233.8,97.8,,113.17
114.16,position,Pig,18,212,50.0,274.0,397.0,266.5,278.9,118.3,,114.16
115.16,position,Pig,18,212,50.0,307.0,430.0,269.8,350.8,87.5,,115.16
115.16,enemy_proximity,Pig,18,212,50.0,307.0,430.0,269.8,350.8,87.5,,115.16
116.15,position,Pig,18,213,50.0,343.0,487.0,294.8,411.8,89.4,,116.15
116.15,enemy_proximity,Pig,18,213,50.0,343.0,487.0,294.8,411.8,89.4,,116.15
117.15,position,Pig,18,214,38.2,427.0,439.0,330.0,467.2,101.0,,117.15
118.14,position,Pig,18,215,44.2,412.0,259.0,346.1,423.1,176.8,,118.14
119.13,position,Pig,18,216,50.0,394.0,208.0,359.1,353.0,149.2,,119.13
120.13,position,Pig,18,217,50.0,427.0,118.0,360.0,281.1,176.3,,120.13
120.26,item_collect,Pig,19,218,50.0,427.0,100.0,360.0,271.5,184.1,star,120.26
121.13,position,Pig,19,218,50.0,496.0,97.0,373.1,217.6,172.1,,121.13
122.13,position,Pig,19,219,50.0,586.0,157.0,428.0,182.9,160.1,,122.13
123.13,position,Pig,19,220,50.0,637.0,100.0,488.2,158.0,159.7,,123.13
124.05,item_collect,Pig,19,241,50.0,727.0,100.0,553.5,150.7,180.8,heal,124.05
124.13,position,Pig,19,241,50.0,727.0,85.0,559.5,150.6,179.9,,124.13
125.13,position,Pig,19,242,50.0,721.0,124.0,622.3,135.1,99.3,,125.13
125.13,enemy_proximity,Pig,19,242,50.0,721.0,124.0,622.3,135.1,99.3,,125.13
125.45,damage,Pig,19,193,50.0,670.0,127.0,642.6,126.2,27.4,,125.45
126.12,position,Pig,19,193,50.0,628.0,88.0,641.1,118.2,33.0,,126.12
126.12,enemy_proximity,Pig,19,193,50.0,628.0,88.0,641.1,118.2,33.0,,126.12
127.12,position,Pig,19,193,50.0,535.0,28.0,630.7,47.6,97.7,,127.12
127.12,enemy_proximity,Pig,19,193,50.0,535.0,28.0,630.7,47.6,97.7,,127.12
128.11,position,Pig,19,193,50.0,460.0,97.0,564.2,31.0,123.3,,128.11
129.1,position,Pig,19,194,50.0,418.0,127.0,492.9,31.2,121.7,,129.1
130.1,position,Pig,19,195,50.0,397.0,181.0,457.8,84.5,114.0,,130.1
130.5,item_collect,Pig,20,196,50.0,397.0,253.0,431.5,91.5,165.2,star,130.5
131.1,position,Pig,20,196,50.0,358.0,271.0,399.3,124.8,152.0,,131.1
131.8,item_collect,Pig,21,197,50.0,358.0,370.0,391.1,182.6,190.3,star,131.8
132.1,position,Pig,21,197,50.0,358.0,424.0,379.3,200.7,224.3,,132.1
133.09,position,Pig,21,198,50.0,319.0,457.0,360.9,279.2,182.7,,133.09
134.09,position,Pig,21,199,50.0,367.0,499.0,360.0,363.2,136.0,,134.09
135.08,position,Pig,21,200,50.0,427.0,478.0,408.5,398.1,82.0,,135.08
135.08,enemy_proximity,Pig,21,200,50.0,427.0,478.0,408.5,398.1,82.0,,135.08
136.08,position,Pig,21,201,50.0,481.0,544.0,419.4,480.8,88.3,,136.08
136.08,enemy_proximity,Pig,21,201,50.0,481.0,544.0,419.4,480.8,88.3,,136.08
137.08,position,Pig,21,202,50.0,487.0,487.0,458.2,536.1,57.0,,137.08
137.08,enemy_proximity,Pig,21,202,50.0,487.0,487.0,458.2,536.1,57.0,,137.08
138.08,position,Pig,21,203,50.0,487.0,307.0,479.3,462.7,155.9,,138.08
139.08,position,Pig,21,204,50.0,397.0,271.0,480.0,378.7,136.0,,139.08
140.08,position,Pig,21,205,50.0,385.0,271.0,432.9,331.8,77.5,,140.08
140.08,enemy_proximity,Pig,21,205,50.0,385.0,271.0,432.9,331.8,77.5,,140.08
162.3,damage,Pig,21,156,50.0,385.0,271.0,399.4,294.7,27.7,,162.3
162.65,position,Pig,21,156,50.0,385.0,271.0,394.9,282.9,15.5,,162.65
162.65,enemy_proximity,Pig,21,156,50.0,385.0,271.0,394.9,282.9,15.5,,162.65
163.65,position,Pig,21,156,50.0,385.0,271.0,394.9,282.9,15.5,,163.65
163.65,enemy_proximity,Pig,21,156,50.0,385.0,271.0,394.9,282.9,15.5,,163.65
164.3,damage,Pig,21,106,50.0,385.0,271.0,394.9,282.9,15.5,,164.3
164.65,position,Pig,21,106,50.0,385.0,271.0,394.9,282.9,15.5,,164.65
164.65,enemy_proximity,Pig,21,106,50.0,385.0,271.0,394.9,282.9,15.5,,164.65
165.65,position,Pig,21,106,50.0,385.0,271.0,394.9,282.9,15.5,,165.65
165.65,enemy_proximity,Pig,21,106,50.0,385.0,271.0,394.9,282.9,15.5,,165.65
166.29,damage,Pig,21,56,50.0,385.0,271.0,394.9,282.9,15.5,,166.29
166.64,position,Pig,21,56,50.0,385.0,271.0,394.9,282.9,15.5,,166.64
166.64,enemy_proximity,Pig,21,56,50.0,385.0,271.0,394.9,282.9,15.5,,166.64
167.64,position,Pig,21,56,50.0,385.0,271.0,394.9,282.9,15.5,,167.64
167.64,enemy_proximity,Pig,21,56,50.0,385.0,271.0,394.9,282.9,15.5,,167.64
168.28,damage,Pig,21,6,50.0,385.0,271.0,394.9,282.9,15.5,,168.28
168.63,position,Pig,21,6,50.0,385.0,271.0,394.9,282.9,15.5,,168.63
168.63,enemy_proximity,Pig,21,6,50.0,385.0,271.0,394.9,282.9,15.5,,168.63
169.63,position,Pig,21,6,50.0,385.0,271.0,394.9,282.9,15.5,,169.63
169.63,enemy_proximity,Pig,21,6,50.0,385.0,271.0,394.9,282.9,15.5,,169.63
170.28,damage,Pig,21,-44,50.0,385.0,271.0,394.9,282.9,15.5,,170.28
170.28,game_over,Pig,21,0,50.0,385.0,271.0,394.9,282.9,15.5,,170.28
